Transaction_ID,Date,Customer_ID,Product_Category,Product_Name,Quantity,Unit_Price,Total_Amount,Payment_Method,Year,Month,Month_Name,Revenue,Name,Age,Gender,Location,Total_Spent
f3daa723,2024-01-01 00:00:00,0583d6,Clothing,Sofa,4,412,1648,Credit Card,2024,1,January,1648,Kevin Hanna,22,Female,Los Angeles,4179
9e5061b5,2024-01-01 01:00:00,4c0f1b,Home Decor,Novel,3,201,603,Cash,2024,1,January,603,Marisa Sullivan,60,Other,Los Angeles,1683
a5da9276,2024-01-01 02:00:00,00b49a,Home Decor,T-Shirt,1,480,480,Credit Card,2024,1,January,480,Shawn Gonzales,45,Female,Houston,358
b72e138c,2024-01-01 03:00:00,e093b6,Books,Laptop,2,16,32,Credit Card,2024,1,January,32,Charles Mejia,68,Male,New York,1541
c6010e46,2024-01-01 04:00:00,7c817c,Home Decor,Laptop,4,342,1368,Debit Card,2024,1,January,1368,Kimberly Francis,43,Female,Los Angeles,2911
5900ce5a,2024-01-01 05:00:00,aaeb81,Books,T-Shirt,2,292,584,Credit Card,2024,1,January,584,Jenna Carroll,26,Female,Chicago,3106
ae1911cf,2024-01-01 06:00:00,b1a4f4,Beauty,T-Shirt,3,52,156,Credit Card,2024,1,January,156,Angela Gomez,66,Other,Chicago,745
19900f1a,2024-01-01 07:00:00,4ddebc,Books,Laptop,3,123,369,Cash,2024,1,January,369,Frank Krueger,21,Male,Chicago,4482
6bb7a05a,2024-01-01 08:00:00,8215fb,Clothing,Lipstick,1,180,180,Credit Card,2024,1,January,180,Amanda Mitchell,39,Other,Houston,2082
b2a82b7f,2024-01-01 09:00:00,deb177,Books,Lipstick,2,287,574,Debit Card,2024,1,January,574,Christopher Austin,36,Male,Chicago,3357
c45eb978,2024-01-01 10:00:00,59fe4a,Clothing,Novel,2,197,394,Credit Card,2024,1,January,394,Cynthia Guzman,26,Other,New York,4606
0076ef3c,2024-01-01 11:00:00,f59c2a,Electronics,T-Shirt,2,482,964,UPI,2024,1,January,964,John Miller,28,Other,New York,4512
6205c188,2024-01-01 12:00:00,f415cd,Beauty,Laptop,1,346,346,UPI,2024,1,January,346,Tiffany Robinson,68,Female,New York,526
6e773218,2024-01-01 13:00:00,0a16fe,Beauty,Novel,3,218,654,Cash,2024,1,January,654,Kristen Phillips,68,Male,Los Angeles,2852
933a61f0,2024-01-01 14:00:00,f59c2a,Books,T-Shirt,2,189,378,Cash,2024,1,January,378,John Miller,28,Other,New York,4512
75890618,2024-01-01 15:00:00,c5940a,Home Decor,Novel,2,196,392,UPI,2024,1,January,392,Robin Ford,53,Male,New York,654
78d65353,2024-01-01 16:00:00,0ae342,Electronics,Laptop,4,426,1704,UPI,2024,1,January,1704,Maureen Smith,30,Male,Los Angeles,3066
90f561c3,2024-01-01 17:00:00,c984e3,Books,Laptop,3,220,660,Cash,2024,1,January,660,Joe Stanley,18,Other,New York,941
d828521a,2024-01-01 18:00:00,197942,Beauty,T-Shirt,1,270,270,UPI,2024,1,January,270,Courtney Padilla,27,Male,Miami,4384
659a53a0,2024-01-01 19:00:00,e15d65,Beauty,T-Shirt,4,82,328,Cash,2024,1,January,328,Joseph Rosales,27,Male,New York,657
04529cab,2024-01-01 20:00:00,2a6646,Clothing,Lipstick,1,458,458,UPI,2024,1,January,458,Joshua Donovan,41,Female,New York,3744
3ea17ba9,2024-01-01 21:00:00,96ff57,Clothing,Novel,1,138,138,Credit Card,2024,1,January,138,Charles Ruiz,43,Male,Chicago,3216
feb0d563,2024-01-01 22:00:00,38d9b9,Home Decor,Novel,2,74,148,Credit Card,2024,1,January,148,Cheryl Russell,36,Male,Chicago,661
1492892c,2024-01-01 23:00:00,9a1148,Beauty,Sofa,2,286,572,UPI,2024,1,January,572,Mark Hoffman,41,Female,Miami,2738
9f076e2d,2024-01-02 00:00:00,5d31de,Beauty,Novel,2,338,676,Cash,2024,1,January,676,Cynthia Campbell,55,Male,Los Angeles,770
6abe1d71,2024-01-02 01:00:00,780364,Electronics,Lipstick,3,77,231,Cash,2024,1,January,231,Oscar Walton,69,Female,New York,4113
bc397061,2024-01-02 02:00:00,4700d8,Clothing,Novel,4,188,752,Cash,2024,1,January,752,Pamela Underwood,45,Female,Chicago,1182
a7bb4386,2024-01-02 03:00:00,cb2083,Clothing,Novel,4,99,396,Debit Card,2024,1,January,396,Samuel Wang,44,Female,Chicago,3441
dd67e4c1,2024-01-02 04:00:00,d5fa58,Books,Sofa,1,337,337,Credit Card,2024,1,January,337,Chelsea Foster,63,Female,Los Angeles,932
1c63202d,2024-01-02 05:00:00,7c9826,Electronics,Novel,2,482,964,Debit Card,2024,1,January,964,Andrew Rogers,35,Other,New York,2240
19f900bd,2024-01-02 06:00:00,a82434,Books,Lipstick,3,444,1332,Debit Card,2024,1,January,1332,Clifford Smith,23,Male,New York,1704
2e1699ad,2024-01-02 07:00:00,446290,Home Decor,Laptop,4,389,1556,Credit Card,2024,1,January,1556,Terry Smith,20,Male,Miami,3896
d4cebf27,2024-01-02 08:00:00,85ae39,Beauty,Lipstick,2,273,546,Debit Card,2024,1,January,546,Rebecca Hughes,54,Other,Houston,129
77e331a9,2024-01-02 09:00:00,e0053e,Electronics,T-Shirt,3,251,753,Debit Card,2024,1,January,753,Martin Davis,63,Male,New York,2249
4fd96fe7,2024-01-02 10:00:00,7b91fc,Home Decor,Laptop,4,219,876,Cash,2024,1,January,876,Todd Woodard,65,Other,Chicago,2439
96f60e16,2024-01-02 11:00:00,55721d,Books,Lipstick,2,211,422,Credit Card,2024,1,January,422,Tammy Silva,30,Male,Los Angeles,1320
b916ec42,2024-01-02 12:00:00,5f7b2e,Beauty,T-Shirt,2,493,986,Cash,2024,1,January,986,Christopher Nichols,49,Other,Los Angeles,838
7eae6f84,2024-01-02 13:00:00,e3dbd3,Books,Laptop,2,394,788,Cash,2024,1,January,788,Brian Davis,68,Male,New York,2042
10ac4675,2024-01-02 14:00:00,6d82aa,Electronics,Laptop,3,273,819,Cash,2024,1,January,819,Jose Martin,67,Other,Chicago,1753
b26c42b8,2024-01-02 15:00:00,c768fe,Beauty,Novel,4,30,120,UPI,2024,1,January,120,Heather Jordan,52,Female,Chicago,3176
a2046203,2024-01-02 16:00:00,c768fe,Beauty,Sofa,2,335,670,UPI,2024,1,January,670,Heather Jordan,52,Female,Chicago,3176
55a2605f,2024-01-02 17:00:00,54fab6,Home Decor,Novel,1,292,292,Credit Card,2024,1,January,292,Kristopher Jackson,59,Male,Chicago,1901
9df483f8,2024-01-02 18:00:00,cef8e5,Clothing,Novel,2,14,28,Cash,2024,1,January,28,Eric Wright,57,Male,Chicago,130
388cb79b,2024-01-02 19:00:00,ae70df,Clothing,Novel,1,57,57,Debit Card,2024,1,January,57,Ashley Smith,32,Other,New York,1126
5f8df828,2024-01-02 20:00:00,83e133,Beauty,Sofa,1,408,408,Debit Card,2024,1,January,408,Theresa Matthews,45,Female,Houston,987
de561a83,2024-01-02 21:00:00,bfb7c7,Electronics,Sofa,1,307,307,Debit Card,2024,1,January,307,Annette Hoffman,54,Female,Houston,3527
505dade2,2024-01-02 22:00:00,aaf3d9,Beauty,Novel,1,195,195,Credit Card,2024,1,January,195,Austin Jones,23,Female,Miami,3030
a2aee816,2024-01-02 23:00:00,346072,Electronics,Novel,4,458,1832,UPI,2024,1,January,1832,Daniel Johnson,36,Male,Houston,1470
4ab11ada,2024-01-03 00:00:00,7f03a0,Electronics,Novel,3,120,360,Cash,2024,1,January,360,Ronald Simpson,44,Other,Houston,4258
bad9b96f,2024-01-03 01:00:00,db7a6a,Clothing,Sofa,3,458,1374,Credit Card,2024,1,January,1374,Michael Parsons,20,Other,New York,1907
d60fda39,2024-01-03 02:00:00,e5c33e,Electronics,Novel,3,302,906,Cash,2024,1,January,906,Sherry Haynes,18,Male,Chicago,2072
b7dc1044,2024-01-03 03:00:00,e948d6,Clothing,Sofa,1,186,186,Credit Card,2024,1,January,186,Andrew Schaefer,67,Male,Chicago,4292
24af83ad,2024-01-03 04:00:00,292f84,Home Decor,Novel,1,452,452,Credit Card,2024,1,January,452,Peggy Martin,19,Other,Chicago,1083
599bf69d,2024-01-03 05:00:00,da21ea,Beauty,Laptop,1,56,56,Debit Card,2024,1,January,56,Bruce Hughes,69,Female,Houston,4390
7e6ad6df,2024-01-03 06:00:00,83722d,Books,Laptop,1,16,16,Credit Card,2024,1,January,16,William Frazier,36,Male,Miami,4245
e18625cb,2024-01-03 07:00:00,206687,Home Decor,Novel,4,174,696,UPI,2024,1,January,696,Jacob Mcmillan,69,Other,Chicago,2769
d08a9ecd,2024-01-03 08:00:00,a3633d,Books,Sofa,4,202,808,Credit Card,2024,1,January,808,Tina Horne,30,Other,Miami,3484
13fa7288,2024-01-03 09:00:00,02d9ab,Home Decor,Lipstick,1,63,63,Credit Card,2024,1,January,63,Debbie Ramirez,56,Male,Miami,1244
da43174f,2024-01-03 10:00:00,d9e3eb,Electronics,Lipstick,2,96,192,Credit Card,2024,1,January,192,Stanley Harrell,46,Other,Miami,2772
972b88a2,2024-01-03 11:00:00,48d760,Beauty,Sofa,4,34,136,Cash,2024,1,January,136,Mary Stewart,39,Male,Miami,2804
ecbff613,2024-01-03 12:00:00,a96e72,Home Decor,Novel,4,185,740,Cash,2024,1,January,740,Christina Jacobs,57,Male,Houston,4283
96a237c9,2024-01-03 13:00:00,5c69ae,Clothing,T-Shirt,1,366,366,Debit Card,2024,1,January,366,Melanie Sherman,22,Male,Chicago,4313
92a85262,2024-01-03 14:00:00,b9e5a6,Clothing,Lipstick,4,122,488,Debit Card,2024,1,January,488,Heather Levy,67,Other,Chicago,4712
ecbd95b1,2024-01-03 15:00:00,e69c2c,Electronics,Sofa,1,286,286,Cash,2024,1,January,286,Stacie Potter,62,Female,Miami,3020
48ca3b23,2024-01-03 16:00:00,5503aa,Home Decor,Sofa,2,224,448,Credit Card,2024,1,January,448,Todd Suarez,65,Female,New York,3634
f979ef13,2024-01-03 17:00:00,fb048f,Books,Laptop,4,322,1288,Credit Card,2024,1,January,1288,Annette Hernandez,58,Male,New York,483
c6a8a08b,2024-01-03 18:00:00,6adf7d,Books,Laptop,2,104,208,Debit Card,2024,1,January,208,Nancy Cruz,22,Male,New York,4719
bf1c56e0,2024-01-03 19:00:00,60ea12,Electronics,Sofa,1,323,323,UPI,2024,1,January,323,Michaela Collins,32,Other,New York,2575
57854643,2024-01-03 20:00:00,a40a26,Books,T-Shirt,3,196,588,Debit Card,2024,1,January,588,Jamie Simmons,32,Other,Houston,4023
344ed16f,2024-01-03 21:00:00,15ba0d,Home Decor,Sofa,1,101,101,UPI,2024,1,January,101,Lacey Smith,69,Male,Chicago,4457
5cb386ef,2024-01-03 22:00:00,c55e03,Beauty,Novel,1,478,478,Cash,2024,1,January,478,Jennifer Bond,56,Other,Houston,4531
4925075d,2024-01-03 23:00:00,43f946,Clothing,Sofa,4,124,496,Cash,2024,1,January,496,Rachel Webster,60,Other,Chicago,3278
daee8050,2024-01-04 00:00:00,c2c497,Clothing,T-Shirt,1,458,458,Cash,2024,1,January,458,Michael Walker,47,Female,New York,4958
833a4f82,2024-01-04 01:00:00,4f27cc,Home Decor,Lipstick,1,391,391,Cash,2024,1,January,391,Michael Walker,47,Other,New York,2676
549c18d6,2024-01-04 02:00:00,90bf99,Electronics,Novel,1,311,311,UPI,2024,1,January,311,Michael Reid,46,Female,Chicago,3166
74fcf894,2024-01-04 03:00:00,3f4a3e,Clothing,Lipstick,2,50,100,Debit Card,2024,1,January,100,Shelly Moore,26,Male,Miami,3461
0139dbc9,2024-01-04 04:00:00,11027e,Home Decor,Laptop,4,443,1772,Cash,2024,1,January,1772,Stephanie James,31,Female,Miami,4520
07a80ffd,2024-01-04 05:00:00,8c6e13,Beauty,Novel,4,346,1384,Credit Card,2024,1,January,1384,Pamela Carrillo,22,Other,New York,908
a8dab266,2024-01-04 06:00:00,2abf6e,Home Decor,T-Shirt,4,486,1944,UPI,2024,1,January,1944,Brittany Chen,18,Female,Chicago,1139
be8a68b0,2024-01-04 07:00:00,9d3f4b,Clothing,Sofa,1,172,172,Cash,2024,1,January,172,Jeremy Jackson,64,Male,Miami,3446
ba254a85,2024-01-04 08:00:00,f415cd,Electronics,Novel,4,242,968,Debit Card,2024,1,January,968,Tiffany Robinson,68,Female,New York,526
4f40567a,2024-01-04 09:00:00,3230b4,Beauty,Lipstick,3,42,126,Debit Card,2024,1,January,126,Stefanie Wallace,65,Male,Los Angeles,4369
c504a762,2024-01-04 10:00:00,cf0070,Clothing,Sofa,4,279,1116,Cash,2024,1,January,1116,Amy Anderson,63,Other,New York,3695
9b26c273,2024-01-04 11:00:00,780364,Books,T-Shirt,4,423,1692,Cash,2024,1,January,1692,Oscar Walton,69,Female,New York,4113
5ee12434,2024-01-04 12:00:00,ff2f04,Beauty,Laptop,2,384,768,UPI,2024,1,January,768,Jessica Harding,45,Female,New York,1853
f0e8019c,2024-01-04 13:00:00,dd1d33,Beauty,Novel,3,309,927,Cash,2024,1,January,927,Christopher Sharp,64,Male,Houston,3204
057d94ee,2024-01-04 14:00:00,4f27cc,Clothing,T-Shirt,4,333,1332,Credit Card,2024,1,January,1332,Michael Walker,47,Other,New York,2676
d9d12227,2024-01-04 15:00:00,6bdb4a,Electronics,Lipstick,1,29,29,Credit Card,2024,1,January,29,Sandra Mckenzie,45,Other,Los Angeles,2921
0a1c373e,2024-01-04 16:00:00,65f7e4,Clothing,Lipstick,1,256,256,Debit Card,2024,1,January,256,Elizabeth Nielsen,39,Female,Los Angeles,1806
9146de80,2024-01-04 17:00:00,3e520e,Home Decor,Novel,3,84,252,Credit Card,2024,1,January,252,Nathan Rodriguez,25,Male,Houston,248
ca5b3be2,2024-01-04 18:00:00,917c1b,Electronics,Laptop,3,200,600,Credit Card,2024,1,January,600,Gabrielle Pierce,32,Female,New York,3396
835cf300,2024-01-04 19:00:00,4a8434,Beauty,Sofa,3,428,1284,Cash,2024,1,January,1284,Stacey Rodriguez PhD,22,Other,Houston,3787
96083f88,2024-01-04 20:00:00,ac505f,Electronics,Sofa,2,259,518,Credit Card,2024,1,January,518,Nicole Jones,49,Female,Los Angeles,2186
5c4ddfaa,2024-01-04 21:00:00,9ddbe1,Electronics,Novel,2,83,166,UPI,2024,1,January,166,Roger Morris,43,Female,New York,942
91a57fdc,2024-01-04 22:00:00,b6dfe6,Clothing,Novel,3,13,39,UPI,2024,1,January,39,David Wong,20,Male,Los Angeles,907
f63db669,2024-01-04 23:00:00,c511a8,Books,Novel,1,299,299,Debit Card,2024,1,January,299,Thomas Willis,18,Female,Los Angeles,4138
44a6d59c,2024-01-05 00:00:00,09aaef,Electronics,Sofa,1,262,262,Debit Card,2024,1,January,262,Kaylee Maldonado,41,Female,New York,905
29b16d1d,2024-01-05 01:00:00,d7ba78,Home Decor,Laptop,4,331,1324,UPI,2024,1,January,1324,Nicholas Hill,23,Other,Houston,1186
25e5c96f,2024-01-05 02:00:00,d14e0c,Clothing,T-Shirt,2,147,294,Cash,2024,1,January,294,Dylan Richardson,40,Female,New York,2306
3cfad7a1,2024-01-05 03:00:00,a6f09a,Electronics,Laptop,4,429,1716,Credit Card,2024,1,January,1716,Christopher Cannon,64,Female,Los Angeles,1925
a57e1c62,2024-01-05 04:00:00,a9b434,Home Decor,Sofa,3,277,831,Credit Card,2024,1,January,831,Justin Campbell,54,Female,Los Angeles,840
db1910f7,2024-01-05 05:00:00,64ed02,Beauty,Sofa,3,267,801,UPI,2024,1,January,801,Gregory Barker,24,Female,Houston,2463
2712b913,2024-01-05 06:00:00,37e5d4,Clothing,T-Shirt,3,216,648,Credit Card,2024,1,January,648,John Smith,29,Male,New York,166
2c6f8293,2024-01-05 07:00:00,73fbf5,Home Decor,Novel,1,334,334,Credit Card,2024,1,January,334,Erik Rivera,41,Other,Chicago,3178
7479609d,2024-01-05 08:00:00,9b70eb,Clothing,Lipstick,1,11,11,UPI,2024,1,January,11,David Boyer,23,Male,Houston,1360
6fb23fb5,2024-01-05 09:00:00,c511a8,Clothing,Sofa,4,227,908,Credit Card,2024,1,January,908,Thomas Willis,18,Female,Los Angeles,4138
ffe1dbdf,2024-01-05 10:00:00,1e2aca,Books,T-Shirt,1,195,195,Debit Card,2024,1,January,195,Sheena Watts,50,Female,Los Angeles,2177
411019d9,2024-01-05 11:00:00,7db8bc,Beauty,Lipstick,2,37,74,UPI,2024,1,January,74,Rhonda Price,39,Male,Houston,4356
e14fdb3b,2024-01-05 12:00:00,605ac5,Beauty,Sofa,2,435,870,Cash,2024,1,January,870,Kimberly Marshall,34,Female,Los Angeles,238
2a2e9a05,2024-01-05 13:00:00,a55c33,Books,T-Shirt,4,487,1948,Credit Card,2024,1,January,1948,Heather May,63,Female,Miami,4177
5f79c022,2024-01-05 14:00:00,a12651,Electronics,Novel,4,20,80,UPI,2024,1,January,80,Michael Steele,24,Male,Houston,1196
620399e4,2024-01-05 15:00:00,d9e3eb,Clothing,Sofa,1,150,150,Credit Card,2024,1,January,150,Stanley Harrell,46,Other,Miami,2772
e1d65489,2024-01-05 16:00:00,d7ba78,Books,Novel,1,429,429,Cash,2024,1,January,429,Nicholas Hill,23,Other,Houston,1186
92fed56f,2024-01-05 17:00:00,3977f6,Home Decor,Laptop,2,113,226,Credit Card,2024,1,January,226,Scott Aguirre,30,Male,Houston,1365
6bc4e7dc,2024-01-05 18:00:00,6f4024,Home Decor,Novel,3,293,879,Debit Card,2024,1,January,879,Mark Nichols,35,Female,Los Angeles,327
fc7f76e0,2024-01-05 19:00:00,0b9e10,Home Decor,Lipstick,2,189,378,UPI,2024,1,January,378,Susan Vaughan,36,Male,Houston,3640
9c5759ef,2024-01-05 20:00:00,246cc6,Books,T-Shirt,1,401,401,UPI,2024,1,January,401,Erin Contreras,69,Other,Los Angeles,4662
9a787180,2024-01-05 21:00:00,22f1a7,Home Decor,Novel,3,275,825,Cash,2024,1,January,825,Tony Foster,23,Female,New York,3538
af8d9200,2024-01-05 22:00:00,8215fb,Electronics,T-Shirt,1,276,276,Debit Card,2024,1,January,276,Amanda Mitchell,39,Other,Houston,2082
70915b22,2024-01-05 23:00:00,e2494b,Home Decor,Sofa,2,158,316,UPI,2024,1,January,316,Catherine Taylor,62,Other,Houston,3753
f7b2251f,2024-01-06 00:00:00,2b8bd1,Clothing,Novel,3,358,1074,Cash,2024,1,January,1074,Michelle Chambers,55,Female,New York,3771
acdb4bfd,2024-01-06 01:00:00,a769ab,Beauty,Novel,1,186,186,UPI,2024,1,January,186,David Reyes,65,Other,Houston,1179
43964c80,2024-01-06 02:00:00,83722d,Beauty,Laptop,1,348,348,UPI,2024,1,January,348,William Frazier,36,Male,Miami,4245
ed70ea83,2024-01-06 03:00:00,7fa91b,Books,Lipstick,4,34,136,Cash,2024,1,January,136,Paul Fowler,26,Male,Los Angeles,1740
85a8e410,2024-01-06 04:00:00,d35b1d,Books,Lipstick,1,31,31,UPI,2024,1,January,31,Sarah Johns,39,Other,Los Angeles,3064
0a82e4b6,2024-01-06 05:00:00,a3633d,Clothing,T-Shirt,2,118,236,Cash,2024,1,January,236,Tina Horne,30,Other,Miami,3484
1c754762,2024-01-06 06:00:00,98fb8a,Beauty,Novel,1,188,188,Debit Card,2024,1,January,188,Rebecca Jimenez,19,Male,New York,3510
6968615e,2024-01-06 07:00:00,4a2f5b,Books,Novel,4,323,1292,UPI,2024,1,January,1292,Bryan Serrano,32,Female,Miami,3245
d9e620f9,2024-01-06 08:00:00,aaeb81,Home Decor,Laptop,4,326,1304,Cash,2024,1,January,1304,Jenna Carroll,26,Female,Chicago,3106
d77bce0e,2024-01-06 09:00:00,169123,Beauty,T-Shirt,4,137,548,UPI,2024,1,January,548,Kayla Bailey,46,Other,Miami,218
e193e326,2024-01-06 10:00:00,e940d4,Clothing,Sofa,2,127,254,Debit Card,2024,1,January,254,Michael Serrano,47,Female,Los Angeles,4919
9bb40ea6,2024-01-06 11:00:00,1ef710,Books,Sofa,4,73,292,Debit Card,2024,1,January,292,Jennifer Butler,23,Male,Chicago,2478
bac226df,2024-01-06 12:00:00,436ca6,Home Decor,Lipstick,2,436,872,Debit Card,2024,1,January,872,Kenneth Stanton,22,Male,New York,3134
a659ae1e,2024-01-06 13:00:00,e3dbd3,Clothing,Novel,1,259,259,UPI,2024,1,January,259,Brian Davis,68,Male,New York,2042
81043d11,2024-01-06 14:00:00,1513de,Books,Novel,1,292,292,Credit Card,2024,1,January,292,Cindy Jordan,32,Other,Chicago,615
04c1b060,2024-01-06 15:00:00,8e01c2,Electronics,T-Shirt,2,209,418,Debit Card,2024,1,January,418,Calvin Anderson,59,Other,Los Angeles,2800
49b5c2c1,2024-01-06 16:00:00,4f27cc,Electronics,T-Shirt,1,80,80,UPI,2024,1,January,80,Michael Walker,47,Other,New York,2676
c7e6e5a0,2024-01-06 17:00:00,ef87cb,Books,Novel,3,219,657,UPI,2024,1,January,657,Shawna Jackson,30,Male,Houston,866
74616828,2024-01-06 18:00:00,3fc53f,Beauty,Sofa,3,99,297,UPI,2024,1,January,297,Joseph Johnston,47,Male,Chicago,3266
b442e49f,2024-01-06 19:00:00,126ba9,Books,Sofa,3,147,441,UPI,2024,1,January,441,Hunter Ford,37,Female,Los Angeles,4694
a5ca8d52,2024-01-06 20:00:00,6a9c9e,Home Decor,T-Shirt,2,105,210,UPI,2024,1,January,210,Kayla Peterson,34,Female,Miami,3613
a11fe41f,2024-01-06 21:00:00,1f98e3,Clothing,T-Shirt,1,223,223,Credit Card,2024,1,January,223,Cody Lopez,42,Female,Los Angeles,4338
ca1181cb,2024-01-06 22:00:00,5538a3,Beauty,Novel,4,63,252,UPI,2024,1,January,252,Melissa Hayden,42,Female,Miami,1819
5eba2bfc,2024-01-06 23:00:00,959052,Home Decor,Sofa,2,377,754,UPI,2024,1,January,754,Alicia Ramirez,50,Other,Houston,835
cadd5a74,2024-01-07 00:00:00,be0fb8,Beauty,T-Shirt,3,220,660,Credit Card,2024,1,January,660,Jim Jones,40,Other,Los Angeles,889
0844d4fe,2024-01-07 01:00:00,a47bab,Home Decor,Sofa,4,155,620,Debit Card,2024,1,January,620,Joshua Rodriguez,28,Other,Chicago,2093
f0f914fe,2024-01-07 02:00:00,3e96e7,Home Decor,Laptop,3,248,744,UPI,2024,1,January,744,Carrie Valdez,62,Female,Los Angeles,785
e8c8e88e,2024-01-07 03:00:00,13da0f,Books,Laptop,1,218,218,Cash,2024,1,January,218,Henry Arnold,33,Male,Los Angeles,4019
1e457a1c,2024-01-07 04:00:00,96a538,Electronics,T-Shirt,3,180,540,UPI,2024,1,January,540,Shari Thomas,29,Male,Houston,2425
0bef1dff,2024-01-07 05:00:00,c80e99,Clothing,Lipstick,2,455,910,Debit Card,2024,1,January,910,Gary Johnson,67,Male,New York,4384
23e3ae88,2024-01-07 06:00:00,c0b07d,Electronics,T-Shirt,4,37,148,UPI,2024,1,January,148,Joshua Lee,62,Female,Los Angeles,2269
53ffe9e6,2024-01-07 07:00:00,9cfeab,Home Decor,T-Shirt,3,253,759,UPI,2024,1,January,759,Matthew Rodriguez,32,Male,Miami,2306
a198eb37,2024-01-07 08:00:00,005f82,Clothing,Laptop,2,245,490,Credit Card,2024,1,January,490,Alexis Barnes,36,Female,Miami,4669
54171a6e,2024-01-07 09:00:00,d16086,Home Decor,Laptop,1,251,251,Cash,2024,1,January,251,David Fox,32,Female,New York,1405
36ceff3f,2024-01-07 10:00:00,4e1657,Books,Laptop,2,21,42,Credit Card,2024,1,January,42,Christina Clayton,61,Other,Chicago,4264
c84664a2,2024-01-07 11:00:00,fb048f,Books,Lipstick,1,175,175,Credit Card,2024,1,January,175,Annette Hernandez,58,Male,New York,483
9bae37b5,2024-01-07 12:00:00,55721d,Books,Laptop,3,308,924,Debit Card,2024,1,January,924,Tammy Silva,30,Male,Los Angeles,1320
b472e297,2024-01-07 13:00:00,7bc79f,Home Decor,Sofa,2,27,54,Credit Card,2024,1,January,54,Claire Adams,54,Female,Houston,3028
6f95bfb8,2024-01-07 14:00:00,d1948e,Books,Sofa,2,348,696,Cash,2024,1,January,696,Mrs. Kaylee Johnson,58,Male,New York,549
a0127721,2024-01-07 15:00:00,8e6541,Clothing,Laptop,4,21,84,Debit Card,2024,1,January,84,Adrian Manning,62,Female,Chicago,4688
0e280a15,2024-01-07 16:00:00,b55e0e,Electronics,Sofa,1,352,352,UPI,2024,1,January,352,Wendy Hill,49,Male,Chicago,4319
0557f477,2024-01-07 17:00:00,33d718,Books,Laptop,1,61,61,Debit Card,2024,1,January,61,Pamela Castro,57,Male,Los Angeles,4172
db45e379,2024-01-07 18:00:00,656752,Books,Sofa,1,99,99,UPI,2024,1,January,99,Lisa Brennan,22,Other,Los Angeles,4807
1b6178f7,2024-01-07 19:00:00,0d766b,Beauty,Lipstick,4,144,576,UPI,2024,1,January,576,Amanda Hansen,24,Other,Los Angeles,4427
7e8b6976,2024-01-07 20:00:00,00ad60,Electronics,Novel,3,206,618,Credit Card,2024,1,January,618,Hunter Johnston,55,Female,Miami,4052
be835375,2024-01-07 21:00:00,7d5842,Books,T-Shirt,1,19,19,Credit Card,2024,1,January,19,Amy Hughes,68,Male,Miami,3253
1dfe9982,2024-01-07 22:00:00,cb4ba5,Books,Laptop,2,74,148,Credit Card,2024,1,January,148,Jason Hobbs,54,Other,Los Angeles,998
5b0b19b9,2024-01-07 23:00:00,aac587,Electronics,Laptop,3,27,81,Debit Card,2024,1,January,81,Vanessa Martinez,55,Male,Los Angeles,1072
92b6bfdf,2024-01-08 00:00:00,9df3ae,Home Decor,Sofa,1,337,337,Debit Card,2024,1,January,337,Kristen Myers,42,Male,Houston,205
a80013ee,2024-01-08 01:00:00,f96d13,Beauty,T-Shirt,3,369,1107,Debit Card,2024,1,January,1107,Ryan Carter,31,Other,New York,1536
6e81eb35,2024-01-08 02:00:00,dfcadc,Clothing,Laptop,3,256,768,UPI,2024,1,January,768,Jon Evans,27,Female,Los Angeles,1252
b5b9b791,2024-01-08 03:00:00,e7c862,Home Decor,Novel,2,157,314,Credit Card,2024,1,January,314,Jeff Miller,43,Male,Los Angeles,2295
ac388cee,2024-01-08 04:00:00,656752,Beauty,T-Shirt,1,31,31,UPI,2024,1,January,31,Lisa Brennan,22,Other,Los Angeles,4807
9618298c,2024-01-08 05:00:00,7d5842,Home Decor,Laptop,2,91,182,Debit Card,2024,1,January,182,Amy Hughes,68,Male,Miami,3253
30b83de1,2024-01-08 06:00:00,b92b74,Electronics,Laptop,2,179,358,Debit Card,2024,1,January,358,Amy Wells,27,Other,Los Angeles,1184
cc83ca23,2024-01-08 07:00:00,57345f,Clothing,Lipstick,4,272,1088,Debit Card,2024,1,January,1088,Brian Burch,31,Male,Chicago,3967
40ac328a,2024-01-08 08:00:00,3850d4,Home Decor,T-Shirt,4,489,1956,Cash,2024,1,January,1956,Matthew Lam,47,Other,Houston,4217
fefa3c35,2024-01-08 09:00:00,f7ce1f,Books,Novel,2,429,858,Cash,2024,1,January,858,Lori Wallace,60,Male,Chicago,2992
2830c8e0,2024-01-08 10:00:00,665ea1,Home Decor,Lipstick,3,302,906,Debit Card,2024,1,January,906,Ian Chavez,43,Female,Houston,4830
212cda61,2024-01-08 11:00:00,a3633d,Books,Lipstick,3,190,570,Credit Card,2024,1,January,570,Tina Horne,30,Other,Miami,3484
9516e814,2024-01-08 12:00:00,55721d,Beauty,Novel,3,133,399,Cash,2024,1,January,399,Tammy Silva,30,Male,Los Angeles,1320
d0c989e4,2024-01-08 13:00:00,2573ba,Beauty,Sofa,1,367,367,UPI,2024,1,January,367,Amber Steele,25,Other,Miami,1816
88a8e90d,2024-01-08 14:00:00,bdcd45,Books,T-Shirt,3,148,444,UPI,2024,1,January,444,Crystal Oconnell,60,Female,Los Angeles,1678
a12ba4f1,2024-01-08 15:00:00,b5b7da,Clothing,Laptop,3,441,1323,UPI,2024,1,January,1323,Susan Rogers,59,Other,Chicago,3494
5b9aad5a,2024-01-08 16:00:00,3f84b9,Clothing,Novel,2,457,914,Debit Card,2024,1,January,914,Christine Li,64,Other,New York,550
123d4bae,2024-01-08 17:00:00,f7dcee,Electronics,Novel,1,65,65,Debit Card,2024,1,January,65,William Edwards,34,Female,New York,2937
c68592ae,2024-01-08 18:00:00,2403f1,Electronics,Lipstick,1,459,459,Cash,2024,1,January,459,Tiffany Weber,50,Male,New York,835
f249ec00,2024-01-08 19:00:00,221e7a,Electronics,Lipstick,2,448,896,Debit Card,2024,1,January,896,Pamela Thomas,25,Male,Miami,3779
0e879533,2024-01-08 20:00:00,2f2ae6,Books,Novel,4,223,892,Cash,2024,1,January,892,Wanda Morgan,34,Female,Los Angeles,3638
ba672ed9,2024-01-08 21:00:00,1b4acc,Beauty,Novel,3,246,738,Credit Card,2024,1,January,738,Danny Warner,62,Female,New York,3371
549a9da3,2024-01-08 22:00:00,4b117d,Books,Sofa,1,326,326,UPI,2024,1,January,326,Zachary Green,68,Other,Miami,3812
3012342e,2024-01-08 23:00:00,2a6646,Electronics,Novel,1,293,293,Debit Card,2024,1,January,293,Joshua Donovan,41,Female,New York,3744
a5dd4003,2024-01-09 00:00:00,065958,Home Decor,T-Shirt,1,90,90,UPI,2024,1,January,90,Kathleen Mccoy,50,Other,Los Angeles,3972
b3150d7f,2024-01-09 01:00:00,dad6df,Beauty,Lipstick,2,259,518,UPI,2024,1,January,518,Glenda Chapman,60,Other,Miami,3954
8b224a61,2024-01-09 02:00:00,4b3ab7,Electronics,Novel,1,75,75,Cash,2024,1,January,75,Amanda Rhodes DVM,32,Other,New York,2494
7a2a2122,2024-01-09 03:00:00,76c8fb,Beauty,Novel,3,278,834,UPI,2024,1,January,834,Marvin Figueroa,43,Other,New York,4572
1f9bbb8a,2024-01-09 04:00:00,8ccac6,Home Decor,Sofa,2,142,284,UPI,2024,1,January,284,William Baker,24,Other,Los Angeles,3561
b7eb340b,2024-01-09 05:00:00,bb2360,Clothing,Lipstick,3,180,540,Credit Card,2024,1,January,540,Amanda Moore,31,Male,Miami,1060
d8d6b9e0,2024-01-09 06:00:00,acb4b3,Electronics,Novel,2,51,102,Credit Card,2024,1,January,102,Connie Ortiz,36,Female,Los Angeles,851
26f987ed,2024-01-09 07:00:00,9aefbc,Clothing,Sofa,4,342,1368,UPI,2024,1,January,1368,Brooke Hanson,22,Male,New York,3878
db72601e,2024-01-09 08:00:00,3e96e7,Home Decor,Laptop,1,160,160,Debit Card,2024,1,January,160,Carrie Valdez,62,Female,Los Angeles,785
5edcfc48,2024-01-09 09:00:00,8b8062,Books,Sofa,2,479,958,Debit Card,2024,1,January,958,Brittany Richardson,55,Other,Chicago,1012
14f3d1c4,2024-01-09 10:00:00,5b109e,Electronics,T-Shirt,1,386,386,Credit Card,2024,1,January,386,John Luna,40,Male,Miami,2520
c4752a81,2024-01-09 11:00:00,1d5e7c,Books,Novel,2,327,654,Cash,2024,1,January,654,John Fritz,41,Other,Chicago,1424
0a057a22,2024-01-09 12:00:00,df5cf3,Home Decor,Sofa,4,53,212,UPI,2024,1,January,212,Brianna Frank,62,Other,Los Angeles,4587
c70934fa,2024-01-09 13:00:00,09f096,Clothing,T-Shirt,4,499,1996,Cash,2024,1,January,1996,Scott Hamilton,24,Female,Miami,2529
57185f1c,2024-01-09 14:00:00,17e1d4,Books,Lipstick,2,24,48,Credit Card,2024,1,January,48,Veronica Henderson,64,Male,New York,2290
f9a5c38f,2024-01-09 15:00:00,74031c,Electronics,Novel,4,339,1356,Credit Card,2024,1,January,1356,Susan Hale,38,Male,New York,1466
d21bee79,2024-01-09 16:00:00,4b5844,Clothing,Laptop,1,99,99,Credit Card,2024,1,January,99,Breanna Hatfield,44,Male,New York,862
e93790f0,2024-01-09 17:00:00,c0bbda,Clothing,Lipstick,1,389,389,UPI,2024,1,January,389,Lacey Gilmore,41,Other,Chicago,4646
05cf77d6,2024-01-09 18:00:00,485e3b,Home Decor,Laptop,4,68,272,Debit Card,2024,1,January,272,Shane Leon,18,Female,New York,3148
43f06a07,2024-01-09 19:00:00,ecfd8e,Electronics,Laptop,1,64,64,Credit Card,2024,1,January,64,Haley Jones,23,Female,Houston,4515
0ddc22a5,2024-01-09 20:00:00,6b4132,Electronics,T-Shirt,2,159,318,Cash,2024,1,January,318,James Anderson,35,Other,Los Angeles,4133
3ccd9589,2024-01-09 21:00:00,148b08,Electronics,Laptop,4,497,1988,Cash,2024,1,January,1988,Natalie Nguyen,65,Other,Houston,3872
6f08eb88,2024-01-09 22:00:00,fa17b4,Electronics,Novel,2,211,422,UPI,2024,1,January,422,Nicholas Powers Jr.,67,Female,Los Angeles,2947
a6787f98,2024-01-09 23:00:00,0d28a1,Books,Novel,3,128,384,Credit Card,2024,1,January,384,Elizabeth Chase,56,Female,Miami,2704
83ba9ff3,2024-01-10 00:00:00,a7ef21,Books,T-Shirt,3,396,1188,Cash,2024,1,January,1188,Francis Lawrence,53,Other,Los Angeles,912
58a81e1f,2024-01-10 01:00:00,8ad450,Electronics,Novel,1,197,197,Credit Card,2024,1,January,197,James Schmidt,49,Female,Los Angeles,2300
87f23dda,2024-01-10 02:00:00,8e01c2,Beauty,Sofa,3,114,342,UPI,2024,1,January,342,Calvin Anderson,59,Other,Los Angeles,2800
62c192e7,2024-01-10 03:00:00,6341df,Clothing,T-Shirt,2,43,86,Credit Card,2024,1,January,86,Olivia Jones,18,Female,Houston,2971
7a0f8bf1,2024-01-10 04:00:00,2c35b7,Electronics,Novel,1,347,347,UPI,2024,1,January,347,Paul Cunningham,32,Female,Miami,2666
78105c62,2024-01-10 05:00:00,16f3bf,Books,Sofa,2,288,576,Debit Card,2024,1,January,576,John Olson,66,Male,Chicago,1343
ce1f738d,2024-01-10 06:00:00,9e05c6,Clothing,Laptop,1,212,212,UPI,2024,1,January,212,Michelle Alvarez,31,Female,Houston,160
6460fd38,2024-01-10 07:00:00,d3b955,Books,T-Shirt,4,173,692,Cash,2024,1,January,692,William Moore,26,Male,Chicago,2440
82aa41b5,2024-01-10 08:00:00,9f2660,Electronics,Laptop,3,103,309,Cash,2024,1,January,309,Brad Mendoza,67,Female,Chicago,3603
0d80aca4,2024-01-10 09:00:00,fc25e7,Books,T-Shirt,1,344,344,Debit Card,2024,1,January,344,Brooke Brown,43,Female,Miami,2005
de3be522,2024-01-10 10:00:00,e15d65,Electronics,Sofa,4,196,784,Credit Card,2024,1,January,784,Joseph Rosales,27,Male,New York,657
b2cc5157,2024-01-10 11:00:00,d94e1a,Beauty,T-Shirt,3,72,216,UPI,2024,1,January,216,Jennifer English,52,Male,Miami,4731
fc6177db,2024-01-10 12:00:00,ae95e4,Books,Novel,2,458,916,Debit Card,2024,1,January,916,Madison Bell,31,Male,New York,1055
53a4a857,2024-01-10 13:00:00,613ae3,Electronics,T-Shirt,4,339,1356,UPI,2024,1,January,1356,Austin Armstrong,61,Female,Chicago,4351
f5797025,2024-01-10 14:00:00,ef06ed,Home Decor,Novel,1,141,141,UPI,2024,1,January,141,Michael Harvey,28,Other,New York,2849
c2d5e7b4,2024-01-10 15:00:00,a4ab91,Clothing,Laptop,4,81,324,Cash,2024,1,January,324,Cameron Mckenzie,21,Female,Chicago,2672
d3f769dd,2024-01-10 16:00:00,7e8063,Books,Novel,2,343,686,Cash,2024,1,January,686,Kelly Meyer,28,Female,Miami,4745
c1f44dd1,2024-01-10 17:00:00,a77707,Books,Lipstick,2,475,950,UPI,2024,1,January,950,Mary Hudson,52,Female,Chicago,1931
4da99d5b,2024-01-10 18:00:00,70c078,Beauty,Novel,2,336,672,Credit Card,2024,1,January,672,Charles Escobar,36,Female,New York,622
97511fed,2024-01-10 19:00:00,a658a4,Beauty,T-Shirt,3,418,1254,Debit Card,2024,1,January,1254,Harold Eaton,52,Other,Chicago,2217
1bbe14e9,2024-01-10 20:00:00,827a0b,Beauty,Sofa,3,362,1086,Cash,2024,1,January,1086,Michael Mueller,37,Female,Los Angeles,1809
282dfbcb,2024-01-10 21:00:00,6b6067,Electronics,Lipstick,4,398,1592,Cash,2024,1,January,1592,Katherine Marshall,51,Female,New York,642
91fe809d,2024-01-10 22:00:00,26b6c9,Beauty,T-Shirt,4,325,1300,Cash,2024,1,January,1300,Dr. Emily Jones,24,Other,New York,3710
a3ff4b6d,2024-01-10 23:00:00,36a9a4,Home Decor,Novel,2,71,142,Debit Card,2024,1,January,142,Kimberly Doyle,54,Other,Los Angeles,4028
d2e5540e,2024-01-11 00:00:00,b8e59b,Home Decor,Laptop,1,53,53,Cash,2024,1,January,53,Ashley Murphy,69,Other,New York,570
f890ef85,2024-01-11 01:00:00,a453b1,Electronics,Sofa,3,342,1026,Credit Card,2024,1,January,1026,Christian Mckenzie,64,Male,Los Angeles,3748
ee4dec04,2024-01-11 02:00:00,7ee0ca,Clothing,Novel,1,241,241,UPI,2024,1,January,241,Cheryl Freeman,25,Other,New York,4128
9fb7435f,2024-01-11 03:00:00,919c87,Beauty,Laptop,3,473,1419,Cash,2024,1,January,1419,Adam Bell,68,Male,New York,2765
aa9d8661,2024-01-11 04:00:00,8588e6,Clothing,T-Shirt,3,172,516,Debit Card,2024,1,January,516,Vincent Mcpherson,22,Male,Miami,2414
d065c835,2024-01-11 05:00:00,e948d6,Beauty,Sofa,3,220,660,Cash,2024,1,January,660,Andrew Schaefer,67,Male,Chicago,4292
1990048a,2024-01-11 06:00:00,549a6d,Electronics,Sofa,3,377,1131,Cash,2024,1,January,1131,Patrick Palmer,44,Other,Chicago,1002
04b8ec05,2024-01-11 07:00:00,bd36a2,Books,Lipstick,2,320,640,Credit Card,2024,1,January,640,Mrs. Wanda Rogers,53,Female,Miami,1119
47d84083,2024-01-11 08:00:00,9a1148,Clothing,T-Shirt,1,302,302,UPI,2024,1,January,302,Mark Hoffman,41,Female,Miami,2738
108f8092,2024-01-11 09:00:00,1c6a85,Beauty,Laptop,1,429,429,Cash,2024,1,January,429,Charles Pacheco,41,Male,Los Angeles,4377
b4aa5bc3,2024-01-11 10:00:00,9fdf14,Clothing,Laptop,1,314,314,Cash,2024,1,January,314,Juan Hawkins,19,Female,Houston,3590
bcb6098d,2024-01-11 11:00:00,197942,Home Decor,Novel,4,362,1448,Debit Card,2024,1,January,1448,Courtney Padilla,27,Male,Miami,4384
09110a2a,2024-01-11 12:00:00,ef06ed,Electronics,Novel,2,250,500,Debit Card,2024,1,January,500,Michael Harvey,28,Other,New York,2849
a3f65693,2024-01-11 13:00:00,9b08b4,Clothing,Laptop,3,146,438,UPI,2024,1,January,438,Cody Miranda,21,Other,Los Angeles,3783
40e5c845,2024-01-11 14:00:00,c80b50,Electronics,Laptop,2,153,306,Debit Card,2024,1,January,306,Dalton Gutierrez,41,Male,Miami,4386
ca61bb81,2024-01-11 15:00:00,ef93a4,Electronics,Laptop,4,332,1328,Debit Card,2024,1,January,1328,Richard Blackburn,31,Other,Chicago,2851
eeb999f0,2024-01-11 16:00:00,ad14a2,Electronics,Laptop,2,304,608,UPI,2024,1,January,608,Antonio Morales DVM,29,Male,Miami,4898
bc781a1e,2024-01-11 17:00:00,e361fc,Beauty,Laptop,4,231,924,Credit Card,2024,1,January,924,James Garcia,35,Male,New York,4972
53e27e53,2024-01-11 18:00:00,8e01c2,Books,Laptop,3,131,393,Cash,2024,1,January,393,Calvin Anderson,59,Other,Los Angeles,2800
fc32a9de,2024-01-11 19:00:00,1e2aca,Books,T-Shirt,4,435,1740,UPI,2024,1,January,1740,Sheena Watts,50,Female,Los Angeles,2177
34fc3b2c,2024-01-11 20:00:00,8c6e13,Books,Novel,3,329,987,UPI,2024,1,January,987,Pamela Carrillo,22,Other,New York,908
bcb87576,2024-01-11 21:00:00,0f4e60,Beauty,Laptop,1,127,127,UPI,2024,1,January,127,Gina Mckay,55,Other,New York,1936
bd45e303,2024-01-11 22:00:00,9b08b4,Electronics,Laptop,4,235,940,Debit Card,2024,1,January,940,Cody Miranda,21,Other,Los Angeles,3783
f87924c1,2024-01-11 23:00:00,f70d91,Beauty,Lipstick,4,106,424,Cash,2024,1,January,424,Rebecca Thompson,21,Male,Houston,3505
a046572b,2024-01-12 00:00:00,eb354d,Clothing,Laptop,4,434,1736,UPI,2024,1,January,1736,Christina Cruz,32,Other,Los Angeles,3102
4f4ce99e,2024-01-12 01:00:00,d9a24a,Electronics,Novel,2,16,32,Cash,2024,1,January,32,Amy Fisher,68,Other,Miami,1070
0764b25a,2024-01-12 02:00:00,e15a0f,Clothing,Novel,2,317,634,Debit Card,2024,1,January,634,Richard Burke,59,Other,Chicago,550
d303868b,2024-01-12 03:00:00,bb2360,Books,Lipstick,3,187,561,Cash,2024,1,January,561,Amanda Moore,31,Male,Miami,1060
d1b20e3b,2024-01-12 04:00:00,e0cc69,Electronics,Novel,2,90,180,UPI,2024,1,January,180,Mason Ramsey,50,Other,Chicago,2852
d68943b4,2024-01-12 05:00:00,d7ba78,Beauty,T-Shirt,3,116,348,UPI,2024,1,January,348,Nicholas Hill,23,Other,Houston,1186
84b9b6d3,2024-01-12 06:00:00,96c37e,Clothing,Laptop,2,380,760,Credit Card,2024,1,January,760,Robert Wise,19,Male,Los Angeles,4206
b2bb922b,2024-01-12 07:00:00,642d5e,Home Decor,Laptop,3,348,1044,Credit Card,2024,1,January,1044,Tyler Price,24,Male,Miami,2530
c28731f4,2024-01-12 08:00:00,060b58,Electronics,Lipstick,4,295,1180,Debit Card,2024,1,January,1180,Carrie Coleman,18,Male,Chicago,1616
1b26c8c8,2024-01-12 09:00:00,63dc2a,Home Decor,Sofa,1,310,310,Cash,2024,1,January,310,Angela Lewis,20,Female,Miami,2999
30bd6aa2,2024-01-12 10:00:00,549a6d,Beauty,T-Shirt,3,331,993,Cash,2024,1,January,993,Patrick Palmer,44,Other,Chicago,1002
78071941,2024-01-12 11:00:00,ed43c8,Books,Laptop,1,103,103,Credit Card,2024,1,January,103,Blake Oneal,44,Female,New York,547
42e2d5f6,2024-01-12 12:00:00,d36e00,Electronics,Novel,4,269,1076,Credit Card,2024,1,January,1076,Anna Rodriguez,45,Female,Miami,1460
ca8be1ba,2024-01-12 13:00:00,064624,Clothing,Sofa,3,299,897,Debit Card,2024,1,January,897,Russell Martin,31,Other,Houston,4317
f7bc2a07,2024-01-12 14:00:00,f3a502,Books,Lipstick,1,240,240,Cash,2024,1,January,240,Tanner Berger,68,Male,Houston,285
42f1bf13,2024-01-12 15:00:00,a87c8d,Home Decor,T-Shirt,2,484,968,UPI,2024,1,January,968,Joshua Daniels,53,Other,Houston,4901
ec3f77dc,2024-01-12 16:00:00,a96e72,Electronics,Sofa,1,287,287,Cash,2024,1,January,287,Christina Jacobs,57,Male,Houston,4283
54110cdd,2024-01-12 17:00:00,3b936d,Electronics,Novel,1,331,331,Debit Card,2024,1,January,331,Lori Hall,43,Male,Los Angeles,815
b127dbfd,2024-01-12 18:00:00,f3a502,Clothing,Laptop,2,417,834,Cash,2024,1,January,834,Tanner Berger,68,Male,Houston,285
be3ad122,2024-01-12 19:00:00,e15777,Beauty,Sofa,4,418,1672,Debit Card,2024,1,January,1672,Justin Robinson,20,Other,Houston,4430
094807c6,2024-01-12 20:00:00,525387,Electronics,Novel,4,61,244,Credit Card,2024,1,January,244,Julie Stevens,68,Female,Houston,2892
86d38e01,2024-01-12 21:00:00,68cd22,Electronics,Novel,4,232,928,Cash,2024,1,January,928,Rebecca Clayton,54,Male,Los Angeles,2804
68953bc4,2024-01-12 22:00:00,647657,Electronics,Novel,3,168,504,Credit Card,2024,1,January,504,Raymond Perry,62,Other,Los Angeles,2857
60fb4070,2024-01-12 23:00:00,3f8cb1,Clothing,Laptop,1,318,318,UPI,2024,1,January,318,Andrew Clark,40,Female,Miami,455
a7faabd9,2024-01-13 00:00:00,e15777,Home Decor,Laptop,1,76,76,UPI,2024,1,January,76,Justin Robinson,20,Other,Houston,4430
010ca50b,2024-01-13 01:00:00,7fb211,Home Decor,Lipstick,4,486,1944,Credit Card,2024,1,January,1944,Annette Stein,68,Male,Los Angeles,3559
a4e4455b,2024-01-13 02:00:00,2c0f09,Clothing,Sofa,1,415,415,Cash,2024,1,January,415,Paula Adkins,48,Other,Los Angeles,2022
96ef94f2,2024-01-13 03:00:00,064a47,Electronics,T-Shirt,3,212,636,Credit Card,2024,1,January,636,Christian Bradley,38,Male,Houston,4502
246193b6,2024-01-13 04:00:00,292f84,Clothing,T-Shirt,2,110,220,UPI,2024,1,January,220,Peggy Martin,19,Other,Chicago,1083
48f75445,2024-01-13 05:00:00,85ae39,Books,Sofa,2,29,58,Debit Card,2024,1,January,58,Rebecca Hughes,54,Other,Houston,129
4976519c,2024-01-13 06:00:00,3418ea,Electronics,Novel,2,44,88,Cash,2024,1,January,88,Mariah Wolfe,30,Male,Miami,817
88c9e96f,2024-01-13 07:00:00,6c8b9f,Electronics,Sofa,1,65,65,Cash,2024,1,January,65,Emma Kirby,39,Female,Houston,4121
0731fdc4,2024-01-13 08:00:00,d7ba78,Clothing,Laptop,2,113,226,Cash,2024,1,January,226,Nicholas Hill,23,Other,Houston,1186
597e227a,2024-01-13 09:00:00,0a694c,Electronics,Laptop,2,398,796,Credit Card,2024,1,January,796,Caitlin Martinez,66,Male,New York,755
63eb23a2,2024-01-13 10:00:00,f7dcee,Electronics,Novel,2,491,982,Debit Card,2024,1,January,982,William Edwards,34,Female,New York,2937
0633c9da,2024-01-13 11:00:00,e26ec3,Beauty,Sofa,1,335,335,Debit Card,2024,1,January,335,Pamela Levy,65,Other,Los Angeles,830
19378479,2024-01-13 12:00:00,fa5b82,Electronics,Novel,3,293,879,UPI,2024,1,January,879,Steven Sanders,20,Other,Chicago,4636
fa264e1b,2024-01-13 13:00:00,8b9634,Books,T-Shirt,1,268,268,Debit Card,2024,1,January,268,Amber Wise,23,Male,Chicago,1274
183156fd,2024-01-13 14:00:00,5538a3,Electronics,Laptop,1,128,128,Credit Card,2024,1,January,128,Melissa Hayden,42,Female,Miami,1819
29d2ee05,2024-01-13 15:00:00,9179cd,Beauty,Lipstick,4,389,1556,Debit Card,2024,1,January,1556,Paul Grant,31,Male,Houston,1365
6326df06,2024-01-13 16:00:00,baac2b,Home Decor,T-Shirt,1,472,472,Credit Card,2024,1,January,472,Brent Stephens,68,Male,Los Angeles,2521
4f299c01,2024-01-13 17:00:00,525387,Books,Lipstick,4,445,1780,Credit Card,2024,1,January,1780,Julie Stevens,68,Female,Houston,2892
de3ba4f7,2024-01-13 18:00:00,ef5a17,Beauty,Sofa,2,393,786,Cash,2024,1,January,786,Tara Anderson,65,Female,Los Angeles,3640
d65ab4ca,2024-01-13 19:00:00,62a73d,Home Decor,Sofa,1,206,206,Cash,2024,1,January,206,Joseph Martinez,43,Male,Houston,502
4d8d3faa,2024-01-13 20:00:00,c47aa1,Beauty,Sofa,4,184,736,UPI,2024,1,January,736,Thomas Reid,24,Other,Miami,2309
bdeac5df,2024-01-13 21:00:00,4557e1,Books,Sofa,1,91,91,UPI,2024,1,January,91,Melissa Fitzgerald,50,Female,Houston,1311
47c0bf92,2024-01-13 22:00:00,35c723,Home Decor,Lipstick,4,16,64,UPI,2024,1,January,64,Alejandro Cohen,30,Female,Chicago,4739
8ebf83c4,2024-01-13 23:00:00,a12651,Books,T-Shirt,1,455,455,Credit Card,2024,1,January,455,Michael Steele,24,Male,Houston,1196
92d8c3ae,2024-01-14 00:00:00,8d7928,Home Decor,Sofa,1,358,358,Credit Card,2024,1,January,358,James Liu,20,Other,Los Angeles,1111
ccbb13cb,2024-01-14 01:00:00,f4a7dd,Books,Lipstick,4,351,1404,Cash,2024,1,January,1404,Larry Dorsey,33,Female,Los Angeles,3551
d8713196,2024-01-14 02:00:00,ad8167,Books,Novel,3,264,792,UPI,2024,1,January,792,Kimberly Rose,31,Male,Chicago,604
f13c6342,2024-01-14 03:00:00,381cc6,Home Decor,T-Shirt,2,421,842,UPI,2024,1,January,842,Bryan Livingston,46,Male,New York,4286
ebfa171b,2024-01-14 04:00:00,d8f0a4,Home Decor,Laptop,4,210,840,Cash,2024,1,January,840,Mr. Shaun Nelson,65,Female,Houston,304
191c96e6,2024-01-14 05:00:00,6776ac,Electronics,Novel,3,311,933,Credit Card,2024,1,January,933,Cheryl Welch,41,Male,New York,3392
561e9a21,2024-01-14 06:00:00,13e8e2,Clothing,Lipstick,3,12,36,Cash,2024,1,January,36,Daniel Johnson,39,Other,New York,1955
49ab73d2,2024-01-14 07:00:00,0bbe51,Books,Novel,3,66,198,UPI,2024,1,January,198,Alicia Robertson,24,Male,New York,1385
210e48ef,2024-01-14 08:00:00,8c376f,Electronics,Sofa,3,229,687,Debit Card,2024,1,January,687,Eric Miller,18,Male,New York,3271
ae0cb5e3,2024-01-14 09:00:00,bffec4,Clothing,T-Shirt,2,225,450,Credit Card,2024,1,January,450,Whitney Morrison,34,Other,Los Angeles,1051
f5730f67,2024-01-14 10:00:00,56b912,Clothing,Novel,3,335,1005,Cash,2024,1,January,1005,Rebecca Mann,22,Other,Miami,4839
81878b0a,2024-01-14 11:00:00,08a16f,Home Decor,Novel,4,104,416,Cash,2024,1,January,416,Cathy Ryan,26,Male,Los Angeles,4949
5fd78518,2024-01-14 12:00:00,d2272f,Electronics,Novel,1,45,45,Credit Card,2024,1,January,45,Amber Thornton,29,Female,New York,2382
08dd4529,2024-01-14 13:00:00,7b91fc,Home Decor,T-Shirt,3,421,1263,Cash,2024,1,January,1263,Todd Woodard,65,Other,Chicago,2439
87c41008,2024-01-14 14:00:00,54d483,Clothing,Lipstick,3,146,438,Cash,2024,1,January,438,Mary Mullins,47,Female,Houston,4142
42e8378a,2024-01-14 15:00:00,d70515,Electronics,Laptop,3,248,744,Credit Card,2024,1,January,744,Diana Pierce,66,Male,New York,2792
178fc9eb,2024-01-14 16:00:00,3301f1,Clothing,Lipstick,2,446,892,Credit Card,2024,1,January,892,Jenny Baird,43,Other,Houston,2658
f34ed2b0,2024-01-14 17:00:00,6a9c9e,Beauty,Lipstick,1,339,339,Cash,2024,1,January,339,Kayla Peterson,34,Female,Miami,3613
20fef5ec,2024-01-14 18:00:00,5652da,Books,T-Shirt,1,273,273,Cash,2024,1,January,273,Kevin Johnson,61,Other,Houston,3767
cd5971ba,2024-01-14 19:00:00,de5c05,Clothing,Sofa,3,257,771,Cash,2024,1,January,771,Pamela Gonzalez,61,Female,Miami,3358
38b80659,2024-01-14 20:00:00,26b6c9,Clothing,Sofa,3,372,1116,Cash,2024,1,January,1116,Dr. Emily Jones,24,Other,New York,3710
988337f3,2024-01-14 21:00:00,c2c497,Electronics,Novel,1,445,445,Debit Card,2024,1,January,445,Michael Walker,47,Female,New York,4958
4cbbd208,2024-01-14 22:00:00,1beced,Home Decor,T-Shirt,1,181,181,UPI,2024,1,January,181,Victoria Smith,25,Other,Chicago,3850
5d4d8434,2024-01-14 23:00:00,b1a4f4,Clothing,Laptop,4,118,472,Debit Card,2024,1,January,472,Angela Gomez,66,Other,Chicago,745
064d3ba5,2024-01-15 00:00:00,abc772,Home Decor,Novel,1,233,233,Credit Card,2024,1,January,233,Frank Cervantes,49,Female,Los Angeles,2885
dc8951e0,2024-01-15 01:00:00,15ba0d,Clothing,T-Shirt,3,383,1149,Cash,2024,1,January,1149,Lacey Smith,69,Male,Chicago,4457
a49f9559,2024-01-15 02:00:00,c80b50,Electronics,Laptop,1,438,438,Debit Card,2024,1,January,438,Dalton Gutierrez,41,Male,Miami,4386
a6dd3d88,2024-01-15 03:00:00,3cc777,Electronics,Laptop,2,278,556,Debit Card,2024,1,January,556,Joseph Mckay,29,Other,Los Angeles,3821
9432e6b5,2024-01-15 04:00:00,1cd0c0,Books,T-Shirt,4,372,1488,Cash,2024,1,January,1488,Deborah Clark,58,Other,Miami,136
ca269aa1,2024-01-15 05:00:00,43f946,Home Decor,T-Shirt,1,348,348,Credit Card,2024,1,January,348,Rachel Webster,60,Other,Chicago,3278
0cdaf24c,2024-01-15 06:00:00,3fc53f,Clothing,Lipstick,1,376,376,UPI,2024,1,January,376,Joseph Johnston,47,Male,Chicago,3266
c4b553a6,2024-01-15 07:00:00,c5dfd5,Home Decor,T-Shirt,1,266,266,Cash,2024,1,January,266,Kelsey Fernandez,50,Male,Miami,4085
26a70aaa,2024-01-15 08:00:00,e2494b,Books,Lipstick,4,311,1244,Debit Card,2024,1,January,1244,Catherine Taylor,62,Other,Houston,3753
a55539dd,2024-01-15 09:00:00,df0824,Books,Lipstick,3,244,732,Debit Card,2024,1,January,732,Ronald Patterson,69,Other,Chicago,598
edd6b8fb,2024-01-15 10:00:00,63dc2a,Beauty,T-Shirt,4,124,496,UPI,2024,1,January,496,Angela Lewis,20,Female,Miami,2999
5db1d291,2024-01-15 11:00:00,3850d4,Home Decor,Laptop,2,391,782,Debit Card,2024,1,January,782,Matthew Lam,47,Other,Houston,4217
e723f390,2024-01-15 12:00:00,d2742a,Electronics,T-Shirt,2,152,304,Debit Card,2024,1,January,304,Brandon Watkins,50,Other,Los Angeles,4388
24f06559,2024-01-15 13:00:00,d5f2e3,Home Decor,T-Shirt,4,131,524,Debit Card,2024,1,January,524,Virginia Potter,69,Male,Los Angeles,923
98239701,2024-01-15 14:00:00,d94e1a,Home Decor,T-Shirt,4,321,1284,UPI,2024,1,January,1284,Jennifer English,52,Male,Miami,4731
0a38534c,2024-01-15 15:00:00,e69c2c,Books,Laptop,2,59,118,UPI,2024,1,January,118,Stacie Potter,62,Female,Miami,3020
a56e3314,2024-01-15 16:00:00,79562f,Home Decor,T-Shirt,1,47,47,Cash,2024,1,January,47,Bradley Jensen,63,Other,Los Angeles,4115
d54851a9,2024-01-15 17:00:00,7e3148,Home Decor,Novel,2,41,82,Cash,2024,1,January,82,Steven Rivera,27,Female,Chicago,326
61c52195,2024-01-15 18:00:00,039139,Clothing,T-Shirt,4,434,1736,Debit Card,2024,1,January,1736,Gerald Long,46,Female,Los Angeles,4578
a0bc12c3,2024-01-15 19:00:00,585151,Beauty,Laptop,4,439,1756,Cash,2024,1,January,1756,Justin Ochoa,24,Male,New York,3769
46895ed7,2024-01-15 20:00:00,4cb6b2,Home Decor,T-Shirt,1,155,155,Debit Card,2024,1,January,155,Anthony Adams,41,Other,New York,2126
c1aedace,2024-01-15 21:00:00,094a5a,Home Decor,T-Shirt,1,106,106,Credit Card,2024,1,January,106,James Cruz,34,Other,Chicago,2510
525e614f,2024-01-15 22:00:00,3f84b9,Books,T-Shirt,4,435,1740,Credit Card,2024,1,January,1740,Christine Li,64,Other,New York,550
b0ed93f3,2024-01-15 23:00:00,d26049,Clothing,Laptop,1,395,395,Credit Card,2024,1,January,395,Jonathan French,62,Male,Miami,2429
a1756fd0,2024-01-16 00:00:00,34d625,Home Decor,T-Shirt,1,158,158,Cash,2024,1,January,158,Ann Sims,65,Other,Houston,1383
3dbd47f3,2024-01-16 01:00:00,9d1b18,Books,Sofa,1,467,467,Debit Card,2024,1,January,467,Jeffrey Vincent,37,Female,Miami,3462
6cd15590,2024-01-16 02:00:00,90bf99,Clothing,Laptop,1,89,89,Credit Card,2024,1,January,89,Michael Reid,46,Female,Chicago,3166
0cc6698d,2024-01-16 03:00:00,68bb34,Books,T-Shirt,2,242,484,Cash,2024,1,January,484,Susan Cole,37,Female,New York,3455
31647b5b,2024-01-16 04:00:00,bfadaf,Beauty,Lipstick,3,50,150,Cash,2024,1,January,150,Karen Bailey,69,Female,Houston,1920
84a5a41d,2024-01-16 05:00:00,4b51ec,Home Decor,Laptop,4,380,1520,UPI,2024,1,January,1520,Lisa Rhodes,24,Male,Houston,171
3b5bd009,2024-01-16 06:00:00,1d15a4,Beauty,Sofa,1,122,122,Debit Card,2024,1,January,122,Jennifer Stanley,36,Other,New York,4093
3e792ce1,2024-01-16 07:00:00,58d0d4,Beauty,Laptop,1,305,305,Debit Card,2024,1,January,305,Jessica Thomas,27,Female,New York,4521
d4e695fe,2024-01-16 08:00:00,ae95e4,Clothing,Sofa,4,343,1372,Cash,2024,1,January,1372,Madison Bell,31,Male,New York,1055
ba2bc1af,2024-01-16 09:00:00,6ca609,Beauty,Sofa,3,322,966,Cash,2024,1,January,966,John Rodriguez,56,Other,Houston,3586
500011c9,2024-01-16 10:00:00,73fbf5,Beauty,Sofa,1,472,472,Debit Card,2024,1,January,472,Erik Rivera,41,Other,Chicago,3178
a50369d7,2024-01-16 11:00:00,7c817c,Home Decor,Laptop,4,399,1596,UPI,2024,1,January,1596,Kimberly Francis,43,Female,Los Angeles,2911
6ac43571,2024-01-16 12:00:00,3521bd,Home Decor,Laptop,1,86,86,UPI,2024,1,January,86,Steven Miller,23,Female,Los Angeles,926
1c33940d,2024-01-16 13:00:00,a55c33,Home Decor,T-Shirt,2,17,34,UPI,2024,1,January,34,Heather May,63,Female,Miami,4177
5c91eb06,2024-01-16 14:00:00,f93065,Electronics,Laptop,3,15,45,Credit Card,2024,1,January,45,Tiffany Donovan,45,Female,Houston,3074
60fab323,2024-01-16 15:00:00,720ce3,Books,Laptop,4,152,608,Debit Card,2024,1,January,608,Benjamin Smith,53,Female,Chicago,1315
aa79a5fa,2024-01-16 16:00:00,79e648,Beauty,Novel,1,357,357,UPI,2024,1,January,357,Mr. Cody Estrada,30,Female,Los Angeles,3874
63ede3d6,2024-01-16 17:00:00,d60a81,Electronics,Laptop,4,293,1172,UPI,2024,1,January,1172,Danielle Burch,23,Female,Miami,512
2de66200,2024-01-16 18:00:00,39e917,Beauty,Novel,4,92,368,Cash,2024,1,January,368,Kristin Reed,65,Male,New York,2976
80d4417e,2024-01-16 19:00:00,b70880,Beauty,Sofa,4,133,532,Credit Card,2024,1,January,532,Thomas Gordon,49,Female,Chicago,1269
700eb991,2024-01-16 20:00:00,446290,Clothing,Novel,1,133,133,Cash,2024,1,January,133,Terry Smith,20,Male,Miami,3896
15879d6d,2024-01-16 21:00:00,894646,Home Decor,Sofa,2,57,114,UPI,2024,1,January,114,Jorge Kelly,22,Male,Houston,3585
b823ea3d,2024-01-16 22:00:00,87b250,Beauty,Laptop,4,279,1116,UPI,2024,1,January,1116,Keith Best,46,Male,Miami,807
430bd547,2024-01-16 23:00:00,531de4,Home Decor,Laptop,2,406,812,Debit Card,2024,1,January,812,Valerie Johnson,35,Male,Houston,3524
2a699be9,2024-01-17 00:00:00,667c1a,Electronics,Laptop,1,499,499,UPI,2024,1,January,499,Erika Yoder,22,Other,Houston,4415
13641c3c,2024-01-17 01:00:00,60ac75,Electronics,Laptop,4,301,1204,Cash,2024,1,January,1204,Jesus Simmons,66,Other,Houston,3649
1dfb316c,2024-01-17 02:00:00,96c37e,Clothing,Lipstick,2,173,346,Cash,2024,1,January,346,Robert Wise,19,Male,Los Angeles,4206
a0b1c38e,2024-01-17 03:00:00,16f3bf,Books,Sofa,4,153,612,Debit Card,2024,1,January,612,John Olson,66,Male,Chicago,1343
a46d3119,2024-01-17 04:00:00,21bb3c,Home Decor,T-Shirt,1,441,441,Cash,2024,1,January,441,Michael Glenn,42,Male,New York,4888
d05bc33a,2024-01-17 05:00:00,0d28a1,Beauty,Laptop,1,257,257,Credit Card,2024,1,January,257,Elizabeth Chase,56,Female,Miami,2704
37bdd229,2024-01-17 06:00:00,ad8167,Electronics,Novel,1,380,380,Credit Card,2024,1,January,380,Kimberly Rose,31,Male,Chicago,604
98fdaceb,2024-01-17 07:00:00,d2742a,Electronics,Lipstick,3,185,555,Credit Card,2024,1,January,555,Brandon Watkins,50,Other,Los Angeles,4388
4bf325f9,2024-01-17 08:00:00,0a694c,Home Decor,Laptop,2,113,226,Credit Card,2024,1,January,226,Caitlin Martinez,66,Male,New York,755
0d47d05b,2024-01-17 09:00:00,d129cd,Home Decor,Sofa,3,37,111,UPI,2024,1,January,111,Daniel Jimenez,43,Female,Miami,4405
722bf878,2024-01-17 10:00:00,d8c1d4,Beauty,Novel,1,395,395,Debit Card,2024,1,January,395,Andrew Williamson,18,Male,New York,983
6938dfb8,2024-01-17 11:00:00,1af473,Beauty,T-Shirt,2,168,336,Credit Card,2024,1,January,336,Patrick Hayes,69,Female,Chicago,4197
05e52f74,2024-01-17 12:00:00,2aecc3,Books,Novel,1,117,117,Credit Card,2024,1,January,117,Marcus Garcia,55,Other,Houston,2163
c6a59d81,2024-01-17 13:00:00,59035c,Clothing,Lipstick,4,201,804,Debit Card,2024,1,January,804,Richard Wheeler,36,Other,Miami,2787
626d2400,2024-01-17 14:00:00,98fb8a,Home Decor,T-Shirt,2,452,904,Credit Card,2024,1,January,904,Rebecca Jimenez,19,Male,New York,3510
b6b62028,2024-01-17 15:00:00,14d85a,Electronics,Novel,4,327,1308,Debit Card,2024,1,January,1308,Stephanie Barton,36,Male,New York,3560
88bcd790,2024-01-17 16:00:00,184306,Home Decor,Lipstick,4,445,1780,Credit Card,2024,1,January,1780,Amy Sandoval,40,Male,New York,4343
e43d7488,2024-01-17 17:00:00,d8b630,Books,Lipstick,1,319,319,Debit Card,2024,1,January,319,Natasha Ray,53,Other,Chicago,4322
6fb275ad,2024-01-17 18:00:00,232afc,Books,Laptop,2,436,872,Cash,2024,1,January,872,Angela Lyons,44,Female,Houston,4763
b192ac52,2024-01-17 19:00:00,43f946,Electronics,Novel,3,58,174,Debit Card,2024,1,January,174,Rachel Webster,60,Other,Chicago,3278
25d8f8b5,2024-01-17 20:00:00,a93bd0,Books,Novel,4,191,764,Debit Card,2024,1,January,764,Janet Buckley,33,Other,Los Angeles,3506
e3dbffa3,2024-01-17 21:00:00,cedc4d,Beauty,Sofa,4,363,1452,Cash,2024,1,January,1452,Beverly Martinez,29,Other,Miami,580
cbe96509,2024-01-17 22:00:00,79562f,Electronics,Sofa,4,242,968,Credit Card,2024,1,January,968,Bradley Jensen,63,Other,Los Angeles,4115
bbb8de3a,2024-01-17 23:00:00,dccb9e,Clothing,Lipstick,3,425,1275,Cash,2024,1,January,1275,Heather Francis,48,Other,Miami,2542
709e2b4e,2024-01-18 00:00:00,22f1a7,Beauty,Sofa,2,493,986,Cash,2024,1,January,986,Tony Foster,23,Female,New York,3538
9359ae16,2024-01-18 01:00:00,c516b1,Books,Lipstick,4,131,524,Credit Card,2024,1,January,524,Mary Kelly,65,Male,Miami,3749
2c1d4d38,2024-01-18 02:00:00,e30430,Home Decor,Laptop,4,221,884,Debit Card,2024,1,January,884,Michael Bond,53,Male,New York,1332
dbc3af17,2024-01-18 03:00:00,9df3ae,Books,Novel,1,50,50,UPI,2024,1,January,50,Kristen Myers,42,Male,Houston,205
85667e47,2024-01-18 04:00:00,9b8cee,Electronics,Laptop,3,498,1494,UPI,2024,1,January,1494,Matthew Stout,57,Female,Miami,1705
4b2856da,2024-01-18 05:00:00,72b94a,Electronics,T-Shirt,3,49,147,Cash,2024,1,January,147,Michael Downs,32,Other,Chicago,2293
a855922f,2024-01-18 06:00:00,f53fbf,Clothing,Lipstick,1,88,88,Cash,2024,1,January,88,Susan Bell,43,Other,New York,2919
83e0c0a8,2024-01-18 07:00:00,9353e8,Books,Laptop,2,403,806,UPI,2024,1,January,806,John Francis,40,Female,New York,4276
b09abd14,2024-01-18 08:00:00,1e8504,Clothing,Sofa,4,331,1324,Debit Card,2024,1,January,1324,Mike Dawson,54,Other,Los Angeles,3891
fc1a8385,2024-01-18 09:00:00,7f8f6e,Books,T-Shirt,1,361,361,Debit Card,2024,1,January,361,Teresa Freeman MD,48,Male,Los Angeles,4011
45ae2ef4,2024-01-18 10:00:00,ee92a5,Beauty,Novel,4,498,1992,Debit Card,2024,1,January,1992,Rebecca Scott,50,Male,Chicago,2187
7fb5b6f4,2024-01-18 11:00:00,90a26b,Home Decor,Sofa,1,98,98,Credit Card,2024,1,January,98,Nicole Miller,33,Other,Chicago,589
7dbd39a6,2024-01-18 12:00:00,9ea783,Clothing,Lipstick,2,36,72,UPI,2024,1,January,72,Linda Patterson,58,Female,Miami,3624
9be3e9cf,2024-01-18 13:00:00,381cc6,Clothing,Sofa,1,172,172,Cash,2024,1,January,172,Bryan Livingston,46,Male,New York,4286
1683cf5a,2024-01-18 14:00:00,8761d7,Beauty,Sofa,3,459,1377,Debit Card,2024,1,January,1377,Catherine Harris,39,Male,Houston,1236
6a00e2b1,2024-01-18 15:00:00,d5fa58,Electronics,Lipstick,1,412,412,UPI,2024,1,January,412,Chelsea Foster,63,Female,Los Angeles,932
9e78f00b,2024-01-18 16:00:00,1af473,Beauty,T-Shirt,1,214,214,Credit Card,2024,1,January,214,Patrick Hayes,69,Female,Chicago,4197
f5d2a735,2024-01-18 17:00:00,006294,Beauty,Laptop,2,253,506,Debit Card,2024,1,January,506,Rebecca Clark,29,Female,Miami,102
4e8fb754,2024-01-18 18:00:00,6f4024,Electronics,T-Shirt,2,295,590,Cash,2024,1,January,590,Mark Nichols,35,Female,Los Angeles,327
622942b5,2024-01-18 19:00:00,cf4974,Books,Laptop,3,304,912,UPI,2024,1,January,912,Amanda Bryant,57,Female,Chicago,2823
12ea883b,2024-01-18 20:00:00,6730ff,Electronics,Novel,3,250,750,Credit Card,2024,1,January,750,Todd Murphy,66,Female,Los Angeles,598
39552bdc,2024-01-18 21:00:00,48d760,Books,Laptop,2,88,176,Cash,2024,1,January,176,Mary Stewart,39,Male,Miami,2804
fcfdb001,2024-01-18 22:00:00,e0cc69,Books,T-Shirt,1,169,169,UPI,2024,1,January,169,Mason Ramsey,50,Other,Chicago,2852
f6b9a8a1,2024-01-18 23:00:00,2797c4,Clothing,Sofa,2,103,206,UPI,2024,1,January,206,William Shelton,61,Other,Chicago,1200
a89b5166,2024-01-19 00:00:00,64ed02,Electronics,Lipstick,1,251,251,UPI,2024,1,January,251,Gregory Barker,24,Female,Houston,2463
6658670c,2024-01-19 01:00:00,e0cc69,Home Decor,Laptop,3,75,225,Debit Card,2024,1,January,225,Mason Ramsey,50,Other,Chicago,2852
94d21714,2024-01-19 02:00:00,11027e,Electronics,Laptop,4,371,1484,Cash,2024,1,January,1484,Stephanie James,31,Female,Miami,4520
147ed306,2024-01-19 03:00:00,16f3bf,Home Decor,Lipstick,2,390,780,Credit Card,2024,1,January,780,John Olson,66,Male,Chicago,1343
8b30d873,2024-01-19 04:00:00,0f572d,Home Decor,T-Shirt,2,197,394,Credit Card,2024,1,January,394,Michael Shaw,59,Other,Houston,1002
1c4b74ff,2024-01-19 05:00:00,d28ef1,Beauty,T-Shirt,2,103,206,Debit Card,2024,1,January,206,Alicia Wilcox,46,Other,New York,3127
66120c86,2024-01-19 06:00:00,7c817c,Home Decor,Sofa,3,350,1050,Cash,2024,1,January,1050,Kimberly Francis,43,Female,Los Angeles,2911
4eff5156,2024-01-19 07:00:00,a9a2b0,Home Decor,Laptop,2,281,562,Credit Card,2024,1,January,562,Anna Hartman,57,Male,New York,2003
a20b26f2,2024-01-19 08:00:00,2573ba,Electronics,T-Shirt,2,398,796,Cash,2024,1,January,796,Amber Steele,25,Other,Miami,1816
a1e2cf79,2024-01-19 09:00:00,3e520e,Home Decor,Sofa,2,73,146,Credit Card,2024,1,January,146,Nathan Rodriguez,25,Male,Houston,248
13e72ce8,2024-01-19 10:00:00,ea5046,Electronics,T-Shirt,1,329,329,Credit Card,2024,1,January,329,Ryan Short,35,Other,Houston,2476
673d0287,2024-01-19 11:00:00,be2366,Electronics,Laptop,4,339,1356,Credit Card,2024,1,January,1356,Hector Maddox,21,Female,Houston,2650
2dfeae40,2024-01-19 12:00:00,4b908c,Beauty,Novel,4,336,1344,Credit Card,2024,1,January,1344,Heather Evans,69,Male,New York,4083
6b5470ed,2024-01-19 13:00:00,531de4,Books,Lipstick,3,466,1398,Credit Card,2024,1,January,1398,Valerie Johnson,35,Male,Houston,3524
208115bc,2024-01-19 14:00:00,73d905,Clothing,Laptop,1,99,99,UPI,2024,1,January,99,Jason Singh,53,Female,Los Angeles,2845
3921f0f3,2024-01-19 15:00:00,9f5492,Beauty,Lipstick,1,285,285,Cash,2024,1,January,285,Daniel Owens,33,Male,Los Angeles,2343
5d52b917,2024-01-19 16:00:00,19ec52,Clothing,T-Shirt,3,428,1284,Credit Card,2024,1,January,1284,Susan Jones,57,Other,New York,4191
8275465e,2024-01-19 17:00:00,a93f50,Clothing,Laptop,4,46,184,Debit Card,2024,1,January,184,Taylor Hamilton,62,Other,New York,2956
d0db388e,2024-01-19 18:00:00,2d6227,Beauty,Sofa,2,450,900,UPI,2024,1,January,900,Erik Malone,56,Other,Miami,2052
f0934d82,2024-01-19 19:00:00,a769ab,Beauty,Novel,2,212,424,Credit Card,2024,1,January,424,David Reyes,65,Other,Houston,1179
72052cde,2024-01-19 20:00:00,229428,Clothing,Lipstick,4,310,1240,Debit Card,2024,1,January,1240,Victoria Campbell,28,Other,Los Angeles,691
0cbe077d,2024-01-19 21:00:00,7ed96a,Electronics,Lipstick,4,372,1488,Cash,2024,1,January,1488,Brian Collins,44,Other,Miami,2890
7478e83e,2024-01-19 22:00:00,9758c0,Clothing,Lipstick,2,457,914,UPI,2024,1,January,914,Sherry Cooley,27,Male,Houston,3648
72b8f20d,2024-01-19 23:00:00,79e648,Books,Laptop,4,67,268,Debit Card,2024,1,January,268,Mr. Cody Estrada,30,Female,Los Angeles,3874
52537a8a,2024-01-20 00:00:00,946502,Clothing,Laptop,1,60,60,Cash,2024,1,January,60,Jessica Wright,48,Male,Los Angeles,1119
34c00636,2024-01-20 01:00:00,9e382d,Books,Lipstick,2,460,920,Debit Card,2024,1,January,920,Joshua Wood,63,Male,New York,599
e0d9b969,2024-01-20 02:00:00,7fb211,Beauty,Novel,3,236,708,UPI,2024,1,January,708,Annette Stein,68,Male,Los Angeles,3559
2fddf568,2024-01-20 03:00:00,e0cc69,Clothing,Lipstick,3,257,771,Debit Card,2024,1,January,771,Mason Ramsey,50,Other,Chicago,2852
85d5aba6,2024-01-20 04:00:00,4b5844,Clothing,Laptop,2,291,582,Cash,2024,1,January,582,Breanna Hatfield,44,Male,New York,862
4e72e28e,2024-01-20 05:00:00,fea76e,Home Decor,Lipstick,1,443,443,Debit Card,2024,1,January,443,David Wagner,29,Other,Los Angeles,918
7b345833,2024-01-20 06:00:00,c5940a,Beauty,T-Shirt,4,388,1552,UPI,2024,1,January,1552,Robin Ford,53,Male,New York,654
ef2fb0e1,2024-01-20 07:00:00,08728b,Books,Novel,1,261,261,UPI,2024,1,January,261,Eugene Watson,46,Other,Chicago,1672
3108e02f,2024-01-20 08:00:00,8b8062,Books,Laptop,2,493,986,Cash,2024,1,January,986,Brittany Richardson,55,Other,Chicago,1012
e056cfd8,2024-01-20 09:00:00,99d9cc,Home Decor,Sofa,2,108,216,Debit Card,2024,1,January,216,Jacob Dougherty,26,Female,Los Angeles,3589
f5df7d38,2024-01-20 10:00:00,6a6079,Books,T-Shirt,1,158,158,Debit Card,2024,1,January,158,Jeffrey Stevens,62,Female,Los Angeles,3414
730ed630,2024-01-20 11:00:00,8af74d,Clothing,Novel,3,419,1257,Credit Card,2024,1,January,1257,Sophia Proctor,25,Male,Los Angeles,1646
adfe78ab,2024-01-20 12:00:00,847711,Books,Laptop,1,428,428,Credit Card,2024,1,January,428,Hector Rodriguez,61,Other,Houston,2238
ba1060a9,2024-01-20 13:00:00,eb354d,Electronics,T-Shirt,4,96,384,Debit Card,2024,1,January,384,Christina Cruz,32,Other,Los Angeles,3102
67bbbada,2024-01-20 14:00:00,b0e8fa,Home Decor,T-Shirt,4,245,980,Credit Card,2024,1,January,980,Robert Benitez,24,Female,Chicago,4622
993ddf58,2024-01-20 15:00:00,5fecb0,Electronics,Laptop,3,462,1386,UPI,2024,1,January,1386,Carolyn Fuentes MD,52,Female,Los Angeles,3429
eafe4328,2024-01-20 16:00:00,19ec52,Beauty,Novel,3,445,1335,Debit Card,2024,1,January,1335,Susan Jones,57,Other,New York,4191
fdf21f28,2024-01-20 17:00:00,064398,Beauty,T-Shirt,3,19,57,Cash,2024,1,January,57,Michael Olson,56,Male,New York,283
1d876d49,2024-01-20 18:00:00,7ee0ca,Books,Lipstick,2,80,160,Debit Card,2024,1,January,160,Cheryl Freeman,25,Other,New York,4128
a1131335,2024-01-20 19:00:00,636007,Electronics,Laptop,4,319,1276,Credit Card,2024,1,January,1276,Carly Freeman,35,Other,Los Angeles,1196
57412509,2024-01-20 20:00:00,02e54e,Home Decor,Lipstick,4,218,872,Credit Card,2024,1,January,872,Linda Davis,61,Male,Houston,1773
60b40528,2024-01-20 21:00:00,b25446,Electronics,Laptop,3,449,1347,Credit Card,2024,1,January,1347,Gloria Cortez,59,Other,Chicago,4659
1f729a69,2024-01-20 22:00:00,d28ef1,Electronics,Lipstick,4,420,1680,UPI,2024,1,January,1680,Alicia Wilcox,46,Other,New York,3127
234e8ab1,2024-01-20 23:00:00,e2494b,Home Decor,Sofa,1,86,86,Debit Card,2024,1,January,86,Catherine Taylor,62,Other,Houston,3753
9587100c,2024-01-21 00:00:00,16d7bc,Clothing,Sofa,4,267,1068,Debit Card,2024,1,January,1068,Steven Bell,38,Other,New York,2302
29bd6227,2024-01-21 01:00:00,98fb8a,Books,T-Shirt,3,29,87,Credit Card,2024,1,January,87,Rebecca Jimenez,19,Male,New York,3510
10b6eb63,2024-01-21 02:00:00,5802d9,Books,Lipstick,2,294,588,UPI,2024,1,January,588,Jason Thomas,39,Other,Miami,4915
cf24bc4c,2024-01-21 03:00:00,00c7a0,Books,Lipstick,1,80,80,Debit Card,2024,1,January,80,Steven Hernandez Jr.,42,Female,New York,689
df2ac6f5,2024-01-21 04:00:00,d5f2e3,Electronics,Sofa,1,39,39,UPI,2024,1,January,39,Virginia Potter,69,Male,Los Angeles,923
a9b838d2,2024-01-21 05:00:00,09abde,Clothing,Sofa,2,293,586,Credit Card,2024,1,January,586,Joshua Lopez,38,Female,Miami,2856
b81dd1eb,2024-01-21 06:00:00,4cb6b2,Electronics,Novel,4,151,604,UPI,2024,1,January,604,Anthony Adams,41,Other,New York,2126
7a2336ff,2024-01-21 07:00:00,6776ac,Clothing,Novel,4,410,1640,Credit Card,2024,1,January,1640,Cheryl Welch,41,Male,New York,3392
55e77c32,2024-01-21 08:00:00,83722d,Home Decor,T-Shirt,2,162,324,UPI,2024,1,January,324,William Frazier,36,Male,Miami,4245
84a26288,2024-01-21 09:00:00,48ca82,Home Decor,Laptop,4,432,1728,Credit Card,2024,1,January,1728,Dean Brown,68,Female,Chicago,439
ffb8db9c,2024-01-21 10:00:00,a43eea,Electronics,Novel,4,297,1188,UPI,2024,1,January,1188,Robert Gonzales,36,Female,Miami,1172
b5bbd70d,2024-01-21 11:00:00,3e96e7,Books,T-Shirt,2,152,304,Cash,2024,1,January,304,Carrie Valdez,62,Female,Los Angeles,785
f3017651,2024-01-21 12:00:00,d9a24a,Clothing,Laptop,2,76,152,Cash,2024,1,January,152,Amy Fisher,68,Other,Miami,1070
53497c09,2024-01-21 13:00:00,a658a4,Clothing,Novel,4,380,1520,Debit Card,2024,1,January,1520,Harold Eaton,52,Other,Chicago,2217
d710d310,2024-01-21 14:00:00,7ee0ca,Electronics,Lipstick,4,258,1032,Cash,2024,1,January,1032,Cheryl Freeman,25,Other,New York,4128
b6f5bcb7,2024-01-21 15:00:00,ff187f,Clothing,Lipstick,3,214,642,UPI,2024,1,January,642,Sarah Moss,61,Other,Miami,369
b1e9272d,2024-01-21 16:00:00,bdcd45,Home Decor,Novel,2,490,980,Credit Card,2024,1,January,980,Crystal Oconnell,60,Female,Los Angeles,1678
f126dde7,2024-01-21 17:00:00,4cb6b2,Home Decor,Lipstick,1,41,41,Cash,2024,1,January,41,Anthony Adams,41,Other,New York,2126
381ba0f2,2024-01-21 18:00:00,952942,Home Decor,T-Shirt,2,164,328,Credit Card,2024,1,January,328,Judith Romero,35,Male,Houston,636
3c563f47,2024-01-21 19:00:00,ddf97f,Home Decor,Sofa,3,300,900,Debit Card,2024,1,January,900,Kenneth Rios,35,Female,Houston,398
940ac820,2024-01-21 20:00:00,a38696,Books,T-Shirt,4,413,1652,Debit Card,2024,1,January,1652,Ian Hartman,67,Other,New York,1879
dd542494,2024-01-21 21:00:00,b5b7da,Home Decor,Sofa,4,232,928,UPI,2024,1,January,928,Susan Rogers,59,Other,Chicago,3494
32925783,2024-01-21 22:00:00,4e8d63,Electronics,Lipstick,2,51,102,Credit Card,2024,1,January,102,Jesus English,60,Other,New York,1673
b4b85edc,2024-01-21 23:00:00,62990d,Clothing,T-Shirt,3,204,612,Cash,2024,1,January,612,Christopher Clayton,50,Male,Houston,1171
ff487d03,2024-01-22 00:00:00,a058b8,Books,Sofa,3,420,1260,Debit Card,2024,1,January,1260,Willie Allen,42,Female,New York,4027
3465f8d4,2024-01-22 01:00:00,a453b1,Books,Sofa,3,85,255,Credit Card,2024,1,January,255,Christian Mckenzie,64,Male,Los Angeles,3748
ec05669c,2024-01-22 02:00:00,26b6c9,Clothing,Sofa,3,427,1281,UPI,2024,1,January,1281,Dr. Emily Jones,24,Other,New York,3710
2697b57d,2024-01-22 03:00:00,3230b4,Home Decor,T-Shirt,4,182,728,UPI,2024,1,January,728,Stefanie Wallace,65,Male,Los Angeles,4369
b552520c,2024-01-22 04:00:00,780364,Home Decor,T-Shirt,1,139,139,UPI,2024,1,January,139,Oscar Walton,69,Female,New York,4113
d70bade5,2024-01-22 05:00:00,94c3c4,Beauty,Sofa,3,19,57,Credit Card,2024,1,January,57,Marcus Gregory,28,Other,Chicago,3768
ed14fdf7,2024-01-22 06:00:00,5503aa,Electronics,Laptop,1,496,496,Cash,2024,1,January,496,Todd Suarez,65,Female,New York,3634
5cfde459,2024-01-22 07:00:00,401167,Beauty,Sofa,1,322,322,Debit Card,2024,1,January,322,Carlos Ross,54,Female,New York,4884
11d11b98,2024-01-22 08:00:00,90a26b,Clothing,Laptop,3,222,666,Credit Card,2024,1,January,666,Nicole Miller,33,Other,Chicago,589
05e6a8f6,2024-01-22 09:00:00,bf898e,Beauty,Lipstick,4,81,324,UPI,2024,1,January,324,Robert Curtis,56,Female,Chicago,4661
012c8bbb,2024-01-22 10:00:00,73fbf5,Home Decor,Lipstick,4,268,1072,UPI,2024,1,January,1072,Erik Rivera,41,Other,Chicago,3178
6782cee3,2024-01-22 11:00:00,6b6067,Electronics,Sofa,4,245,980,Credit Card,2024,1,January,980,Katherine Marshall,51,Female,New York,642
2eac180b,2024-01-22 12:00:00,1e8504,Home Decor,Laptop,4,231,924,Debit Card,2024,1,January,924,Mike Dawson,54,Other,Los Angeles,3891
d0ff882c,2024-01-22 13:00:00,335482,Home Decor,T-Shirt,3,194,582,Cash,2024,1,January,582,Stephanie Snow,29,Other,New York,1304
9978a824,2024-01-22 14:00:00,a9a2b0,Electronics,Novel,1,12,12,Debit Card,2024,1,January,12,Anna Hartman,57,Male,New York,2003
3a4b0197,2024-01-22 15:00:00,55721d,Clothing,Lipstick,4,333,1332,Credit Card,2024,1,January,1332,Tammy Silva,30,Male,Los Angeles,1320
b06d416e,2024-01-22 16:00:00,464392,Electronics,Sofa,2,32,64,Cash,2024,1,January,64,Michael Brown,64,Female,Chicago,757
a0c86cd4,2024-01-22 17:00:00,9ea783,Electronics,Laptop,3,135,405,Credit Card,2024,1,January,405,Linda Patterson,58,Female,Miami,3624
40a133e0,2024-01-22 18:00:00,4e1657,Books,Sofa,3,68,204,UPI,2024,1,January,204,Christina Clayton,61,Other,Chicago,4264
eebbc9c7,2024-01-22 19:00:00,a47564,Books,Novel,3,159,477,Credit Card,2024,1,January,477,Brenda Johnson,56,Other,Miami,1037
a847b8c7,2024-01-22 20:00:00,97707e,Beauty,Sofa,1,153,153,Debit Card,2024,1,January,153,Elizabeth Kennedy,30,Female,Houston,2364
cabde81c,2024-01-22 21:00:00,a66c03,Books,Lipstick,2,52,104,Cash,2024,1,January,104,Douglas Klein,52,Other,Los Angeles,4491
c99e18c4,2024-01-22 22:00:00,fd70c5,Beauty,T-Shirt,4,169,676,Credit Card,2024,1,January,676,Jessica Mercado,24,Male,New York,2256
86aed742,2024-01-22 23:00:00,900d8c,Electronics,Lipstick,2,425,850,Debit Card,2024,1,January,850,Jamie Scott,36,Female,New York,4830
aef1bfa9,2024-01-23 00:00:00,4b3ab7,Home Decor,T-Shirt,3,315,945,Cash,2024,1,January,945,Amanda Rhodes DVM,32,Other,New York,2494
9630a9b9,2024-01-23 01:00:00,3f84b9,Books,Lipstick,2,364,728,Debit Card,2024,1,January,728,Christine Li,64,Other,New York,550
3c5f44a1,2024-01-23 02:00:00,3d5794,Electronics,Sofa,1,406,406,Cash,2024,1,January,406,Ronald Burns,52,Other,New York,1445
aa631119,2024-01-23 03:00:00,95c81d,Beauty,Lipstick,4,429,1716,UPI,2024,1,January,1716,Anthony Cohen,42,Female,Miami,2725
17ddfe10,2024-01-23 04:00:00,a058b8,Clothing,Sofa,4,412,1648,UPI,2024,1,January,1648,Willie Allen,42,Female,New York,4027
55694f1c,2024-01-23 05:00:00,92f42e,Electronics,Lipstick,2,398,796,Cash,2024,1,January,796,Charlotte Buck,60,Other,Houston,4780
0867ab99,2024-01-23 06:00:00,1beced,Home Decor,Novel,2,261,522,Debit Card,2024,1,January,522,Victoria Smith,25,Other,Chicago,3850
239a7d4a,2024-01-23 07:00:00,00e1ff,Books,Sofa,4,117,468,Debit Card,2024,1,January,468,Daniel Rhodes,30,Male,Houston,4794
b24f5ed4,2024-01-23 08:00:00,c11bcd,Beauty,Laptop,2,369,738,UPI,2024,1,January,738,Erica Smith,46,Female,Houston,2796
ca5ab231,2024-01-23 09:00:00,1ef710,Books,Lipstick,3,60,180,UPI,2024,1,January,180,Jennifer Butler,23,Male,Chicago,2478
a8dcb0a8,2024-01-23 10:00:00,a5f9cf,Beauty,Sofa,4,377,1508,Credit Card,2024,1,January,1508,Hannah Marks,30,Other,Chicago,1094
c1ec7c02,2024-01-23 11:00:00,d60a81,Beauty,Lipstick,2,278,556,Debit Card,2024,1,January,556,Danielle Burch,23,Female,Miami,512
7f754a36,2024-01-23 12:00:00,09abde,Home Decor,Lipstick,2,11,22,Cash,2024,1,January,22,Joshua Lopez,38,Female,Miami,2856
a7854f04,2024-01-23 13:00:00,9179cd,Books,Novel,3,67,201,Debit Card,2024,1,January,201,Paul Grant,31,Male,Houston,1365
9e15a286,2024-01-23 14:00:00,1db120,Beauty,Novel,2,211,422,Debit Card,2024,1,January,422,Fernando Henry,56,Female,Miami,891
5aee1b30,2024-01-23 15:00:00,0daf3e,Home Decor,Sofa,3,197,591,UPI,2024,1,January,591,Nathan Ford,56,Male,Houston,3229
2b8363fd,2024-01-23 16:00:00,720ce3,Home Decor,T-Shirt,4,55,220,Debit Card,2024,1,January,220,Benjamin Smith,53,Female,Chicago,1315
f40b9e2e,2024-01-23 17:00:00,5d31de,Home Decor,Lipstick,2,68,136,UPI,2024,1,January,136,Cynthia Campbell,55,Male,Los Angeles,770
7d2a7c65,2024-01-23 18:00:00,72b94a,Home Decor,Laptop,4,360,1440,Credit Card,2024,1,January,1440,Michael Downs,32,Other,Chicago,2293
421d28b8,2024-01-23 19:00:00,13dcc8,Home Decor,Lipstick,1,94,94,Credit Card,2024,1,January,94,Philip Hudson,55,Male,Chicago,797
1d5c2668,2024-01-23 20:00:00,21bb3c,Beauty,Sofa,1,291,291,Debit Card,2024,1,January,291,Michael Glenn,42,Male,New York,4888
ba105aa1,2024-01-23 21:00:00,ef06ed,Books,T-Shirt,3,277,831,Credit Card,2024,1,January,831,Michael Harvey,28,Other,New York,2849
c0f109a2,2024-01-23 22:00:00,642d5e,Beauty,Sofa,2,351,702,Debit Card,2024,1,January,702,Tyler Price,24,Male,Miami,2530
09180b0e,2024-01-23 23:00:00,2797c4,Electronics,Novel,4,112,448,UPI,2024,1,January,448,William Shelton,61,Other,Chicago,1200
069fdde6,2024-01-24 00:00:00,92f42e,Electronics,Laptop,1,38,38,Cash,2024,1,January,38,Charlotte Buck,60,Other,Houston,4780
9cf8e0bf,2024-01-24 01:00:00,8588e6,Beauty,Lipstick,4,291,1164,UPI,2024,1,January,1164,Vincent Mcpherson,22,Male,Miami,2414
a6b049c8,2024-01-24 02:00:00,68bb34,Clothing,T-Shirt,3,159,477,Debit Card,2024,1,January,477,Susan Cole,37,Female,New York,3455
4c6cbd3f,2024-01-24 03:00:00,7f8f6e,Books,Novel,4,419,1676,Credit Card,2024,1,January,1676,Teresa Freeman MD,48,Male,Los Angeles,4011
b0695c5f,2024-01-24 04:00:00,4e8d63,Books,T-Shirt,2,221,442,Debit Card,2024,1,January,442,Jesus English,60,Other,New York,1673
476598e6,2024-01-24 05:00:00,add371,Clothing,Sofa,2,13,26,Debit Card,2024,1,January,26,Todd Price,51,Other,Houston,4866
54100777,2024-01-24 06:00:00,989d13,Electronics,T-Shirt,1,218,218,Debit Card,2024,1,January,218,Matthew Jacobs,45,Female,Los Angeles,4574
5ee933e5,2024-01-24 07:00:00,560d35,Electronics,Laptop,4,270,1080,UPI,2024,1,January,1080,Ronnie Smith,37,Other,Chicago,3306
17ccd322,2024-01-24 08:00:00,ea3b0a,Home Decor,Sofa,3,149,447,Debit Card,2024,1,January,447,Gabrielle Duke,20,Other,Chicago,4051
dbceaf84,2024-01-24 09:00:00,d91d4c,Clothing,Sofa,1,415,415,Credit Card,2024,1,January,415,Tina Michael,42,Other,Houston,2968
b0787def,2024-01-24 10:00:00,d72dc0,Books,Novel,2,189,378,Cash,2024,1,January,378,Francisco Mills,49,Male,Chicago,4380
bbbac55c,2024-01-24 11:00:00,7db8bc,Clothing,Lipstick,3,314,942,Credit Card,2024,1,January,942,Rhonda Price,39,Male,Houston,4356
3f067172,2024-01-24 12:00:00,9ef8fa,Clothing,Sofa,3,128,384,Debit Card,2024,1,January,384,April Baird,40,Female,Los Angeles,3851
ae447198,2024-01-24 13:00:00,a883b9,Home Decor,Laptop,4,449,1796,Cash,2024,1,January,1796,John Miller,30,Female,Miami,1257
33e8e210,2024-01-24 14:00:00,2540a6,Clothing,Novel,3,70,210,Credit Card,2024,1,January,210,Anna Butler,31,Other,New York,533
fb62ff5c,2024-01-24 15:00:00,374829,Clothing,T-Shirt,3,244,732,UPI,2024,1,January,732,Susan Beard,18,Male,Los Angeles,264
afc472df,2024-01-24 16:00:00,6ecf87,Clothing,Laptop,2,460,920,Debit Card,2024,1,January,920,Shannon Hayes,67,Other,New York,3341
fea6e52e,2024-01-24 17:00:00,9179cd,Home Decor,Laptop,4,487,1948,Credit Card,2024,1,January,1948,Paul Grant,31,Male,Houston,1365
1c438ede,2024-01-24 18:00:00,7e8063,Books,Laptop,4,121,484,Credit Card,2024,1,January,484,Kelly Meyer,28,Female,Miami,4745
18a6721e,2024-01-24 19:00:00,0e7f83,Electronics,T-Shirt,3,409,1227,Debit Card,2024,1,January,1227,Richard Moore,43,Male,New York,3508
686e50cd,2024-01-24 20:00:00,41b60a,Home Decor,Laptop,1,30,30,Credit Card,2024,1,January,30,Lisa Taylor,26,Male,Houston,3357
8bb3f3fd,2024-01-24 21:00:00,72b94a,Clothing,Lipstick,1,486,486,UPI,2024,1,January,486,Michael Downs,32,Other,Chicago,2293
dde75b60,2024-01-24 22:00:00,a5e223,Electronics,T-Shirt,3,166,498,UPI,2024,1,January,498,Charles Villa,37,Female,New York,1944
7870b307,2024-01-24 23:00:00,08561f,Electronics,Lipstick,2,344,688,Cash,2024,1,January,688,Michael Buchanan,64,Female,Houston,1661
a0e3370b,2024-01-25 00:00:00,e093b6,Clothing,Sofa,3,306,918,Debit Card,2024,1,January,918,Charles Mejia,68,Male,New York,1541
4f180fd4,2024-01-25 01:00:00,c690cb,Beauty,Laptop,3,247,741,Cash,2024,1,January,741,Jillian Black,25,Other,New York,1599
3dcac7cb,2024-01-25 02:00:00,344e6a,Home Decor,Novel,1,166,166,UPI,2024,1,January,166,Patrick Johnson,50,Female,Chicago,3121
bc13499e,2024-01-25 03:00:00,43bf8b,Books,Laptop,4,208,832,Debit Card,2024,1,January,832,Christina Porter,59,Female,Chicago,1114
9df833c7,2024-01-25 04:00:00,a3633d,Beauty,Lipstick,4,90,360,Credit Card,2024,1,January,360,Tina Horne,30,Other,Miami,3484
c880ab18,2024-01-25 05:00:00,c91499,Beauty,Novel,1,365,365,Credit Card,2024,1,January,365,Roberto Bryan,53,Female,New York,2984
ba966f89,2024-01-25 06:00:00,135dd1,Beauty,Sofa,1,334,334,Credit Card,2024,1,January,334,Robin Cabrera,42,Male,Houston,713
ced84b26,2024-01-25 07:00:00,135dd1,Home Decor,Laptop,4,490,1960,UPI,2024,1,January,1960,Robin Cabrera,42,Male,Houston,713
9e5bdd03,2024-01-25 08:00:00,acb4b3,Home Decor,Novel,2,271,542,Credit Card,2024,1,January,542,Connie Ortiz,36,Female,Los Angeles,851
34fa4a15,2024-01-25 09:00:00,bf7f78,Beauty,Lipstick,3,365,1095,Cash,2024,1,January,1095,Jacob Wiley,34,Female,Los Angeles,4631
2f2f14f7,2024-01-25 10:00:00,e15a0f,Home Decor,Novel,1,273,273,Debit Card,2024,1,January,273,Richard Burke,59,Other,Chicago,550
a4d2403d,2024-01-25 11:00:00,c5dcf8,Home Decor,Lipstick,1,239,239,Cash,2024,1,January,239,Joseph Myers,26,Male,Chicago,629
02e4e7ce,2024-01-25 12:00:00,e69c2c,Electronics,Lipstick,2,273,546,Debit Card,2024,1,January,546,Stacie Potter,62,Female,Miami,3020
b2ca7936,2024-01-25 13:00:00,ceafe5,Beauty,Laptop,4,410,1640,Debit Card,2024,1,January,1640,James Jacobs,43,Female,Miami,411
071e0fe7,2024-01-25 14:00:00,1d5e7c,Electronics,T-Shirt,4,381,1524,Credit Card,2024,1,January,1524,John Fritz,41,Other,Chicago,1424
f415913a,2024-01-25 15:00:00,da21ea,Home Decor,Laptop,1,182,182,UPI,2024,1,January,182,Bruce Hughes,69,Female,Houston,4390
57882c4a,2024-01-25 16:00:00,1718ff,Home Decor,Novel,2,421,842,Cash,2024,1,January,842,Danielle Walker,45,Male,Miami,2435
45772ba8,2024-01-25 17:00:00,8215fb,Home Decor,Sofa,3,445,1335,Cash,2024,1,January,1335,Amanda Mitchell,39,Other,Houston,2082
dbaf3ae7,2024-01-25 18:00:00,b96fdb,Clothing,Sofa,3,367,1101,Cash,2024,1,January,1101,John Hernandez,64,Male,Los Angeles,202
fdbacf5a,2024-01-25 19:00:00,cd1aeb,Home Decor,Lipstick,2,262,524,Credit Card,2024,1,January,524,Margaret Williams,64,Female,Miami,394
24ffd183,2024-01-25 20:00:00,d97042,Books,T-Shirt,1,176,176,Debit Card,2024,1,January,176,Lauren Best,27,Male,Houston,834
8e90833f,2024-01-25 21:00:00,aea03b,Books,Lipstick,3,81,243,UPI,2024,1,January,243,Tracy Jackson,63,Other,Houston,1143
0f7b1603,2024-01-25 22:00:00,8e01c2,Electronics,T-Shirt,1,488,488,Cash,2024,1,January,488,Calvin Anderson,59,Other,Los Angeles,2800
8d4baf98,2024-01-25 23:00:00,68cd22,Beauty,Laptop,1,378,378,Cash,2024,1,January,378,Rebecca Clayton,54,Male,Los Angeles,2804
8021dfdd,2024-01-26 00:00:00,2b8bd1,Electronics,T-Shirt,3,100,300,UPI,2024,1,January,300,Michelle Chambers,55,Female,New York,3771
f58486ea,2024-01-26 01:00:00,97707e,Books,Laptop,4,339,1356,Cash,2024,1,January,1356,Elizabeth Kennedy,30,Female,Houston,2364
473886f6,2024-01-26 02:00:00,7170d4,Clothing,Lipstick,2,56,112,Credit Card,2024,1,January,112,Scott Morgan,29,Male,Miami,467
2c173f96,2024-01-26 03:00:00,1edeaa,Beauty,Laptop,1,160,160,Debit Card,2024,1,January,160,Lisa Mitchell,54,Other,Chicago,3116
f730b081,2024-01-26 04:00:00,08a16f,Books,Lipstick,4,410,1640,UPI,2024,1,January,1640,Cathy Ryan,26,Male,Los Angeles,4949
0cca81ce,2024-01-26 05:00:00,8dd666,Books,Laptop,3,353,1059,UPI,2024,1,January,1059,Erica Odom,44,Other,New York,4210
aa72f57c,2024-01-26 06:00:00,5964b7,Beauty,Sofa,2,411,822,UPI,2024,1,January,822,Deborah Dixon,56,Other,Chicago,1527
2b02c956,2024-01-26 07:00:00,3c23c3,Books,Sofa,2,145,290,Credit Card,2024,1,January,290,Mr. Cody Howard MD,68,Male,Houston,4403
5084ab9d,2024-01-26 08:00:00,e4b912,Electronics,Novel,2,395,790,UPI,2024,1,January,790,Steven Evans,37,Male,Chicago,3182
5517be7a,2024-01-26 09:00:00,dccb1a,Beauty,T-Shirt,3,87,261,UPI,2024,1,January,261,Wayne Owens,50,Male,Miami,2832
9fae4990,2024-01-26 10:00:00,d94e1a,Books,T-Shirt,2,432,864,Debit Card,2024,1,January,864,Jennifer English,52,Male,Miami,4731
18d0a665,2024-01-26 11:00:00,630ccf,Electronics,T-Shirt,2,437,874,Debit Card,2024,1,January,874,Adrienne Russell,38,Other,Los Angeles,629
9b8eb2fb,2024-01-26 12:00:00,f59c2a,Home Decor,Novel,3,474,1422,Cash,2024,1,January,1422,John Miller,28,Other,New York,4512
2ed04bfd,2024-01-26 13:00:00,0d28a1,Books,Lipstick,1,53,53,UPI,2024,1,January,53,Elizabeth Chase,56,Female,Miami,2704
7d8c92c5,2024-01-26 14:00:00,acb4b3,Home Decor,T-Shirt,3,369,1107,Cash,2024,1,January,1107,Connie Ortiz,36,Female,Los Angeles,851
552ff3ad,2024-01-26 15:00:00,a89122,Beauty,Sofa,1,36,36,Debit Card,2024,1,January,36,Andrew Armstrong,31,Male,Los Angeles,2413
0d133adc,2024-01-26 16:00:00,08728b,Clothing,T-Shirt,1,492,492,Credit Card,2024,1,January,492,Eugene Watson,46,Other,Chicago,1672
8f4cef50,2024-01-26 17:00:00,50cd47,Beauty,Laptop,4,412,1648,Cash,2024,1,January,1648,Robert Abbott,30,Female,Houston,2062
9c1f2d79,2024-01-26 18:00:00,989d13,Electronics,Novel,4,223,892,Cash,2024,1,January,892,Matthew Jacobs,45,Female,Los Angeles,4574
5c42fc2e,2024-01-26 19:00:00,0f0a4a,Books,Lipstick,4,257,1028,Cash,2024,1,January,1028,Madison Morton,37,Male,New York,4109
0985729d,2024-01-26 20:00:00,3e9b3c,Home Decor,Sofa,1,206,206,Debit Card,2024,1,January,206,Mr. Mark Soto MD,63,Female,Los Angeles,1591
86c255a9,2024-01-26 21:00:00,e5e89c,Books,Sofa,4,327,1308,Debit Card,2024,1,January,1308,Jesse Downs,41,Female,Chicago,1812
bf5f15c6,2024-01-26 22:00:00,541935,Books,Sofa,2,498,996,Cash,2024,1,January,996,Mariah Long,35,Female,Chicago,4936
fe41eefa,2024-01-26 23:00:00,26031c,Electronics,T-Shirt,3,142,426,UPI,2024,1,January,426,Kara Brooks,39,Other,Houston,3427
bcc43748,2024-01-27 00:00:00,bcea66,Books,Novel,2,411,822,UPI,2024,1,January,822,Mary Bass,30,Other,Houston,2287
09156bf8,2024-01-27 01:00:00,a6f09a,Home Decor,Sofa,3,482,1446,UPI,2024,1,January,1446,Christopher Cannon,64,Female,Los Angeles,1925
e367a1d9,2024-01-27 02:00:00,246cc6,Beauty,T-Shirt,1,439,439,Credit Card,2024,1,January,439,Erin Contreras,69,Other,Los Angeles,4662
5682ea1c,2024-01-27 03:00:00,1cf4fd,Clothing,Novel,4,390,1560,Debit Card,2024,1,January,1560,Joseph Robinson,23,Male,Los Angeles,3674
87fc7c5f,2024-01-27 04:00:00,88c997,Home Decor,Sofa,4,436,1744,UPI,2024,1,January,1744,Ralph Salinas,33,Other,Miami,2026
7ad78ac7,2024-01-27 05:00:00,8b9634,Books,Sofa,4,197,788,Credit Card,2024,1,January,788,Amber Wise,23,Male,Chicago,1274
10d77f5b,2024-01-27 06:00:00,d8c1d4,Home Decor,Lipstick,3,346,1038,Cash,2024,1,January,1038,Andrew Williamson,18,Male,New York,983
798af220,2024-01-27 07:00:00,d5fa58,Electronics,Laptop,2,105,210,UPI,2024,1,January,210,Chelsea Foster,63,Female,Los Angeles,932
1eaa2d87,2024-01-27 08:00:00,d9e3eb,Electronics,Sofa,4,202,808,Cash,2024,1,January,808,Stanley Harrell,46,Other,Miami,2772
40da814d,2024-01-27 09:00:00,888bce,Clothing,Lipstick,2,224,448,UPI,2024,1,January,448,Dominique Hall MD,33,Female,Chicago,4595
c31837c7,2024-01-27 10:00:00,bc7eea,Clothing,Novel,4,355,1420,UPI,2024,1,January,1420,Brian Wagner,44,Male,New York,1388
ffd59544,2024-01-27 11:00:00,580dca,Beauty,Novel,2,362,724,Credit Card,2024,1,January,724,Sarah Gonzalez,63,Female,New York,1741
722d6f24,2024-01-27 12:00:00,3f29cb,Home Decor,Novel,4,359,1436,Debit Card,2024,1,January,1436,Michael Peterson,65,Male,Los Angeles,876
0de07e62,2024-01-27 13:00:00,4bcdfc,Electronics,Laptop,4,437,1748,Credit Card,2024,1,January,1748,Susan Harris,44,Other,Chicago,131
5e3c650b,2024-01-27 14:00:00,1513de,Books,T-Shirt,2,161,322,Debit Card,2024,1,January,322,Cindy Jordan,32,Other,Chicago,615
44f7d678,2024-01-27 15:00:00,1e3c19,Books,Novel,4,265,1060,Cash,2024,1,January,1060,Christopher Raymond,61,Female,Chicago,1037
ee1bd829,2024-01-27 16:00:00,d1bc18,Beauty,Novel,2,248,496,Debit Card,2024,1,January,496,Alexis Ward,22,Other,Chicago,3306
968a54f4,2024-01-27 17:00:00,467ac4,Home Decor,Lipstick,4,310,1240,UPI,2024,1,January,1240,Michael Smith,42,Female,Houston,3857
d73a1cbf,2024-01-27 18:00:00,68bb34,Beauty,T-Shirt,1,123,123,Cash,2024,1,January,123,Susan Cole,37,Female,New York,3455
eec8bd1e,2024-01-27 19:00:00,ee92a5,Beauty,Laptop,4,426,1704,Credit Card,2024,1,January,1704,Rebecca Scott,50,Male,Chicago,2187
c9c5c4dc,2024-01-27 20:00:00,13da0f,Clothing,T-Shirt,2,157,314,Cash,2024,1,January,314,Henry Arnold,33,Male,Los Angeles,4019
cc7f27c6,2024-01-27 21:00:00,67f933,Clothing,Laptop,1,128,128,Credit Card,2024,1,January,128,Philip Curry,45,Male,New York,2145
2c97794c,2024-01-27 22:00:00,3fc53f,Beauty,Lipstick,3,87,261,UPI,2024,1,January,261,Joseph Johnston,47,Male,Chicago,3266
54a0b41f,2024-01-27 23:00:00,9d106b,Books,Novel,2,439,878,UPI,2024,1,January,878,Ashley Sanders,42,Other,Houston,1868
055bb0a1,2024-01-28 00:00:00,dad6df,Clothing,Lipstick,2,262,524,Credit Card,2024,1,January,524,Glenda Chapman,60,Other,Miami,3954
0a59715f,2024-01-28 01:00:00,85ae39,Books,Sofa,1,104,104,Cash,2024,1,January,104,Rebecca Hughes,54,Other,Houston,129
2ac1d0e5,2024-01-28 02:00:00,ddf97f,Clothing,Lipstick,2,444,888,Cash,2024,1,January,888,Kenneth Rios,35,Female,Houston,398
2f4feb5b,2024-01-28 03:00:00,a89122,Electronics,Lipstick,3,433,1299,Cash,2024,1,January,1299,Andrew Armstrong,31,Male,Los Angeles,2413
6bd85cc1,2024-01-28 04:00:00,08a79b,Beauty,Novel,3,208,624,Cash,2024,1,January,624,Benjamin Ryan,41,Male,Miami,3560
20546904,2024-01-28 05:00:00,903a0f,Electronics,Laptop,4,288,1152,UPI,2024,1,January,1152,Tony Graves,33,Other,Los Angeles,4920
61cf7a2e,2024-01-28 06:00:00,7d5842,Electronics,Laptop,4,232,928,Credit Card,2024,1,January,928,Amy Hughes,68,Male,Miami,3253
223d2299,2024-01-28 07:00:00,4b908c,Beauty,Novel,3,459,1377,UPI,2024,1,January,1377,Heather Evans,69,Male,New York,4083
8a3a51f3,2024-01-28 08:00:00,d8b630,Books,Novel,2,295,590,Debit Card,2024,1,January,590,Natasha Ray,53,Other,Chicago,4322
ddec3dc7,2024-01-28 09:00:00,c4d27b,Electronics,Laptop,4,164,656,Debit Card,2024,1,January,656,Natalie Martinez,39,Other,Houston,4625
4cc47a61,2024-01-28 10:00:00,59035c,Beauty,Lipstick,4,161,644,Cash,2024,1,January,644,Richard Wheeler,36,Other,Miami,2787
186a82a2,2024-01-28 11:00:00,10ce2b,Beauty,Lipstick,2,362,724,Credit Card,2024,1,January,724,Derek Cox,51,Female,Chicago,427
c95c486c,2024-01-28 12:00:00,d35b1d,Beauty,Sofa,1,140,140,UPI,2024,1,January,140,Sarah Johns,39,Other,Los Angeles,3064
3aa6d5e1,2024-01-28 13:00:00,b8e59b,Home Decor,Sofa,2,32,64,Debit Card,2024,1,January,64,Ashley Murphy,69,Other,New York,570
87ce32cb,2024-01-28 14:00:00,8ad450,Beauty,Novel,2,35,70,UPI,2024,1,January,70,James Schmidt,49,Female,Los Angeles,2300
c5606b3d,2024-01-28 15:00:00,5ad076,Books,Sofa,1,178,178,Cash,2024,1,January,178,Juan Holmes,26,Female,Chicago,4623
30b00f83,2024-01-28 16:00:00,9df3ae,Home Decor,Laptop,3,142,426,Cash,2024,1,January,426,Kristen Myers,42,Male,Houston,205
cc66756f,2024-01-28 17:00:00,0db9a5,Clothing,Sofa,3,171,513,UPI,2024,1,January,513,Troy Johnson,59,Other,Miami,2846
cea2b4b7,2024-01-28 18:00:00,575c46,Clothing,T-Shirt,2,285,570,UPI,2024,1,January,570,Bradley Rich,22,Other,Houston,4667
a9781b6a,2024-01-28 19:00:00,550b13,Beauty,Lipstick,4,219,876,Cash,2024,1,January,876,Paul Gibson,24,Male,Houston,1204
f4e18848,2024-01-28 20:00:00,575c46,Clothing,Novel,2,252,504,UPI,2024,1,January,504,Bradley Rich,22,Other,Houston,4667
250ce85e,2024-01-28 21:00:00,7e3148,Clothing,T-Shirt,4,32,128,Cash,2024,1,January,128,Steven Rivera,27,Female,Chicago,326
d43aa941,2024-01-28 22:00:00,60c2f9,Electronics,Laptop,2,180,360,UPI,2024,1,January,360,Anthony Ponce,65,Female,Chicago,386
f35713d9,2024-01-28 23:00:00,e4b912,Electronics,Novel,3,447,1341,Credit Card,2024,1,January,1341,Steven Evans,37,Male,Chicago,3182
8469662e,2024-01-29 00:00:00,4ddebc,Electronics,Sofa,2,456,912,Cash,2024,1,January,912,Frank Krueger,21,Male,Chicago,4482
7440dbc5,2024-01-29 01:00:00,1e8504,Home Decor,Sofa,4,432,1728,Debit Card,2024,1,January,1728,Mike Dawson,54,Other,Los Angeles,3891
13fc5681,2024-01-29 02:00:00,eb6746,Electronics,Lipstick,3,55,165,Cash,2024,1,January,165,Kevin Thomas,54,Female,Miami,2067
c5d192f6,2024-01-29 03:00:00,92cbb9,Clothing,Novel,2,103,206,Debit Card,2024,1,January,206,Benjamin Jones,48,Female,Miami,381
c56f0b64,2024-01-29 04:00:00,60c508,Books,T-Shirt,4,375,1500,Credit Card,2024,1,January,1500,Connor Williams,55,Female,Los Angeles,3933
9a1ed23a,2024-01-29 05:00:00,060b58,Electronics,T-Shirt,2,252,504,UPI,2024,1,January,504,Carrie Coleman,18,Male,Chicago,1616
1c03ede3,2024-01-29 06:00:00,d2a3a2,Books,Novel,3,136,408,Cash,2024,1,January,408,Samantha Benjamin,27,Other,Los Angeles,2844
ebd225d4,2024-01-29 07:00:00,b1a4f4,Electronics,T-Shirt,3,317,951,Debit Card,2024,1,January,951,Angela Gomez,66,Other,Chicago,745
ea09fd95,2024-01-29 08:00:00,1322e7,Home Decor,T-Shirt,2,191,382,Debit Card,2024,1,January,382,Patrick Griffin,58,Male,Miami,1052
549c3239,2024-01-29 09:00:00,eeed0d,Electronics,Novel,4,118,472,Cash,2024,1,January,472,Crystal Gillespie,19,Male,Chicago,881
d2b2abb6,2024-01-29 10:00:00,ae95e4,Clothing,Novel,1,448,448,UPI,2024,1,January,448,Madison Bell,31,Male,New York,1055
7c921ab0,2024-01-29 11:00:00,a5f9cf,Clothing,T-Shirt,4,128,512,Cash,2024,1,January,512,Hannah Marks,30,Other,Chicago,1094
4082d555,2024-01-29 12:00:00,a12678,Clothing,Sofa,4,130,520,Debit Card,2024,1,January,520,Gerald Harris,68,Male,Chicago,772
ee58a867,2024-01-29 13:00:00,9353e8,Books,Novel,1,241,241,UPI,2024,1,January,241,John Francis,40,Female,New York,4276
e602a85f,2024-01-29 14:00:00,15ba0d,Beauty,Novel,2,97,194,Credit Card,2024,1,January,194,Lacey Smith,69,Male,Chicago,4457
87d34ebc,2024-01-29 15:00:00,cc8604,Beauty,Lipstick,1,118,118,Credit Card,2024,1,January,118,Ryan Medina,38,Male,Chicago,1789
58ba12a4,2024-01-29 16:00:00,f5a254,Electronics,Lipstick,4,173,692,UPI,2024,1,January,692,Dominique Freeman,48,Female,Los Angeles,4513
0fb55fc2,2024-01-29 17:00:00,e69c2c,Electronics,T-Shirt,3,466,1398,Debit Card,2024,1,January,1398,Stacie Potter,62,Female,Miami,3020
ef14931c,2024-01-29 18:00:00,d19cca,Electronics,Sofa,3,353,1059,Debit Card,2024,1,January,1059,Wayne Sutton,32,Other,New York,4207
2bfc8bbc,2024-01-29 19:00:00,bf128f,Books,Laptop,3,308,924,UPI,2024,1,January,924,Deborah James,45,Other,Houston,1036
4a73e192,2024-01-29 20:00:00,c0491a,Clothing,Sofa,4,223,892,Cash,2024,1,January,892,Michael Martin,30,Other,Chicago,3999
a6b79d5b,2024-01-29 21:00:00,8dd224,Electronics,Sofa,4,321,1284,UPI,2024,1,January,1284,Anthony Kim,18,Other,Houston,807
2e63ba7e,2024-01-29 22:00:00,7d8fb8,Clothing,Novel,4,241,964,Debit Card,2024,1,January,964,Andrea Ruiz,41,Female,Chicago,4731
3476eec0,2024-01-29 23:00:00,67f933,Home Decor,Novel,4,324,1296,UPI,2024,1,January,1296,Philip Curry,45,Male,New York,2145
d27b427a,2024-01-30 00:00:00,a9b434,Clothing,Novel,2,198,396,Credit Card,2024,1,January,396,Justin Campbell,54,Female,Los Angeles,840
5ca5de5e,2024-01-30 01:00:00,be0fb8,Beauty,Lipstick,3,411,1233,Debit Card,2024,1,January,1233,Jim Jones,40,Other,Los Angeles,889
ce9fcd8d,2024-01-30 02:00:00,8215fb,Home Decor,Novel,4,65,260,Cash,2024,1,January,260,Amanda Mitchell,39,Other,Houston,2082
6176754e,2024-01-30 03:00:00,1322e7,Beauty,Laptop,4,68,272,Cash,2024,1,January,272,Patrick Griffin,58,Male,Miami,1052
de1a62d2,2024-01-30 04:00:00,ef1539,Electronics,Laptop,1,274,274,Debit Card,2024,1,January,274,Lee Wilcox,44,Male,Houston,212
618116e0,2024-01-30 05:00:00,f96d13,Books,Sofa,4,123,492,Credit Card,2024,1,January,492,Ryan Carter,31,Other,New York,1536
d4cb016d,2024-01-30 06:00:00,b8e59b,Beauty,T-Shirt,1,365,365,Credit Card,2024,1,January,365,Ashley Murphy,69,Other,New York,570
8ea17afc,2024-01-30 07:00:00,1029b3,Clothing,Novel,2,408,816,Debit Card,2024,1,January,816,Jamie Ball,42,Female,Miami,4702
d4ed1956,2024-01-30 08:00:00,ac0060,Beauty,Novel,3,444,1332,Credit Card,2024,1,January,1332,Jacqueline Rowe,64,Female,Miami,1903
d21f0d05,2024-01-30 09:00:00,c8c78f,Home Decor,T-Shirt,1,72,72,Credit Card,2024,1,January,72,Sharon Pierce,31,Other,Chicago,4011
3b8d2b25,2024-01-30 10:00:00,7c6499,Home Decor,Lipstick,2,476,952,Cash,2024,1,January,952,Karen Rasmussen,29,Female,Chicago,2343
9b185b2c,2024-01-30 11:00:00,b0af01,Electronics,Laptop,4,262,1048,Debit Card,2024,1,January,1048,Tammy Carter,54,Male,Chicago,3991
88b44b6f,2024-01-30 12:00:00,575c46,Clothing,T-Shirt,2,285,570,Cash,2024,1,January,570,Bradley Rich,22,Other,Houston,4667
01a6514d,2024-01-30 13:00:00,381cc6,Beauty,Novel,3,281,843,Credit Card,2024,1,January,843,Bryan Livingston,46,Male,New York,4286
d1ea0909,2024-01-30 14:00:00,c91499,Books,T-Shirt,4,317,1268,UPI,2024,1,January,1268,Roberto Bryan,53,Female,New York,2984
9bc8a12c,2024-01-30 15:00:00,fdbb3f,Electronics,Lipstick,4,78,312,Credit Card,2024,1,January,312,Michael Jones,34,Female,New York,3811
03b954a8,2024-01-30 16:00:00,5e1657,Electronics,Lipstick,3,11,33,Credit Card,2024,1,January,33,Tiffany Morris,61,Male,Miami,929
513e7270,2024-01-30 17:00:00,9e382d,Clothing,Lipstick,2,404,808,Debit Card,2024,1,January,808,Joshua Wood,63,Male,New York,599
1e55bc2a,2024-01-30 18:00:00,0db9a5,Home Decor,Laptop,3,110,330,Debit Card,2024,1,January,330,Troy Johnson,59,Other,Miami,2846
2ec9ee7f,2024-01-30 19:00:00,940c3d,Clothing,Sofa,3,36,108,UPI,2024,1,January,108,Kimberly George,27,Female,New York,181
69052a34,2024-01-30 20:00:00,309b59,Clothing,T-Shirt,1,471,471,Cash,2024,1,January,471,Linda Wright,64,Female,Houston,4059
91d0f397,2024-01-30 21:00:00,37f14f,Beauty,Novel,4,454,1816,Credit Card,2024,1,January,1816,Christina Cook,59,Male,Miami,1118
852a818c,2024-01-30 22:00:00,346072,Home Decor,Laptop,3,474,1422,Debit Card,2024,1,January,1422,Daniel Johnson,36,Male,Houston,1470
58b0cef3,2024-01-30 23:00:00,4b5844,Clothing,Novel,4,32,128,Debit Card,2024,1,January,128,Breanna Hatfield,44,Male,New York,862
28ab81b7,2024-01-31 00:00:00,61e522,Home Decor,Novel,1,360,360,Cash,2024,1,January,360,Thomas Davis,63,Male,Miami,4107
74fe9f65,2024-01-31 01:00:00,d83b36,Books,Laptop,2,212,424,Credit Card,2024,1,January,424,Rebecca Nelson,51,Male,New York,347
820ccdd3,2024-01-31 02:00:00,a2a17c,Books,Laptop,4,114,456,UPI,2024,1,January,456,Troy Bond,25,Other,Houston,572
92f14922,2024-01-31 03:00:00,2a9411,Clothing,Laptop,3,367,1101,Cash,2024,1,January,1101,Carly Davis,46,Female,Miami,2921
01ac8497,2024-01-31 04:00:00,897d59,Clothing,Sofa,4,37,148,UPI,2024,1,January,148,Cory Miller,39,Female,Chicago,3661
de049a34,2024-01-31 05:00:00,cd5300,Clothing,Sofa,2,175,350,Cash,2024,1,January,350,Grant Hampton,30,Other,Chicago,2455
0d3b3834,2024-01-31 06:00:00,ef06ed,Beauty,Sofa,4,166,664,UPI,2024,1,January,664,Michael Harvey,28,Other,New York,2849
2438d2c7,2024-01-31 07:00:00,9ba44c,Clothing,Sofa,4,413,1652,Debit Card,2024,1,January,1652,Erin Smith,45,Other,Chicago,364
e4abf996,2024-01-31 08:00:00,1ad5da,Home Decor,Lipstick,4,352,1408,Debit Card,2024,1,January,1408,Patricia Chandler,37,Female,Chicago,4743
301896dd,2024-01-31 09:00:00,40f1ca,Electronics,Novel,4,498,1992,Credit Card,2024,1,January,1992,Stacy Lawson,20,Male,Houston,1564
c0355537,2024-01-31 10:00:00,e6e784,Home Decor,Sofa,2,460,920,Cash,2024,1,January,920,Erica Benson,24,Male,Miami,1027
99f0db10,2024-01-31 11:00:00,e15d65,Electronics,Novel,3,374,1122,Debit Card,2024,1,January,1122,Joseph Rosales,27,Male,New York,657
c703d54a,2024-01-31 12:00:00,be0fb8,Electronics,Sofa,4,456,1824,UPI,2024,1,January,1824,Jim Jones,40,Other,Los Angeles,889
e7e52124,2024-01-31 13:00:00,0d28a1,Clothing,T-Shirt,2,385,770,Credit Card,2024,1,January,770,Elizabeth Chase,56,Female,Miami,2704
1497a82f,2024-01-31 14:00:00,3cc777,Electronics,T-Shirt,2,284,568,Cash,2024,1,January,568,Joseph Mckay,29,Other,Los Angeles,3821
34103a15,2024-01-31 15:00:00,1beced,Books,Lipstick,4,462,1848,Credit Card,2024,1,January,1848,Victoria Smith,25,Other,Chicago,3850
2dce4516,2024-01-31 16:00:00,148b08,Electronics,Sofa,2,50,100,Credit Card,2024,1,January,100,Natalie Nguyen,65,Other,Houston,3872
e98d85e9,2024-01-31 17:00:00,59df81,Clothing,Novel,4,396,1584,Cash,2024,1,January,1584,Jennifer Berry,67,Male,New York,2373
fcadea01,2024-01-31 18:00:00,1ef710,Home Decor,T-Shirt,3,227,681,Cash,2024,1,January,681,Jennifer Butler,23,Male,Chicago,2478
aa88a291,2024-01-31 19:00:00,916382,Home Decor,Sofa,2,26,52,Cash,2024,1,January,52,Kevin Washington,63,Female,Miami,1472
7f52603a,2024-01-31 20:00:00,d8c1d4,Clothing,T-Shirt,4,168,672,UPI,2024,1,January,672,Andrew Williamson,18,Male,New York,983
dc2a4d78,2024-01-31 21:00:00,7064f8,Electronics,Laptop,1,21,21,Debit Card,2024,1,January,21,Evelyn Palmer,54,Male,New York,2386
72dededf,2024-01-31 22:00:00,73d905,Clothing,Lipstick,2,406,812,Credit Card,2024,1,January,812,Jason Singh,53,Female,Los Angeles,2845
73156ae0,2024-01-31 23:00:00,094a5a,Home Decor,T-Shirt,4,20,80,UPI,2024,1,January,80,James Cruz,34,Other,Chicago,2510
1eeedd27,2024-02-01 00:00:00,811593,Beauty,Sofa,4,179,716,Credit Card,2024,2,February,716,Christopher Smith,51,Other,Houston,3255
50efa239,2024-02-01 01:00:00,26c89a,Home Decor,Lipstick,4,134,536,Cash,2024,2,February,536,Jordan Brown,19,Male,Chicago,414
9fff64ff,2024-02-01 02:00:00,d07df3,Home Decor,Lipstick,1,78,78,Cash,2024,2,February,78,Kimberly Glenn,26,Female,Houston,3025
a4159103,2024-02-01 03:00:00,9f5492,Home Decor,Sofa,1,89,89,UPI,2024,2,February,89,Daniel Owens,33,Male,Los Angeles,2343
19fad6bd,2024-02-01 04:00:00,c11bcd,Clothing,Novel,1,433,433,Credit Card,2024,2,February,433,Erica Smith,46,Female,Houston,2796
abe47b97,2024-02-01 05:00:00,a6b61d,Home Decor,Sofa,1,489,489,UPI,2024,2,February,489,Nancy Campbell,41,Male,Houston,2115
c0e97f27,2024-02-01 06:00:00,37228a,Books,Sofa,3,220,660,Debit Card,2024,2,February,660,William Hart,37,Female,Chicago,2507
66ef35a8,2024-02-01 07:00:00,6ca609,Home Decor,Laptop,4,133,532,Debit Card,2024,2,February,532,John Rodriguez,56,Other,Houston,3586
9c98972a,2024-02-01 08:00:00,aaf3d9,Books,Lipstick,1,276,276,Credit Card,2024,2,February,276,Austin Jones,23,Female,Miami,3030
aba8a7d2,2024-02-01 09:00:00,8312ef,Books,Sofa,4,499,1996,Cash,2024,2,February,1996,Reginald Ross,68,Other,Chicago,1316
74243e65,2024-02-01 10:00:00,8dd224,Clothing,Lipstick,1,241,241,Cash,2024,2,February,241,Anthony Kim,18,Other,Houston,807
e8d41b77,2024-02-01 11:00:00,1ad5da,Clothing,T-Shirt,2,111,222,Cash,2024,2,February,222,Patricia Chandler,37,Female,Chicago,4743
cb7357ea,2024-02-01 12:00:00,1b2cd5,Books,Lipstick,1,177,177,Credit Card,2024,2,February,177,Rodney Gonzalez,47,Male,Houston,238
fdadbfa7,2024-02-01 13:00:00,f0a89d,Books,Novel,3,113,339,UPI,2024,2,February,339,Natalie Nguyen,41,Male,Houston,2350
15f51499,2024-02-01 14:00:00,20f79d,Clothing,Lipstick,3,94,282,Debit Card,2024,2,February,282,Daniel Kim,54,Female,Houston,2277
f21c8db3,2024-02-01 15:00:00,eb54c2,Home Decor,Novel,3,123,369,Cash,2024,2,February,369,Tony Duffy,48,Other,Los Angeles,2652
eab31a2e,2024-02-01 16:00:00,f59c2a,Beauty,Laptop,2,35,70,UPI,2024,2,February,70,John Miller,28,Other,New York,4512
98102aa7,2024-02-01 17:00:00,14d85a,Books,T-Shirt,4,93,372,Cash,2024,2,February,372,Stephanie Barton,36,Male,New York,3560
c6af575a,2024-02-01 18:00:00,e2494b,Home Decor,Novel,3,411,1233,Debit Card,2024,2,February,1233,Catherine Taylor,62,Other,Houston,3753
a8687b30,2024-02-01 19:00:00,917c1b,Beauty,Sofa,4,281,1124,UPI,2024,2,February,1124,Gabrielle Pierce,32,Female,New York,3396
766764b9,2024-02-01 20:00:00,4a2f5b,Books,T-Shirt,4,435,1740,Credit Card,2024,2,February,1740,Bryan Serrano,32,Female,Miami,3245
9bac6c3c,2024-02-01 21:00:00,8936ea,Electronics,Laptop,1,124,124,Credit Card,2024,2,February,124,Kayla Lee,61,Female,Houston,4137
197e973e,2024-02-01 22:00:00,13e8e2,Electronics,T-Shirt,3,336,1008,UPI,2024,2,February,1008,Daniel Johnson,39,Other,New York,1955
c56fff99,2024-02-01 23:00:00,cb2083,Books,Lipstick,4,310,1240,Cash,2024,2,February,1240,Samuel Wang,44,Female,Chicago,3441
cae51ce3,2024-02-02 00:00:00,08728b,Electronics,T-Shirt,3,306,918,Debit Card,2024,2,February,918,Eugene Watson,46,Other,Chicago,1672
09b2715a,2024-02-02 01:00:00,2e6228,Beauty,Lipstick,1,186,186,Credit Card,2024,2,February,186,Edward Brown,42,Male,Chicago,4029
5da4025b,2024-02-02 02:00:00,e948d6,Clothing,T-Shirt,1,54,54,Cash,2024,2,February,54,Andrew Schaefer,67,Male,Chicago,4292
e142b950,2024-02-02 03:00:00,80d1dc,Books,Laptop,3,86,258,Credit Card,2024,2,February,258,William Vazquez,39,Male,Los Angeles,4693
a37cfb18,2024-02-02 04:00:00,fd70c5,Beauty,T-Shirt,4,395,1580,Debit Card,2024,2,February,1580,Jessica Mercado,24,Male,New York,2256
bb9f76e4,2024-02-02 05:00:00,7e3148,Beauty,T-Shirt,2,29,58,Credit Card,2024,2,February,58,Steven Rivera,27,Female,Chicago,326
2bb46b72,2024-02-02 06:00:00,847711,Clothing,Lipstick,3,193,579,Cash,2024,2,February,579,Hector Rodriguez,61,Other,Houston,2238
83f00db5,2024-02-02 07:00:00,bbfab4,Clothing,Sofa,4,65,260,Debit Card,2024,2,February,260,Lisa Lam,32,Other,Los Angeles,3986
01056c05,2024-02-02 08:00:00,246cc6,Home Decor,Lipstick,2,79,158,Credit Card,2024,2,February,158,Erin Contreras,69,Other,Los Angeles,4662
e1fc4104,2024-02-02 09:00:00,36e794,Books,Sofa,1,375,375,Credit Card,2024,2,February,375,Holly Vasquez,36,Male,Los Angeles,1554
f5f3bc8a,2024-02-02 10:00:00,6776ac,Clothing,Laptop,1,499,499,Cash,2024,2,February,499,Cheryl Welch,41,Male,New York,3392
2769c66e,2024-02-02 11:00:00,0ae342,Electronics,T-Shirt,2,126,252,UPI,2024,2,February,252,Maureen Smith,30,Male,Los Angeles,3066
a88d445b,2024-02-02 12:00:00,ac54e7,Home Decor,Sofa,2,348,696,Cash,2024,2,February,696,Joseph Boyd,31,Other,New York,697
f51a89d2,2024-02-02 13:00:00,ae70df,Electronics,Lipstick,2,452,904,Debit Card,2024,2,February,904,Ashley Smith,32,Other,New York,1126
08661338,2024-02-02 14:00:00,8e6541,Clothing,Novel,3,121,363,Debit Card,2024,2,February,363,Adrian Manning,62,Female,Chicago,4688
fdb52d92,2024-02-02 15:00:00,3e7683,Clothing,T-Shirt,3,194,582,Credit Card,2024,2,February,582,Sheila Cameron,30,Other,New York,1598
cd761956,2024-02-02 16:00:00,f0c87e,Home Decor,Lipstick,3,179,537,Cash,2024,2,February,537,William Smith,43,Other,Miami,272
5c6fed00,2024-02-02 17:00:00,1b4acc,Beauty,Sofa,4,323,1292,UPI,2024,2,February,1292,Danny Warner,62,Female,New York,3371
93b51081,2024-02-02 18:00:00,dd1d33,Electronics,Novel,4,247,988,Debit Card,2024,2,February,988,Christopher Sharp,64,Male,Houston,3204
3a0c10f9,2024-02-02 19:00:00,006294,Books,Lipstick,1,116,116,Cash,2024,2,February,116,Rebecca Clark,29,Female,Miami,102
e2996336,2024-02-02 20:00:00,630ccf,Home Decor,Laptop,1,321,321,UPI,2024,2,February,321,Adrienne Russell,38,Other,Los Angeles,629
7f41e51d,2024-02-02 21:00:00,791f39,Home Decor,Laptop,3,371,1113,Debit Card,2024,2,February,1113,Crystal Nguyen,23,Other,Los Angeles,1466
dd109ef2,2024-02-02 22:00:00,f56c4e,Home Decor,Lipstick,3,169,507,UPI,2024,2,February,507,Stephen Hernandez,54,Male,New York,1997
c4521c84,2024-02-02 23:00:00,346072,Home Decor,Sofa,1,393,393,Debit Card,2024,2,February,393,Daniel Johnson,36,Male,Houston,1470
37286890,2024-02-03 00:00:00,0cfc2b,Home Decor,T-Shirt,3,21,63,UPI,2024,2,February,63,Craig King,39,Female,Miami,4386
82642e7f,2024-02-03 01:00:00,959052,Clothing,Sofa,2,451,902,Credit Card,2024,2,February,902,Alicia Ramirez,50,Other,Houston,835
e38144a1,2024-02-03 02:00:00,e30430,Electronics,Novel,3,424,1272,Cash,2024,2,February,1272,Michael Bond,53,Male,New York,1332
201cda9c,2024-02-03 03:00:00,1b5abd,Electronics,Lipstick,3,461,1383,Credit Card,2024,2,February,1383,Daniel Mcmillan,22,Male,Chicago,743
011d3354,2024-02-03 04:00:00,585151,Books,Lipstick,4,318,1272,Credit Card,2024,2,February,1272,Justin Ochoa,24,Male,New York,3769
031b6298,2024-02-03 05:00:00,ceafe5,Electronics,Sofa,4,436,1744,Credit Card,2024,2,February,1744,James Jacobs,43,Female,Miami,411
6418d2a9,2024-02-03 06:00:00,1cb934,Clothing,T-Shirt,2,241,482,Cash,2024,2,February,482,Ashley Smith,68,Male,Miami,1068
85d83882,2024-02-03 07:00:00,a5a354,Beauty,Novel,2,458,916,UPI,2024,2,February,916,Matthew Moore,64,Male,Chicago,2137
4117cd79,2024-02-03 08:00:00,9e2389,Electronics,T-Shirt,3,142,426,Credit Card,2024,2,February,426,Michael Cook,47,Other,Houston,3705
ea43df7e,2024-02-03 09:00:00,7170d4,Clothing,Laptop,1,286,286,UPI,2024,2,February,286,Scott Morgan,29,Male,Miami,467
be317063,2024-02-03 10:00:00,4627f4,Beauty,Novel,3,381,1143,Cash,2024,2,February,1143,Katrina Park,66,Female,Los Angeles,4205
df5cfd66,2024-02-03 11:00:00,2b8bd1,Beauty,Sofa,2,174,348,Debit Card,2024,2,February,348,Michelle Chambers,55,Female,New York,3771
5c17ff0c,2024-02-03 12:00:00,83cdef,Beauty,Lipstick,2,97,194,Cash,2024,2,February,194,William Clark,49,Female,New York,2814
aa988028,2024-02-03 13:00:00,54fab6,Home Decor,Laptop,2,304,608,Credit Card,2024,2,February,608,Kristopher Jackson,59,Male,Chicago,1901
86ddace5,2024-02-03 14:00:00,56a8d9,Beauty,Lipstick,4,221,884,UPI,2024,2,February,884,Katie Lowe,33,Male,Houston,3678
7bc5155a,2024-02-03 15:00:00,e940d4,Clothing,Laptop,2,159,318,Debit Card,2024,2,February,318,Michael Serrano,47,Female,Los Angeles,4919
7ae78dd6,2024-02-03 16:00:00,3e1b48,Beauty,Sofa,2,191,382,Cash,2024,2,February,382,Taylor Richardson,44,Other,Chicago,4193
4cc94152,2024-02-03 17:00:00,26b6c9,Books,Sofa,4,223,892,Cash,2024,2,February,892,Dr. Emily Jones,24,Other,New York,3710
5228a4da,2024-02-03 18:00:00,4e1657,Electronics,Laptop,2,454,908,Cash,2024,2,February,908,Christina Clayton,61,Other,Chicago,4264
c4830b48,2024-02-03 19:00:00,1e2aca,Electronics,Sofa,3,339,1017,UPI,2024,2,February,1017,Sheena Watts,50,Female,Los Angeles,2177
0ba93fea,2024-02-03 20:00:00,deb177,Clothing,T-Shirt,1,296,296,UPI,2024,2,February,296,Christopher Austin,36,Male,Chicago,3357
995a123a,2024-02-03 21:00:00,309b59,Books,Laptop,3,275,825,Debit Card,2024,2,February,825,Linda Wright,64,Female,Houston,4059
10f926e1,2024-02-03 22:00:00,90d7c6,Electronics,Novel,3,450,1350,UPI,2024,2,February,1350,Corey Johnson,33,Other,Chicago,2415
27f53062,2024-02-03 23:00:00,c0f584,Home Decor,Sofa,4,393,1572,Debit Card,2024,2,February,1572,Michelle Davis,24,Other,Miami,1424
ebc1d5bb,2024-02-04 00:00:00,31a237,Electronics,Sofa,2,176,352,UPI,2024,2,February,352,Cynthia Solomon,56,Female,Miami,4462
2a3b85d5,2024-02-04 01:00:00,c87119,Books,Laptop,2,288,576,Debit Card,2024,2,February,576,Jay Hancock,69,Other,New York,4090
8da85cd4,2024-02-04 02:00:00,1dd7b1,Home Decor,Lipstick,4,16,64,Cash,2024,2,February,64,Susan Evans,21,Other,Chicago,1704
d759a261,2024-02-04 03:00:00,8ccac6,Books,Novel,4,255,1020,Cash,2024,2,February,1020,William Baker,24,Other,Los Angeles,3561
942678a2,2024-02-04 04:00:00,36e794,Beauty,Sofa,2,120,240,Credit Card,2024,2,February,240,Holly Vasquez,36,Male,Los Angeles,1554
c444a201,2024-02-04 05:00:00,00ad60,Beauty,T-Shirt,2,213,426,Cash,2024,2,February,426,Hunter Johnston,55,Female,Miami,4052
9f875597,2024-02-04 06:00:00,120b0f,Books,Laptop,1,484,484,Cash,2024,2,February,484,Christopher Peck,53,Male,New York,1390
cedc13ca,2024-02-04 07:00:00,a52d97,Clothing,T-Shirt,1,91,91,Credit Card,2024,2,February,91,Zoe Berry,23,Other,Houston,4659
a18a70e7,2024-02-04 08:00:00,282154,Clothing,Lipstick,4,29,116,UPI,2024,2,February,116,Karen Freeman,33,Other,Chicago,3820
6c97514c,2024-02-04 09:00:00,37228a,Electronics,Lipstick,4,66,264,Cash,2024,2,February,264,William Hart,37,Female,Chicago,2507
16f3e549,2024-02-04 10:00:00,401167,Beauty,Laptop,2,303,606,UPI,2024,2,February,606,Carlos Ross,54,Female,New York,4884
33dc1650,2024-02-04 11:00:00,67e362,Beauty,Lipstick,1,139,139,UPI,2024,2,February,139,Linda Brown,37,Other,Chicago,4986
58df66cb,2024-02-04 12:00:00,197942,Clothing,Sofa,3,173,519,Credit Card,2024,2,February,519,Courtney Padilla,27,Male,Miami,4384
2e5d2454,2024-02-04 13:00:00,e07b6d,Clothing,Laptop,3,244,732,UPI,2024,2,February,732,Troy Nelson,44,Female,Miami,140
492df1f9,2024-02-04 14:00:00,de5c05,Electronics,Sofa,4,54,216,UPI,2024,2,February,216,Pamela Gonzalez,61,Female,Miami,3358
513a6e50,2024-02-04 15:00:00,a12651,Beauty,T-Shirt,3,444,1332,Cash,2024,2,February,1332,Michael Steele,24,Male,Houston,1196
a05518be,2024-02-04 16:00:00,62990d,Books,Lipstick,4,318,1272,UPI,2024,2,February,1272,Christopher Clayton,50,Male,Houston,1171
4253e56b,2024-02-04 17:00:00,667c1a,Home Decor,Lipstick,2,287,574,Debit Card,2024,2,February,574,Erika Yoder,22,Other,Houston,4415
eb8d37f6,2024-02-04 18:00:00,63001a,Books,Lipstick,3,498,1494,UPI,2024,2,February,1494,Sheila Green,64,Female,Houston,123
bfeceb05,2024-02-04 19:00:00,e7a15f,Home Decor,Lipstick,2,180,360,UPI,2024,2,February,360,Wendy Nash,33,Female,Miami,3776
a535d77f,2024-02-04 20:00:00,2a9411,Books,Sofa,3,34,102,Debit Card,2024,2,February,102,Carly Davis,46,Female,Miami,2921
4eeee5cd,2024-02-04 21:00:00,0289d3,Electronics,Novel,2,153,306,Cash,2024,2,February,306,Ashley Vance,59,Other,Houston,1441
e2d4b58b,2024-02-04 22:00:00,900d8c,Electronics,Lipstick,2,145,290,Cash,2024,2,February,290,Jamie Scott,36,Female,New York,4830
fac28f27,2024-02-04 23:00:00,56b912,Electronics,Novel,3,401,1203,Credit Card,2024,2,February,1203,Rebecca Mann,22,Other,Miami,4839
c0389425,2024-02-05 00:00:00,deb177,Electronics,Sofa,4,484,1936,Credit Card,2024,2,February,1936,Christopher Austin,36,Male,Chicago,3357
59f78b39,2024-02-05 01:00:00,56a8d9,Books,Novel,2,259,518,UPI,2024,2,February,518,Katie Lowe,33,Male,Houston,3678
c03c3182,2024-02-05 02:00:00,e098d4,Electronics,Laptop,2,341,682,Credit Card,2024,2,February,682,Walter Burke,54,Other,Chicago,4849
1c588bf4,2024-02-05 03:00:00,e15a0f,Clothing,Sofa,1,98,98,Cash,2024,2,February,98,Richard Burke,59,Other,Chicago,550
dd64c638,2024-02-05 04:00:00,aa5ddc,Electronics,Novel,1,465,465,UPI,2024,2,February,465,Brian James,26,Other,Houston,2208
8d42691c,2024-02-05 05:00:00,4cc3df,Books,T-Shirt,1,444,444,Credit Card,2024,2,February,444,Joshua Lin,44,Female,Chicago,353
a134ffc1,2024-02-05 06:00:00,62a73d,Electronics,Novel,1,150,150,Credit Card,2024,2,February,150,Joseph Martinez,43,Male,Houston,502
4d254911,2024-02-05 07:00:00,90a26b,Electronics,Sofa,1,19,19,Credit Card,2024,2,February,19,Nicole Miller,33,Other,Chicago,589
5c6c0473,2024-02-05 08:00:00,092c22,Clothing,Sofa,3,413,1239,Credit Card,2024,2,February,1239,Stephanie Flores,44,Other,Houston,3314
b7ea596a,2024-02-05 09:00:00,1d15a4,Home Decor,T-Shirt,2,179,358,UPI,2024,2,February,358,Jennifer Stanley,36,Other,New York,4093
1bc0fe02,2024-02-05 10:00:00,6730ff,Clothing,T-Shirt,4,184,736,Credit Card,2024,2,February,736,Todd Murphy,66,Female,Los Angeles,598
6038ad2c,2024-02-05 11:00:00,17e1d4,Electronics,Laptop,4,200,800,Credit Card,2024,2,February,800,Veronica Henderson,64,Male,New York,2290
18fa55a8,2024-02-05 12:00:00,11e14c,Books,Sofa,4,295,1180,Cash,2024,2,February,1180,Tracy Green,31,Female,Los Angeles,1442
2e8b764d,2024-02-05 13:00:00,f3a502,Electronics,Novel,2,466,932,Cash,2024,2,February,932,Tanner Berger,68,Male,Houston,285
dc8524de,2024-02-05 14:00:00,658cee,Home Decor,Novel,1,236,236,Debit Card,2024,2,February,236,Jessica Forbes,33,Female,Miami,4292
306af021,2024-02-05 15:00:00,8c6e13,Electronics,T-Shirt,1,415,415,Credit Card,2024,2,February,415,Pamela Carrillo,22,Other,New York,908
76f72dbe,2024-02-05 16:00:00,09aaef,Beauty,Sofa,2,210,420,UPI,2024,2,February,420,Kaylee Maldonado,41,Female,New York,905
39d17c71,2024-02-05 17:00:00,e15d65,Clothing,Laptop,2,147,294,Credit Card,2024,2,February,294,Joseph Rosales,27,Male,New York,657
3161aa5e,2024-02-05 18:00:00,99d9cc,Beauty,T-Shirt,4,418,1672,Credit Card,2024,2,February,1672,Jacob Dougherty,26,Female,Los Angeles,3589
c6c3aeef,2024-02-05 19:00:00,35c723,Home Decor,T-Shirt,2,63,126,Credit Card,2024,2,February,126,Alejandro Cohen,30,Female,Chicago,4739
f12b2d4b,2024-02-05 20:00:00,fa3119,Books,Novel,2,131,262,Debit Card,2024,2,February,262,Jason Whitaker,67,Male,Chicago,4762
b0ed634f,2024-02-05 21:00:00,8588e6,Electronics,Novel,2,141,282,UPI,2024,2,February,282,Vincent Mcpherson,22,Male,Miami,2414
2353ff03,2024-02-05 22:00:00,65d18b,Electronics,Lipstick,4,54,216,Credit Card,2024,2,February,216,Sean Powell,19,Female,Chicago,4269
806e07e7,2024-02-05 23:00:00,60c2f9,Home Decor,Lipstick,3,234,702,Credit Card,2024,2,February,702,Anthony Ponce,65,Female,Chicago,386
38fcaa7e,2024-02-06 00:00:00,dcb83b,Clothing,Novel,3,173,519,Cash,2024,2,February,519,Jessica Bailey,24,Other,Chicago,1679
08de6bdb,2024-02-06 01:00:00,df0824,Books,T-Shirt,4,280,1120,Cash,2024,2,February,1120,Ronald Patterson,69,Other,Chicago,598
66ce9acd,2024-02-06 02:00:00,2556f7,Electronics,T-Shirt,2,50,100,Cash,2024,2,February,100,David Wood,43,Other,Miami,547
d0aea58c,2024-02-06 03:00:00,65f7e4,Electronics,Sofa,2,156,312,UPI,2024,2,February,312,Elizabeth Nielsen,39,Female,Los Angeles,1806
e3f5fded,2024-02-06 04:00:00,d19cca,Beauty,T-Shirt,3,317,951,UPI,2024,2,February,951,Wayne Sutton,32,Other,New York,4207
976713bb,2024-02-06 05:00:00,1d15a4,Home Decor,Laptop,3,444,1332,Credit Card,2024,2,February,1332,Jennifer Stanley,36,Other,New York,4093
59d890ed,2024-02-06 06:00:00,360f57,Beauty,Laptop,1,289,289,Credit Card,2024,2,February,289,Elizabeth Green,56,Female,New York,2389
f541e7a6,2024-02-06 07:00:00,39f33c,Beauty,T-Shirt,4,400,1600,Cash,2024,2,February,1600,Benjamin Hodges,59,Other,Los Angeles,1554
ed46ccaf,2024-02-06 08:00:00,73d905,Beauty,Novel,4,215,860,Credit Card,2024,2,February,860,Jason Singh,53,Female,Los Angeles,2845
3e7a7da3,2024-02-06 09:00:00,ee00cf,Beauty,Lipstick,4,291,1164,Debit Card,2024,2,February,1164,Daniel Brown,53,Male,New York,4093
047a8e25,2024-02-06 10:00:00,d9a24a,Books,T-Shirt,1,10,10,Credit Card,2024,2,February,10,Amy Fisher,68,Other,Miami,1070
bc55752b,2024-02-06 11:00:00,aea03b,Electronics,Lipstick,3,492,1476,Cash,2024,2,February,1476,Tracy Jackson,63,Other,Houston,1143
95745212,2024-02-06 12:00:00,ad14a2,Beauty,Lipstick,3,414,1242,Credit Card,2024,2,February,1242,Antonio Morales DVM,29,Male,Miami,4898
36b59709,2024-02-06 13:00:00,5802d9,Clothing,Sofa,1,113,113,Credit Card,2024,2,February,113,Jason Thomas,39,Other,Miami,4915
4d9882a3,2024-02-06 14:00:00,e1b97f,Beauty,Lipstick,3,240,720,UPI,2024,2,February,720,Samuel Mitchell,42,Female,Los Angeles,3039
7591a396,2024-02-06 15:00:00,bbfab4,Home Decor,Novel,2,303,606,Cash,2024,2,February,606,Lisa Lam,32,Other,Los Angeles,3986
66ff73d1,2024-02-06 16:00:00,ddf97f,Clothing,Novel,3,282,846,Cash,2024,2,February,846,Kenneth Rios,35,Female,Houston,398
632436a9,2024-02-06 17:00:00,aea03b,Beauty,Novel,3,274,822,UPI,2024,2,February,822,Tracy Jackson,63,Other,Houston,1143
4d79106e,2024-02-06 18:00:00,667c1a,Beauty,Lipstick,1,228,228,Credit Card,2024,2,February,228,Erika Yoder,22,Other,Houston,4415
b027620b,2024-02-06 19:00:00,d5fa58,Electronics,T-Shirt,1,61,61,Debit Card,2024,2,February,61,Chelsea Foster,63,Female,Los Angeles,932
cca6b396,2024-02-06 20:00:00,a76950,Beauty,Laptop,2,245,490,UPI,2024,2,February,490,Dr. Jennifer Lynn,35,Female,Chicago,4603
9087320f,2024-02-06 21:00:00,11027e,Home Decor,Laptop,2,130,260,Cash,2024,2,February,260,Stephanie James,31,Female,Miami,4520
9bcd4bea,2024-02-06 22:00:00,e07b6d,Beauty,Sofa,2,478,956,Cash,2024,2,February,956,Troy Nelson,44,Female,Miami,140
ea7fec73,2024-02-06 23:00:00,5b826e,Books,Laptop,1,358,358,Cash,2024,2,February,358,Amy Page,32,Male,New York,2454
0ca7465d,2024-02-07 00:00:00,1513de,Electronics,Laptop,1,298,298,UPI,2024,2,February,298,Cindy Jordan,32,Other,Chicago,615
6a89b413,2024-02-07 01:00:00,0db9a5,Beauty,T-Shirt,3,289,867,UPI,2024,2,February,867,Troy Johnson,59,Other,Miami,2846
668eed28,2024-02-07 02:00:00,bf128f,Electronics,Sofa,4,259,1036,UPI,2024,2,February,1036,Deborah James,45,Other,Houston,1036
1a0f3ffe,2024-02-07 03:00:00,603fe0,Home Decor,Lipstick,4,30,120,Debit Card,2024,2,February,120,Jared Hamilton,67,Other,Chicago,3390
0f71c9b4,2024-02-07 04:00:00,60c2f9,Beauty,Laptop,1,259,259,Credit Card,2024,2,February,259,Anthony Ponce,65,Female,Chicago,386
209a3a03,2024-02-07 05:00:00,686e35,Clothing,Novel,1,204,204,UPI,2024,2,February,204,Gwendolyn Barron,66,Female,Los Angeles,1865
109af3b4,2024-02-07 06:00:00,d59ff4,Beauty,T-Shirt,4,159,636,Credit Card,2024,2,February,636,Sheri Dudley,34,Female,Houston,505
12f02e17,2024-02-07 07:00:00,0db9a5,Books,Lipstick,1,388,388,Cash,2024,2,February,388,Troy Johnson,59,Other,Miami,2846
9beff4a3,2024-02-07 08:00:00,73fbf5,Clothing,Novel,2,469,938,Cash,2024,2,February,938,Erik Rivera,41,Other,Chicago,3178
3cc49ea1,2024-02-07 09:00:00,e1b2b1,Clothing,Laptop,2,151,302,Cash,2024,2,February,302,Jodi Durham,37,Male,Los Angeles,1260
c6c8c715,2024-02-07 10:00:00,9ba44c,Clothing,Novel,3,418,1254,UPI,2024,2,February,1254,Erin Smith,45,Other,Chicago,364
4795bb15,2024-02-07 11:00:00,24c8e5,Beauty,T-Shirt,1,113,113,Debit Card,2024,2,February,113,Bradley Brown,42,Male,Chicago,2967
4f93031f,2024-02-07 12:00:00,99d9cc,Beauty,Sofa,3,176,528,Cash,2024,2,February,528,Jacob Dougherty,26,Female,Los Angeles,3589
f5df6ffc,2024-02-07 13:00:00,db7bff,Books,Novel,2,87,174,UPI,2024,2,February,174,Gary Arroyo,66,Female,Chicago,4267
b204a1d8,2024-02-07 14:00:00,a29381,Home Decor,Laptop,2,195,390,UPI,2024,2,February,390,Katherine Jones,68,Other,New York,589
4dcd6cf9,2024-02-07 15:00:00,c91499,Electronics,Novel,2,306,612,Cash,2024,2,February,612,Roberto Bryan,53,Female,New York,2984
2c6f6b71,2024-02-07 16:00:00,1cf4fd,Beauty,T-Shirt,3,326,978,Debit Card,2024,2,February,978,Joseph Robinson,23,Male,Los Angeles,3674
a5fdb453,2024-02-07 17:00:00,2e7c73,Books,Novel,4,85,340,UPI,2024,2,February,340,Melissa Reyes,41,Other,Houston,2274
59a55d27,2024-02-07 18:00:00,a89122,Home Decor,Lipstick,1,306,306,UPI,2024,2,February,306,Andrew Armstrong,31,Male,Los Angeles,2413
b4507bc1,2024-02-07 19:00:00,fbf9a8,Clothing,Lipstick,1,276,276,UPI,2024,2,February,276,Mark Becker,28,Other,Miami,251
3f1292b2,2024-02-07 20:00:00,7df600,Books,Novel,4,264,1056,Debit Card,2024,2,February,1056,Sherry Beck,18,Female,Los Angeles,3322
96ae4a9c,2024-02-07 21:00:00,d14e0c,Clothing,Sofa,3,273,819,Debit Card,2024,2,February,819,Dylan Richardson,40,Female,New York,2306
11ea6731,2024-02-07 22:00:00,90d7c6,Electronics,Sofa,4,272,1088,Credit Card,2024,2,February,1088,Corey Johnson,33,Other,Chicago,2415
e51fd403,2024-02-07 23:00:00,a93bd0,Home Decor,Lipstick,4,145,580,Credit Card,2024,2,February,580,Janet Buckley,33,Other,Los Angeles,3506
cbac4798,2024-02-08 00:00:00,1e903c,Home Decor,Laptop,1,61,61,Credit Card,2024,2,February,61,Michael Marsh,24,Male,Los Angeles,1617
835855f4,2024-02-08 01:00:00,9e2389,Electronics,Laptop,4,380,1520,UPI,2024,2,February,1520,Michael Cook,47,Other,Houston,3705
80b2cde7,2024-02-08 02:00:00,a76950,Clothing,Lipstick,2,71,142,UPI,2024,2,February,142,Dr. Jennifer Lynn,35,Female,Chicago,4603
c1a6ffd9,2024-02-08 03:00:00,1ad5da,Clothing,Novel,3,291,873,UPI,2024,2,February,873,Patricia Chandler,37,Female,Chicago,4743
99a79a63,2024-02-08 04:00:00,96c37e,Home Decor,Novel,4,375,1500,Debit Card,2024,2,February,1500,Robert Wise,19,Male,Los Angeles,4206
cf658b8d,2024-02-08 05:00:00,d16086,Books,Novel,2,55,110,Credit Card,2024,2,February,110,David Fox,32,Female,New York,1405
12b7739c,2024-02-08 06:00:00,43f946,Electronics,Sofa,1,171,171,UPI,2024,2,February,171,Rachel Webster,60,Other,Chicago,3278
0f4ad301,2024-02-08 07:00:00,9bd39e,Beauty,Laptop,2,343,686,Credit Card,2024,2,February,686,Robert Duffy,34,Female,Houston,3877
291b2377,2024-02-08 08:00:00,bf128f,Books,Novel,2,92,184,Debit Card,2024,2,February,184,Deborah James,45,Other,Houston,1036
5892a821,2024-02-08 09:00:00,689804,Books,Novel,3,272,816,Cash,2024,2,February,816,Nicole Hayes,23,Female,Chicago,4347
52254a81,2024-02-08 10:00:00,64ed02,Beauty,Lipstick,1,302,302,Credit Card,2024,2,February,302,Gregory Barker,24,Female,Houston,2463
5d2e9917,2024-02-08 11:00:00,9388bb,Electronics,T-Shirt,3,390,1170,Cash,2024,2,February,1170,Nancy Turner,46,Male,Houston,233
c587581d,2024-02-08 12:00:00,ffa0c3,Beauty,Lipstick,4,178,712,Debit Card,2024,2,February,712,Megan Sampson,27,Female,Houston,568
fcce02d7,2024-02-08 13:00:00,51d319,Books,T-Shirt,1,225,225,UPI,2024,2,February,225,John Holt,26,Female,New York,4996
ba3374b4,2024-02-08 14:00:00,c984e3,Beauty,T-Shirt,1,466,466,Debit Card,2024,2,February,466,Joe Stanley,18,Other,New York,941
c2602475,2024-02-08 15:00:00,89b95c,Clothing,Sofa,4,321,1284,Debit Card,2024,2,February,1284,Mark Hanson,41,Other,Miami,2832
b2baaf18,2024-02-08 16:00:00,c6bb91,Clothing,T-Shirt,4,356,1424,Debit Card,2024,2,February,1424,Abigail Bennett,30,Other,Chicago,340
763aea3a,2024-02-08 17:00:00,f4a7dd,Electronics,Novel,1,438,438,Credit Card,2024,2,February,438,Larry Dorsey,33,Female,Los Angeles,3551
98b5167c,2024-02-08 18:00:00,96c37e,Electronics,Lipstick,3,81,243,Cash,2024,2,February,243,Robert Wise,19,Male,Los Angeles,4206
11d944c2,2024-02-08 19:00:00,d36e00,Clothing,Novel,3,479,1437,Debit Card,2024,2,February,1437,Anna Rodriguez,45,Female,Miami,1460
a2e4cbf0,2024-02-08 20:00:00,232afc,Clothing,Lipstick,2,96,192,Credit Card,2024,2,February,192,Angela Lyons,44,Female,Houston,4763
0cdf9e2c,2024-02-08 21:00:00,32699c,Books,Laptop,3,136,408,Credit Card,2024,2,February,408,Valerie Cardenas,18,Male,Chicago,216
4cda7e86,2024-02-08 22:00:00,ea3b0a,Home Decor,Lipstick,3,86,258,Credit Card,2024,2,February,258,Gabrielle Duke,20,Other,Chicago,4051
60223d30,2024-02-08 23:00:00,9388bb,Home Decor,Laptop,4,17,68,Debit Card,2024,2,February,68,Nancy Turner,46,Male,Houston,233
456b4158,2024-02-09 00:00:00,9c1e73,Electronics,Laptop,1,135,135,Cash,2024,2,February,135,James Wilson,62,Other,Los Angeles,698
fc17d8aa,2024-02-09 01:00:00,f5d634,Beauty,Sofa,4,35,140,Cash,2024,2,February,140,Beverly Mora,50,Female,Houston,4208
99548413,2024-02-09 02:00:00,575c46,Books,Laptop,4,438,1752,UPI,2024,2,February,1752,Bradley Rich,22,Other,Houston,4667
b6f94935,2024-02-09 03:00:00,53afab,Electronics,Laptop,3,99,297,Debit Card,2024,2,February,297,Michael Rodriguez,52,Female,Miami,4787
96b8c43e,2024-02-09 04:00:00,fc25e7,Beauty,Sofa,3,222,666,Credit Card,2024,2,February,666,Brooke Brown,43,Female,Miami,2005
011149fe,2024-02-09 05:00:00,0b9e10,Beauty,Novel,4,474,1896,UPI,2024,2,February,1896,Susan Vaughan,36,Male,Houston,3640
13ebf055,2024-02-09 06:00:00,fe9e04,Books,Sofa,2,308,616,Debit Card,2024,2,February,616,William Thompson,42,Male,New York,1997
5daa1b61,2024-02-09 07:00:00,ca68e4,Beauty,T-Shirt,3,316,948,UPI,2024,2,February,948,Natalie Williams,45,Female,Miami,1962
819ff004,2024-02-09 08:00:00,c0b07d,Clothing,Novel,4,290,1160,UPI,2024,2,February,1160,Joshua Lee,62,Female,Los Angeles,2269
4b9abe5d,2024-02-09 09:00:00,8ccac6,Electronics,Lipstick,3,321,963,Credit Card,2024,2,February,963,William Baker,24,Other,Los Angeles,3561
54416431,2024-02-09 10:00:00,2b9564,Beauty,Sofa,3,119,357,Credit Card,2024,2,February,357,Sergio Wells,54,Female,Los Angeles,2028
2b9d28cc,2024-02-09 11:00:00,5652da,Home Decor,Sofa,4,320,1280,Debit Card,2024,2,February,1280,Kevin Johnson,61,Other,Houston,3767
149c5555,2024-02-09 12:00:00,5aa643,Books,Novel,4,89,356,Credit Card,2024,2,February,356,Rachel Bradshaw,47,Other,Miami,4189
c7914ea8,2024-02-09 13:00:00,257e66,Beauty,T-Shirt,1,285,285,Credit Card,2024,2,February,285,Robert Mcclure,36,Female,Chicago,1882
ff8bbdd2,2024-02-09 14:00:00,88c997,Beauty,Sofa,3,45,135,Credit Card,2024,2,February,135,Ralph Salinas,33,Other,Miami,2026
5929d26b,2024-02-09 15:00:00,5d31de,Beauty,T-Shirt,2,369,738,Credit Card,2024,2,February,738,Cynthia Campbell,55,Male,Los Angeles,770
bdbe6dff,2024-02-09 16:00:00,d72dc0,Clothing,T-Shirt,3,151,453,UPI,2024,2,February,453,Francisco Mills,49,Male,Chicago,4380
dbc060df,2024-02-09 17:00:00,b77f0a,Clothing,Sofa,1,106,106,UPI,2024,2,February,106,Juan Morgan,62,Other,Houston,1853
bfdd38af,2024-02-09 18:00:00,32c04b,Home Decor,Sofa,4,475,1900,Credit Card,2024,2,February,1900,Sarah Lee,41,Male,Los Angeles,3780
dc4e7f5f,2024-02-09 19:00:00,683113,Beauty,Lipstick,2,442,884,Debit Card,2024,2,February,884,Tamara Myers,46,Male,Chicago,1510
f6f45b5e,2024-02-09 20:00:00,61e522,Books,Lipstick,1,197,197,Cash,2024,2,February,197,Thomas Davis,63,Male,Miami,4107
e917c8a9,2024-02-09 21:00:00,95c81d,Home Decor,T-Shirt,4,467,1868,Cash,2024,2,February,1868,Anthony Cohen,42,Female,Miami,2725
8f52f1ef,2024-02-09 22:00:00,ec663d,Beauty,Sofa,2,27,54,Credit Card,2024,2,February,54,Stephanie Preston,38,Female,Houston,4890
91f7892b,2024-02-09 23:00:00,499ab4,Beauty,Sofa,4,447,1788,UPI,2024,2,February,1788,David Richmond,33,Female,Los Angeles,769
79e2c54b,2024-02-10 00:00:00,67f933,Home Decor,Sofa,4,349,1396,Cash,2024,2,February,1396,Philip Curry,45,Male,New York,2145
42f4a75b,2024-02-10 01:00:00,a9b434,Clothing,T-Shirt,3,265,795,Debit Card,2024,2,February,795,Justin Campbell,54,Female,Los Angeles,840
364b9a28,2024-02-10 02:00:00,fe4026,Home Decor,Lipstick,4,333,1332,UPI,2024,2,February,1332,Colleen Macias,27,Other,Miami,4335
c0a683bf,2024-02-10 03:00:00,a7156f,Clothing,Laptop,1,265,265,Debit Card,2024,2,February,265,Joshua Santos,42,Male,Miami,1428
817dc84a,2024-02-10 04:00:00,bea91a,Beauty,Sofa,3,64,192,Debit Card,2024,2,February,192,Alicia Edwards,66,Male,Chicago,3334
a1fbedde,2024-02-10 05:00:00,282154,Books,Sofa,1,464,464,Debit Card,2024,2,February,464,Karen Freeman,33,Other,Chicago,3820
4f519d87,2024-02-10 06:00:00,6d2563,Books,Lipstick,3,57,171,Debit Card,2024,2,February,171,Joseph Reyes,53,Female,New York,4290
78b9fda5,2024-02-10 07:00:00,a9b582,Clothing,T-Shirt,4,360,1440,UPI,2024,2,February,1440,Rebecca Murphy,27,Other,Miami,2922
9c43ed11,2024-02-10 08:00:00,aac587,Books,Sofa,3,115,345,UPI,2024,2,February,345,Vanessa Martinez,55,Male,Los Angeles,1072
476dfad0,2024-02-10 09:00:00,b21113,Books,Sofa,2,217,434,Cash,2024,2,February,434,Steven Levy,23,Female,Miami,4960
aeb5464d,2024-02-10 10:00:00,aac587,Electronics,T-Shirt,1,190,190,Credit Card,2024,2,February,190,Vanessa Martinez,55,Male,Los Angeles,1072
a41e95d1,2024-02-10 11:00:00,62990d,Home Decor,Lipstick,4,308,1232,Cash,2024,2,February,1232,Christopher Clayton,50,Male,Houston,1171
6f35100e,2024-02-10 12:00:00,deba11,Home Decor,Lipstick,1,499,499,Cash,2024,2,February,499,Elizabeth Sanchez DVM,48,Other,Chicago,1633
97270f5a,2024-02-10 13:00:00,50cd47,Clothing,T-Shirt,1,76,76,UPI,2024,2,February,76,Robert Abbott,30,Female,Houston,2062
720c8a8d,2024-02-10 14:00:00,cc8604,Home Decor,Sofa,2,383,766,Cash,2024,2,February,766,Ryan Medina,38,Male,Chicago,1789
05cd0f1a,2024-02-10 15:00:00,c0090b,Beauty,Sofa,1,200,200,UPI,2024,2,February,200,Carolyn Thompson,25,Other,New York,703
24ce5a58,2024-02-10 16:00:00,4627f4,Beauty,Novel,1,387,387,Credit Card,2024,2,February,387,Katrina Park,66,Female,Los Angeles,4205
cddd5b56,2024-02-10 17:00:00,9d7d39,Home Decor,T-Shirt,4,106,424,Cash,2024,2,February,424,Samantha Wright,49,Other,Chicago,4025
510ff608,2024-02-10 18:00:00,e6bc5a,Electronics,Novel,4,28,112,Cash,2024,2,February,112,David Ellis,59,Male,Chicago,2291
7fcdb99b,2024-02-10 19:00:00,4b51ec,Clothing,Sofa,4,488,1952,Cash,2024,2,February,1952,Lisa Rhodes,24,Male,Houston,171
4594945d,2024-02-10 20:00:00,da21ea,Books,Novel,1,298,298,Credit Card,2024,2,February,298,Bruce Hughes,69,Female,Houston,4390
6761ca60,2024-02-10 21:00:00,68f3ee,Clothing,T-Shirt,1,472,472,UPI,2024,2,February,472,Christine White,65,Male,New York,3625
89f82394,2024-02-10 22:00:00,ac17d5,Books,Lipstick,2,406,812,Debit Card,2024,2,February,812,Jimmy Allen,31,Other,New York,4524
5afb6e8c,2024-02-10 23:00:00,7680b8,Books,Laptop,4,42,168,Credit Card,2024,2,February,168,Amy Casey,51,Female,New York,1179
b3a1fc3f,2024-02-11 00:00:00,92348e,Clothing,Sofa,3,254,762,UPI,2024,2,February,762,Jonathan Goodwin,52,Female,Houston,2481
5bbcbaee,2024-02-11 01:00:00,b70eaa,Books,Lipstick,3,54,162,Cash,2024,2,February,162,Derek Fernandez,23,Female,Los Angeles,4617
83a91eba,2024-02-11 02:00:00,cb773f,Books,Novel,2,270,540,Credit Card,2024,2,February,540,Joe Rivera,36,Male,Chicago,4452
af2b6fc8,2024-02-11 03:00:00,d5fa58,Home Decor,Sofa,3,218,654,Credit Card,2024,2,February,654,Chelsea Foster,63,Female,Los Angeles,932
0bde5c78,2024-02-11 04:00:00,8761d7,Home Decor,T-Shirt,1,473,473,Cash,2024,2,February,473,Catherine Harris,39,Male,Houston,1236
f3934abd,2024-02-11 05:00:00,67f933,Beauty,T-Shirt,1,21,21,Credit Card,2024,2,February,21,Philip Curry,45,Male,New York,2145
45fc8a55,2024-02-11 06:00:00,c80b50,Home Decor,Laptop,1,313,313,Credit Card,2024,2,February,313,Dalton Gutierrez,41,Male,Miami,4386
2a20b947,2024-02-11 07:00:00,bf128f,Beauty,Sofa,4,420,1680,Debit Card,2024,2,February,1680,Deborah James,45,Other,Houston,1036
eee22118,2024-02-11 08:00:00,aaeb81,Electronics,T-Shirt,1,487,487,Credit Card,2024,2,February,487,Jenna Carroll,26,Female,Chicago,3106
41f9ad9d,2024-02-11 09:00:00,d538ec,Home Decor,T-Shirt,1,237,237,UPI,2024,2,February,237,William Green,34,Female,Chicago,570
e8684ba6,2024-02-11 10:00:00,3c6a35,Books,Lipstick,1,337,337,UPI,2024,2,February,337,Erik Scott,68,Female,Los Angeles,1275
7ece2697,2024-02-11 11:00:00,6474f7,Electronics,T-Shirt,3,162,486,Credit Card,2024,2,February,486,Connie Calderon,69,Male,Miami,2618
0b069f4d,2024-02-11 12:00:00,c91499,Books,T-Shirt,2,493,986,Debit Card,2024,2,February,986,Roberto Bryan,53,Female,New York,2984
eb30ec5a,2024-02-11 13:00:00,206687,Electronics,Laptop,1,170,170,Debit Card,2024,2,February,170,Jacob Mcmillan,69,Other,Chicago,2769
fd8fa95c,2024-02-11 14:00:00,3e520e,Books,Sofa,1,145,145,Credit Card,2024,2,February,145,Nathan Rodriguez,25,Male,Houston,248
6ea6bc15,2024-02-11 15:00:00,fde82f,Home Decor,Novel,4,115,460,Cash,2024,2,February,460,William Lopez,42,Male,Chicago,3687
f315077a,2024-02-11 16:00:00,9c1e73,Beauty,Laptop,4,474,1896,Cash,2024,2,February,1896,James Wilson,62,Other,Los Angeles,698
bd958d1c,2024-02-11 17:00:00,8ad450,Home Decor,Sofa,1,497,497,Cash,2024,2,February,497,James Schmidt,49,Female,Los Angeles,2300
ce14eee2,2024-02-11 18:00:00,c91499,Beauty,Lipstick,3,338,1014,Debit Card,2024,2,February,1014,Roberto Bryan,53,Female,New York,2984
863135da,2024-02-11 19:00:00,26c89a,Home Decor,Laptop,2,25,50,Credit Card,2024,2,February,50,Jordan Brown,19,Male,Chicago,414
727fab86,2024-02-11 20:00:00,c54e01,Clothing,Sofa,4,190,760,Debit Card,2024,2,February,760,Calvin Thompson,58,Male,Miami,463
96944f01,2024-02-11 21:00:00,720ce3,Electronics,T-Shirt,1,48,48,Debit Card,2024,2,February,48,Benjamin Smith,53,Female,Chicago,1315
7124e452,2024-02-11 22:00:00,68cd22,Clothing,Lipstick,4,437,1748,UPI,2024,2,February,1748,Rebecca Clayton,54,Male,Los Angeles,2804
dfafc30c,2024-02-11 23:00:00,a9a2b0,Beauty,Lipstick,2,280,560,Cash,2024,2,February,560,Anna Hartman,57,Male,New York,2003
d1526882,2024-02-12 00:00:00,03adb4,Books,Sofa,3,223,669,UPI,2024,2,February,669,James Harrison,41,Other,Los Angeles,2832
6667024d,2024-02-12 01:00:00,c4d27b,Clothing,T-Shirt,3,60,180,Cash,2024,2,February,180,Natalie Martinez,39,Other,Houston,4625
ebc0a7b5,2024-02-12 02:00:00,4b3ab7,Home Decor,Lipstick,1,200,200,Cash,2024,2,February,200,Amanda Rhodes DVM,32,Other,New York,2494
cf3d4844,2024-02-12 03:00:00,0b1953,Beauty,Sofa,1,63,63,Debit Card,2024,2,February,63,Stacy Vasquez,21,Other,New York,2738
697e58ef,2024-02-12 04:00:00,813d4a,Beauty,T-Shirt,4,104,416,Debit Card,2024,2,February,416,Andrew Mcgrath,68,Other,Los Angeles,1140
fd6174e8,2024-02-12 05:00:00,eb354d,Beauty,Laptop,2,142,284,UPI,2024,2,February,284,Christina Cruz,32,Other,Los Angeles,3102
134c861d,2024-02-12 06:00:00,9e382d,Books,T-Shirt,3,167,501,Credit Card,2024,2,February,501,Joshua Wood,63,Male,New York,599
ecc54826,2024-02-12 07:00:00,df0824,Electronics,Lipstick,1,259,259,Credit Card,2024,2,February,259,Ronald Patterson,69,Other,Chicago,598
6c0bff4f,2024-02-12 08:00:00,cdaebd,Home Decor,Laptop,1,328,328,Credit Card,2024,2,February,328,Joan Taylor,42,Male,Los Angeles,548
6bee1c49,2024-02-12 09:00:00,0f572d,Books,T-Shirt,4,395,1580,Credit Card,2024,2,February,1580,Michael Shaw,59,Other,Houston,1002
abfa5e28,2024-02-12 10:00:00,9bfc49,Electronics,Novel,3,377,1131,Credit Card,2024,2,February,1131,Karen Weiss,48,Male,New York,3640
563d24e4,2024-02-12 11:00:00,69a013,Home Decor,Sofa,2,394,788,Credit Card,2024,2,February,788,Heather Kirby,61,Male,Chicago,1739
1b079b8a,2024-02-12 12:00:00,c47aa1,Electronics,T-Shirt,3,323,969,Credit Card,2024,2,February,969,Thomas Reid,24,Other,Miami,2309
f002c9a4,2024-02-12 13:00:00,1c5121,Home Decor,T-Shirt,2,475,950,Credit Card,2024,2,February,950,Stephanie Curtis,41,Other,Los Angeles,4468
7883412d,2024-02-12 14:00:00,35ec56,Home Decor,Sofa,3,94,282,Debit Card,2024,2,February,282,Emma Durham,49,Other,Miami,3913
15cb7ca0,2024-02-12 15:00:00,a76544,Books,Sofa,4,398,1592,UPI,2024,2,February,1592,Bruce Williams,29,Male,Chicago,1904
d98f2206,2024-02-12 16:00:00,729845,Books,Lipstick,2,88,176,UPI,2024,2,February,176,Amy Ortiz,19,Female,Chicago,3497
4ae5836c,2024-02-12 17:00:00,7831cb,Beauty,Laptop,2,46,92,Cash,2024,2,February,92,Alexandra Poole,57,Male,New York,183
a24dc652,2024-02-12 18:00:00,8b072f,Electronics,Sofa,4,475,1900,Cash,2024,2,February,1900,Joshua Martin,54,Other,New York,738
e07aafb4,2024-02-12 19:00:00,6ecf87,Home Decor,Laptop,3,462,1386,Cash,2024,2,February,1386,Shannon Hayes,67,Other,New York,3341
c7b30572,2024-02-12 20:00:00,97ddc5,Beauty,Sofa,3,367,1101,Credit Card,2024,2,February,1101,Gerald Henderson,27,Female,Houston,1246
180ff60f,2024-02-12 21:00:00,001faa,Home Decor,T-Shirt,1,360,360,Debit Card,2024,2,February,360,Shirley Allen,32,Female,Houston,3500
2780b97e,2024-02-12 22:00:00,549a6d,Books,Novel,2,338,676,UPI,2024,2,February,676,Patrick Palmer,44,Other,Chicago,1002
f3b36cf4,2024-02-12 23:00:00,1af473,Electronics,Lipstick,4,252,1008,Cash,2024,2,February,1008,Patrick Hayes,69,Female,Chicago,4197
da718475,2024-02-13 00:00:00,605ac5,Home Decor,Novel,1,203,203,Cash,2024,2,February,203,Kimberly Marshall,34,Female,Los Angeles,238
fe2a5a35,2024-02-13 01:00:00,cdfbac,Clothing,Sofa,3,350,1050,Debit Card,2024,2,February,1050,Kristen Ferguson,42,Other,Los Angeles,478
60c6a2f3,2024-02-13 02:00:00,b92b74,Clothing,Laptop,1,367,367,Credit Card,2024,2,February,367,Amy Wells,27,Other,Los Angeles,1184
2fc5e9fd,2024-02-13 03:00:00,abc772,Clothing,Laptop,1,310,310,Debit Card,2024,2,February,310,Frank Cervantes,49,Female,Los Angeles,2885
50b9586b,2024-02-13 04:00:00,c516b1,Books,Novel,1,448,448,Debit Card,2024,2,February,448,Mary Kelly,65,Male,Miami,3749
78aa404b,2024-02-13 05:00:00,97707e,Beauty,Sofa,4,429,1716,UPI,2024,2,February,1716,Elizabeth Kennedy,30,Female,Houston,2364
3855c4a5,2024-02-13 06:00:00,ef06ed,Beauty,T-Shirt,2,258,516,Credit Card,2024,2,February,516,Michael Harvey,28,Other,New York,2849
3f44bb79,2024-02-13 07:00:00,51fbb2,Clothing,Laptop,3,213,639,Cash,2024,2,February,639,Melanie Burch,53,Female,New York,101
04b75903,2024-02-13 08:00:00,1f98e3,Electronics,T-Shirt,2,399,798,Debit Card,2024,2,February,798,Cody Lopez,42,Female,Los Angeles,4338
25dfba72,2024-02-13 09:00:00,dadfc7,Home Decor,Sofa,1,229,229,Cash,2024,2,February,229,Charles Hart,38,Female,Houston,3009
1270f213,2024-02-13 10:00:00,126ba9,Books,Novel,3,127,381,Credit Card,2024,2,February,381,Hunter Ford,37,Female,Los Angeles,4694
f61b73d2,2024-02-13 11:00:00,92348e,Clothing,Lipstick,2,212,424,Cash,2024,2,February,424,Jonathan Goodwin,52,Female,Houston,2481
dc45f877,2024-02-13 12:00:00,135dd1,Clothing,Sofa,4,32,128,UPI,2024,2,February,128,Robin Cabrera,42,Male,Houston,713
31c2f237,2024-02-13 13:00:00,d1e22d,Beauty,Lipstick,4,360,1440,Cash,2024,2,February,1440,Amanda Douglas,24,Female,Houston,745
10f80766,2024-02-13 14:00:00,a453b1,Home Decor,Lipstick,1,242,242,Credit Card,2024,2,February,242,Christian Mckenzie,64,Male,Los Angeles,3748
14e57d6c,2024-02-13 15:00:00,7f8f6e,Home Decor,T-Shirt,3,14,42,UPI,2024,2,February,42,Teresa Freeman MD,48,Male,Los Angeles,4011
563c351c,2024-02-13 16:00:00,60ea12,Electronics,T-Shirt,4,37,148,Cash,2024,2,February,148,Michaela Collins,32,Other,New York,2575
3b205bcf,2024-02-13 17:00:00,cebc22,Beauty,Sofa,2,159,318,UPI,2024,2,February,318,Louis Davies,30,Other,Chicago,213
ba85dbac,2024-02-13 18:00:00,7a76dc,Clothing,Novel,2,432,864,UPI,2024,2,February,864,Ethan Wallace,41,Other,Los Angeles,4322
ee02eafe,2024-02-13 19:00:00,914cae,Clothing,Laptop,3,344,1032,Cash,2024,2,February,1032,Joyce Estrada,31,Other,Los Angeles,2548
5603b1a4,2024-02-13 20:00:00,6d82aa,Books,Laptop,2,457,914,Cash,2024,2,February,914,Jose Martin,67,Other,Chicago,1753
7a0588ca,2024-02-13 21:00:00,4b3ab7,Electronics,Lipstick,1,294,294,UPI,2024,2,February,294,Amanda Rhodes DVM,32,Other,New York,2494
490af316,2024-02-13 22:00:00,0f0a4a,Clothing,Sofa,4,14,56,Cash,2024,2,February,56,Madison Morton,37,Male,New York,4109
5bbd251e,2024-02-13 23:00:00,d80b1d,Clothing,Lipstick,2,290,580,Cash,2024,2,February,580,Walter Walker,54,Female,Chicago,1436
9b7719b5,2024-02-14 00:00:00,b25446,Books,Laptop,3,381,1143,Credit Card,2024,2,February,1143,Gloria Cortez,59,Other,Chicago,4659
e7b65b8d,2024-02-14 01:00:00,003eb5,Electronics,T-Shirt,3,472,1416,Credit Card,2024,2,February,1416,Bailey Thompson,52,Male,Miami,1965
31162564,2024-02-14 02:00:00,f12f7c,Beauty,Novel,3,190,570,Credit Card,2024,2,February,570,Karen Olson,68,Other,Houston,1376
4de52b28,2024-02-14 03:00:00,1dd7b1,Beauty,Lipstick,4,230,920,Debit Card,2024,2,February,920,Susan Evans,21,Other,Chicago,1704
8db5b134,2024-02-14 04:00:00,120b0f,Books,Novel,1,409,409,UPI,2024,2,February,409,Christopher Peck,53,Male,New York,1390
efebb684,2024-02-14 05:00:00,cb66f8,Books,Novel,3,101,303,Debit Card,2024,2,February,303,Frank Choi,41,Female,Houston,535
3cb0ab36,2024-02-14 06:00:00,67e362,Clothing,Novel,1,288,288,Credit Card,2024,2,February,288,Linda Brown,37,Other,Chicago,4986
66773895,2024-02-14 07:00:00,5f7b2e,Beauty,Lipstick,3,308,924,Credit Card,2024,2,February,924,Christopher Nichols,49,Other,Los Angeles,838
fe4422d6,2024-02-14 08:00:00,322b62,Clothing,Novel,4,445,1780,UPI,2024,2,February,1780,Jesus Thompson,63,Female,New York,2794
016d4c9c,2024-02-14 09:00:00,ffa0c3,Electronics,Laptop,1,66,66,Debit Card,2024,2,February,66,Megan Sampson,27,Female,Houston,568
342d2da3,2024-02-14 10:00:00,db7a6a,Books,T-Shirt,2,41,82,UPI,2024,2,February,82,Michael Parsons,20,Other,New York,1907
cf6416ad,2024-02-14 11:00:00,47cda6,Home Decor,Novel,4,198,792,UPI,2024,2,February,792,Dana Martinez,47,Other,Houston,1077
5a14e8d0,2024-02-14 12:00:00,039139,Clothing,Sofa,4,67,268,Credit Card,2024,2,February,268,Gerald Long,46,Female,Los Angeles,4578
a419726d,2024-02-14 13:00:00,60c508,Electronics,T-Shirt,3,61,183,UPI,2024,2,February,183,Connor Williams,55,Female,Los Angeles,3933
6b72bea4,2024-02-14 14:00:00,40e96a,Home Decor,Lipstick,2,278,556,Debit Card,2024,2,February,556,Steven Wilson,55,Male,Miami,182
e4950cf5,2024-02-14 15:00:00,00e1ff,Books,Sofa,1,120,120,UPI,2024,2,February,120,Daniel Rhodes,30,Male,Houston,4794
9bc701cd,2024-02-14 16:00:00,a93149,Home Decor,Laptop,4,313,1252,UPI,2024,2,February,1252,Tara Rhodes,60,Male,Chicago,3889
958d8bcb,2024-02-14 17:00:00,827a0b,Clothing,Novel,4,485,1940,Credit Card,2024,2,February,1940,Michael Mueller,37,Female,Los Angeles,1809
3283ac9f,2024-02-14 18:00:00,a4ab91,Home Decor,T-Shirt,4,58,232,Credit Card,2024,2,February,232,Cameron Mckenzie,21,Female,Chicago,2672
269bb30c,2024-02-14 19:00:00,381cc6,Home Decor,Novel,1,91,91,UPI,2024,2,February,91,Bryan Livingston,46,Male,New York,4286
fe5f3326,2024-02-14 20:00:00,360f57,Home Decor,Sofa,4,497,1988,Credit Card,2024,2,February,1988,Elizabeth Green,56,Female,New York,2389
c33bf59e,2024-02-14 21:00:00,686e35,Books,Laptop,1,25,25,Cash,2024,2,February,25,Gwendolyn Barron,66,Female,Los Angeles,1865
ed39b89a,2024-02-14 22:00:00,5964b7,Beauty,T-Shirt,1,284,284,Cash,2024,2,February,284,Deborah Dixon,56,Other,Chicago,1527
87d50559,2024-02-14 23:00:00,3c6a35,Beauty,Laptop,4,133,532,UPI,2024,2,February,532,Erik Scott,68,Female,Los Angeles,1275
c3154c81,2024-02-15 00:00:00,a453b1,Home Decor,T-Shirt,3,22,66,Cash,2024,2,February,66,Christian Mckenzie,64,Male,Los Angeles,3748
62b78f39,2024-02-15 01:00:00,d000ed,Clothing,T-Shirt,2,117,234,Cash,2024,2,February,234,Jeff Wilson,25,Other,Miami,3862
68a1f829,2024-02-15 02:00:00,d677d4,Clothing,Laptop,3,204,612,Credit Card,2024,2,February,612,Ashley Jimenez,60,Male,New York,3616
d3704efa,2024-02-15 03:00:00,8c81e9,Beauty,Sofa,2,270,540,Credit Card,2024,2,February,540,Patricia Johnson,39,Female,New York,257
f50b1c8b,2024-02-15 04:00:00,e9835a,Beauty,Laptop,1,336,336,Credit Card,2024,2,February,336,Bianca Kennedy,42,Female,Houston,3957
744c5b18,2024-02-15 05:00:00,b3a29e,Home Decor,Sofa,2,356,712,Credit Card,2024,2,February,712,Brianna Suarez,67,Male,Los Angeles,4522
8b4d278e,2024-02-15 06:00:00,959052,Clothing,T-Shirt,4,229,916,Cash,2024,2,February,916,Alicia Ramirez,50,Other,Houston,835
f70a3ffb,2024-02-15 07:00:00,ff2f04,Home Decor,Laptop,1,225,225,Credit Card,2024,2,February,225,Jessica Harding,45,Female,New York,1853
47dadbb9,2024-02-15 08:00:00,bcec57,Beauty,Novel,1,68,68,Credit Card,2024,2,February,68,Erika Smith,56,Female,Los Angeles,910
735ab824,2024-02-15 09:00:00,622979,Home Decor,T-Shirt,4,364,1456,UPI,2024,2,February,1456,Barry Potts,24,Other,Miami,4475
45c694cc,2024-02-15 10:00:00,dc303e,Electronics,Lipstick,1,356,356,Cash,2024,2,February,356,Raymond Rodriguez,51,Male,Los Angeles,3809
7d23ddaf,2024-02-15 11:00:00,b48490,Books,Laptop,3,23,69,Cash,2024,2,February,69,Amy Callahan,18,Female,Los Angeles,2653
2e7d738b,2024-02-15 12:00:00,3c4282,Beauty,Sofa,1,385,385,Credit Card,2024,2,February,385,Ashley Lewis,44,Male,New York,2289
47fb32cc,2024-02-15 13:00:00,532e11,Electronics,Sofa,1,341,341,Debit Card,2024,2,February,341,Stephanie Wells,60,Other,Chicago,1268
f868ae12,2024-02-15 14:00:00,a769ab,Clothing,Sofa,2,204,408,Debit Card,2024,2,February,408,David Reyes,65,Other,Houston,1179
dc95a504,2024-02-15 15:00:00,deabb3,Clothing,Sofa,3,444,1332,Debit Card,2024,2,February,1332,Cody Barnes,38,Female,Houston,2671
9ea8b29d,2024-02-15 16:00:00,20c88e,Electronics,Lipstick,2,353,706,Cash,2024,2,February,706,Kimberly Cooper,61,Female,Miami,3980
0ccdb081,2024-02-15 17:00:00,8c81e9,Beauty,Laptop,3,416,1248,Credit Card,2024,2,February,1248,Patricia Johnson,39,Female,New York,257
9024651f,2024-02-15 18:00:00,3b936d,Home Decor,Lipstick,4,305,1220,Credit Card,2024,2,February,1220,Lori Hall,43,Male,Los Angeles,815
05bfdb09,2024-02-15 19:00:00,665ea1,Electronics,Lipstick,2,362,724,UPI,2024,2,February,724,Ian Chavez,43,Female,Houston,4830
b105c112,2024-02-15 20:00:00,a93149,Books,Sofa,1,434,434,UPI,2024,2,February,434,Tara Rhodes,60,Male,Chicago,3889
e94dc38d,2024-02-15 21:00:00,229428,Clothing,Sofa,4,234,936,Debit Card,2024,2,February,936,Victoria Campbell,28,Other,Los Angeles,691
7f0736f6,2024-02-15 22:00:00,0d766b,Books,Novel,3,132,396,Credit Card,2024,2,February,396,Amanda Hansen,24,Other,Los Angeles,4427
1844794f,2024-02-15 23:00:00,36a9a4,Electronics,Sofa,2,381,762,Cash,2024,2,February,762,Kimberly Doyle,54,Other,Los Angeles,4028
7466ef24,2024-02-16 00:00:00,232afc,Home Decor,T-Shirt,4,401,1604,Cash,2024,2,February,1604,Angela Lyons,44,Female,Houston,4763
084ef9fb,2024-02-16 01:00:00,fd70c5,Electronics,T-Shirt,4,385,1540,Debit Card,2024,2,February,1540,Jessica Mercado,24,Male,New York,2256
68ed3044,2024-02-16 02:00:00,3e9b3c,Clothing,Laptop,4,67,268,Cash,2024,2,February,268,Mr. Mark Soto MD,63,Female,Los Angeles,1591
74fe74cc,2024-02-16 03:00:00,c984e3,Electronics,Novel,4,42,168,Cash,2024,2,February,168,Joe Stanley,18,Other,New York,941
4d3521bb,2024-02-16 04:00:00,531de4,Home Decor,Sofa,4,421,1684,Credit Card,2024,2,February,1684,Valerie Johnson,35,Male,Houston,3524
eb35ebf5,2024-02-16 05:00:00,59df81,Electronics,Laptop,4,493,1972,Credit Card,2024,2,February,1972,Jennifer Berry,67,Male,New York,2373
d62efaa6,2024-02-16 06:00:00,f9e9a1,Books,T-Shirt,2,109,218,UPI,2024,2,February,218,Samuel Lawrence,56,Male,New York,4478
bd8bfdb8,2024-02-16 07:00:00,19ec52,Beauty,Sofa,3,391,1173,Credit Card,2024,2,February,1173,Susan Jones,57,Other,New York,4191
5ca44860,2024-02-16 08:00:00,c54e01,Beauty,Novel,3,46,138,UPI,2024,2,February,138,Calvin Thompson,58,Male,Miami,463
5b47cdd0,2024-02-16 09:00:00,0ab6ce,Home Decor,Laptop,3,370,1110,UPI,2024,2,February,1110,Renee Ballard,31,Male,Los Angeles,1008
78446453,2024-02-16 10:00:00,2a7cd7,Electronics,T-Shirt,3,132,396,UPI,2024,2,February,396,Brandon Johnson,18,Male,Miami,4670
57c4c66f,2024-02-16 11:00:00,cd1aeb,Books,T-Shirt,2,143,286,Debit Card,2024,2,February,286,Margaret Williams,64,Female,Miami,394
81aee140,2024-02-16 12:00:00,9b1435,Beauty,Sofa,4,294,1176,UPI,2024,2,February,1176,Richard James,64,Other,Miami,1513
81432570,2024-02-16 13:00:00,541935,Books,Laptop,2,147,294,Debit Card,2024,2,February,294,Mariah Long,35,Female,Chicago,4936
348e3fc5,2024-02-16 14:00:00,11e14c,Books,Lipstick,3,249,747,UPI,2024,2,February,747,Tracy Green,31,Female,Los Angeles,1442
fb746fbc,2024-02-16 15:00:00,96c37e,Home Decor,Lipstick,1,148,148,Cash,2024,2,February,148,Robert Wise,19,Male,Los Angeles,4206
af06e027,2024-02-16 16:00:00,3301f1,Electronics,Sofa,3,320,960,UPI,2024,2,February,960,Jenny Baird,43,Other,Houston,2658
b8b7e1cb,2024-02-16 17:00:00,dff9e8,Electronics,Sofa,3,112,336,Debit Card,2024,2,February,336,Dylan Wilkinson,62,Other,Miami,4250
3daa568f,2024-02-16 18:00:00,230813,Books,T-Shirt,1,233,233,Debit Card,2024,2,February,233,Kevin Ferguson,45,Female,Chicago,4056
679d1830,2024-02-16 19:00:00,527fad,Beauty,Lipstick,4,277,1108,Debit Card,2024,2,February,1108,Kathleen Moore,68,Female,Los Angeles,1912
10c2d45f,2024-02-16 20:00:00,8c376f,Clothing,T-Shirt,3,37,111,Cash,2024,2,February,111,Eric Miller,18,Male,New York,3271
7ac45753,2024-02-16 21:00:00,ae70df,Beauty,Laptop,3,451,1353,Credit Card,2024,2,February,1353,Ashley Smith,32,Other,New York,1126
0064c20b,2024-02-16 22:00:00,b25446,Electronics,Novel,2,159,318,UPI,2024,2,February,318,Gloria Cortez,59,Other,Chicago,4659
ec592f83,2024-02-16 23:00:00,31a237,Home Decor,Lipstick,3,30,90,Credit Card,2024,2,February,90,Cynthia Solomon,56,Female,Miami,4462
d229c31a,2024-02-17 00:00:00,6f4024,Beauty,Sofa,3,316,948,Credit Card,2024,2,February,948,Mark Nichols,35,Female,Los Angeles,327
0f636c32,2024-02-17 01:00:00,2797c4,Electronics,Lipstick,2,18,36,Credit Card,2024,2,February,36,William Shelton,61,Other,Chicago,1200
1a3ac009,2024-02-17 02:00:00,21bbf9,Beauty,Laptop,2,366,732,Cash,2024,2,February,732,Nathaniel Reed,64,Other,Miami,4753
8d006356,2024-02-17 03:00:00,0db9a5,Electronics,Laptop,3,51,153,Credit Card,2024,2,February,153,Troy Johnson,59,Other,Miami,2846
7ce26428,2024-02-17 04:00:00,94c3c4,Home Decor,Lipstick,3,234,702,Debit Card,2024,2,February,702,Marcus Gregory,28,Other,Chicago,3768
95dbf451,2024-02-17 05:00:00,360f57,Books,Novel,1,352,352,Credit Card,2024,2,February,352,Elizabeth Green,56,Female,New York,2389
76c79e66,2024-02-17 06:00:00,61e522,Books,Sofa,1,386,386,Credit Card,2024,2,February,386,Thomas Davis,63,Male,Miami,4107
a496814f,2024-02-17 07:00:00,90d7c6,Books,Lipstick,4,378,1512,Debit Card,2024,2,February,1512,Corey Johnson,33,Other,Chicago,2415
07b48058,2024-02-17 08:00:00,8936ea,Home Decor,Laptop,4,20,80,Cash,2024,2,February,80,Kayla Lee,61,Female,Houston,4137
a6bfc492,2024-02-17 09:00:00,94c3c4,Books,T-Shirt,4,144,576,Cash,2024,2,February,576,Marcus Gregory,28,Other,Chicago,3768
41559d0f,2024-02-17 10:00:00,8588e6,Beauty,Novel,4,250,1000,Credit Card,2024,2,February,1000,Vincent Mcpherson,22,Male,Miami,2414
97ef5dd4,2024-02-17 11:00:00,3fe6f2,Books,Novel,1,342,342,Cash,2024,2,February,342,Gail Gutierrez,46,Female,Chicago,2097
d300c6f6,2024-02-17 12:00:00,9de4c7,Books,Novel,3,300,900,UPI,2024,2,February,900,Kevin White,56,Male,New York,2918
dc5e81fb,2024-02-17 13:00:00,c5df74,Home Decor,Lipstick,3,369,1107,Credit Card,2024,2,February,1107,Donna Bonilla,69,Other,New York,4310
896d5427,2024-02-17 14:00:00,4f01a0,Electronics,Lipstick,4,309,1236,Debit Card,2024,2,February,1236,Gwendolyn Bailey,21,Male,Chicago,3490
ef90eabe,2024-02-17 15:00:00,351018,Beauty,Sofa,2,414,828,Credit Card,2024,2,February,828,Paul Edwards,49,Female,Miami,3328
9bcf1216,2024-02-17 16:00:00,9f5132,Electronics,Sofa,1,335,335,UPI,2024,2,February,335,Matthew Williams,66,Male,Los Angeles,3847
72a0b92e,2024-02-17 17:00:00,c0090b,Books,Novel,4,328,1312,Debit Card,2024,2,February,1312,Carolyn Thompson,25,Other,New York,703
4e1e9cca,2024-02-17 18:00:00,66ca62,Electronics,Novel,1,202,202,Credit Card,2024,2,February,202,Jennifer Pineda,40,Female,New York,3223
d03913fb,2024-02-17 19:00:00,c5dfd5,Beauty,Sofa,4,44,176,Credit Card,2024,2,February,176,Kelsey Fernandez,50,Male,Miami,4085
8e708cdc,2024-02-17 20:00:00,cdfbac,Electronics,Novel,1,305,305,Cash,2024,2,February,305,Kristen Ferguson,42,Other,Los Angeles,478
9b15f732,2024-02-17 21:00:00,60c508,Electronics,Novel,2,349,698,Credit Card,2024,2,February,698,Connor Williams,55,Female,Los Angeles,3933
9b533595,2024-02-17 22:00:00,fd70c5,Home Decor,Lipstick,4,343,1372,UPI,2024,2,February,1372,Jessica Mercado,24,Male,New York,2256
cc4326cc,2024-02-17 23:00:00,18e5e1,Books,Sofa,3,129,387,UPI,2024,2,February,387,Amber Rios,27,Female,Miami,401
baa311f8,2024-02-18 00:00:00,4b117d,Beauty,Novel,3,248,744,Debit Card,2024,2,February,744,Zachary Green,68,Other,Miami,3812
8005d37f,2024-02-18 01:00:00,1c5121,Books,Laptop,2,341,682,UPI,2024,2,February,682,Stephanie Curtis,41,Other,Los Angeles,4468
18482bab,2024-02-18 02:00:00,003eb5,Home Decor,Novel,4,13,52,Debit Card,2024,2,February,52,Bailey Thompson,52,Male,Miami,1965
58734807,2024-02-18 03:00:00,ee92a5,Clothing,T-Shirt,3,182,546,Credit Card,2024,2,February,546,Rebecca Scott,50,Male,Chicago,2187
a4d63c4c,2024-02-18 04:00:00,2e2faa,Electronics,Lipstick,4,298,1192,UPI,2024,2,February,1192,Alan Ward,18,Male,Houston,4743
d6105659,2024-02-18 05:00:00,8b8062,Electronics,Sofa,3,270,810,Cash,2024,2,February,810,Brittany Richardson,55,Other,Chicago,1012
136a9a7b,2024-02-18 06:00:00,b70eaa,Home Decor,Sofa,3,350,1050,Credit Card,2024,2,February,1050,Derek Fernandez,23,Female,Los Angeles,4617
341021a5,2024-02-18 07:00:00,bbfab4,Beauty,Laptop,2,245,490,Debit Card,2024,2,February,490,Lisa Lam,32,Other,Los Angeles,3986
acb3a73a,2024-02-18 08:00:00,0ab6ce,Electronics,Sofa,4,392,1568,UPI,2024,2,February,1568,Renee Ballard,31,Male,Los Angeles,1008
fadf8e34,2024-02-18 09:00:00,6f4024,Clothing,Lipstick,3,36,108,Credit Card,2024,2,February,108,Mark Nichols,35,Female,Los Angeles,327
77ace2ba,2024-02-18 10:00:00,9b8cee,Clothing,Lipstick,4,335,1340,Debit Card,2024,2,February,1340,Matthew Stout,57,Female,Miami,1705
70e98748,2024-02-18 11:00:00,7ed96a,Clothing,T-Shirt,3,49,147,UPI,2024,2,February,147,Brian Collins,44,Other,Miami,2890
0e4b8b9f,2024-02-18 12:00:00,8d0ef6,Clothing,Novel,1,400,400,Debit Card,2024,2,February,400,Joseph Wilcox,40,Other,Chicago,4761
2e88b63e,2024-02-18 13:00:00,dc303e,Home Decor,T-Shirt,3,483,1449,Debit Card,2024,2,February,1449,Raymond Rodriguez,51,Male,Los Angeles,3809
72642cf0,2024-02-18 14:00:00,0db9a5,Electronics,T-Shirt,2,251,502,Credit Card,2024,2,February,502,Troy Johnson,59,Other,Miami,2846
1a31eec8,2024-02-18 15:00:00,a0eb2a,Electronics,Sofa,3,487,1461,Credit Card,2024,2,February,1461,Robert Rodriguez,47,Other,Los Angeles,3934
f305b4cd,2024-02-18 16:00:00,a76544,Clothing,Sofa,4,380,1520,Debit Card,2024,2,February,1520,Bruce Williams,29,Male,Chicago,1904
e3b7a20c,2024-02-18 17:00:00,ceafe5,Beauty,Sofa,1,413,413,Credit Card,2024,2,February,413,James Jacobs,43,Female,Miami,411
81da7a64,2024-02-18 18:00:00,8b9634,Books,Novel,4,187,748,Credit Card,2024,2,February,748,Amber Wise,23,Male,Chicago,1274
5c9a9a28,2024-02-18 19:00:00,c516b1,Beauty,Laptop,4,332,1328,Credit Card,2024,2,February,1328,Mary Kelly,65,Male,Miami,3749
d65b7221,2024-02-18 20:00:00,a5a354,Clothing,Laptop,4,153,612,Cash,2024,2,February,612,Matthew Moore,64,Male,Chicago,2137
a689669c,2024-02-18 21:00:00,1dd7b1,Home Decor,T-Shirt,2,281,562,Credit Card,2024,2,February,562,Susan Evans,21,Other,Chicago,1704
8b85a4a7,2024-02-18 22:00:00,cf4974,Home Decor,Laptop,1,391,391,Credit Card,2024,2,February,391,Amanda Bryant,57,Female,Chicago,2823
373c6ddc,2024-02-18 23:00:00,e4b912,Books,Lipstick,2,136,272,Credit Card,2024,2,February,272,Steven Evans,37,Male,Chicago,3182
90f31a66,2024-02-19 00:00:00,2e2faa,Electronics,T-Shirt,3,384,1152,Debit Card,2024,2,February,1152,Alan Ward,18,Male,Houston,4743
27c2714b,2024-02-19 01:00:00,126ba9,Books,Sofa,4,292,1168,UPI,2024,2,February,1168,Hunter Ford,37,Female,Los Angeles,4694
63560ce9,2024-02-19 02:00:00,a29381,Books,T-Shirt,4,136,544,Credit Card,2024,2,February,544,Katherine Jones,68,Other,New York,589
0d5745d2,2024-02-19 03:00:00,b55e0e,Electronics,Sofa,3,420,1260,Debit Card,2024,2,February,1260,Wendy Hill,49,Male,Chicago,4319
f741a43d,2024-02-19 04:00:00,54d483,Clothing,Lipstick,3,123,369,Credit Card,2024,2,February,369,Mary Mullins,47,Female,Houston,4142
038563af,2024-02-19 05:00:00,f4a7dd,Electronics,Novel,4,231,924,Debit Card,2024,2,February,924,Larry Dorsey,33,Female,Los Angeles,3551
d7c3d2bc,2024-02-19 06:00:00,da21ea,Electronics,Sofa,1,112,112,Cash,2024,2,February,112,Bruce Hughes,69,Female,Houston,4390
f16142dc,2024-02-19 07:00:00,a7156f,Beauty,Lipstick,4,95,380,UPI,2024,2,February,380,Joshua Santos,42,Male,Miami,1428
b186f8ef,2024-02-19 08:00:00,98fb8a,Beauty,Sofa,4,90,360,Credit Card,2024,2,February,360,Rebecca Jimenez,19,Male,New York,3510
df624a60,2024-02-19 09:00:00,7e3148,Electronics,Novel,2,308,616,Cash,2024,2,February,616,Steven Rivera,27,Female,Chicago,326
99bb614a,2024-02-19 10:00:00,667c1a,Beauty,Sofa,1,14,14,Cash,2024,2,February,14,Erika Yoder,22,Other,Houston,4415
6dcb9f36,2024-02-19 11:00:00,3f29cb,Beauty,Lipstick,2,106,212,Debit Card,2024,2,February,212,Michael Peterson,65,Male,Los Angeles,876
47bd8011,2024-02-19 12:00:00,c6ddcf,Home Decor,T-Shirt,2,217,434,UPI,2024,2,February,434,Matthew Baldwin,62,Female,Chicago,3361
388ca28e,2024-02-19 13:00:00,8cb9b9,Home Decor,Sofa,1,418,418,Credit Card,2024,2,February,418,Stephanie Walker,38,Male,Los Angeles,1687
4d030731,2024-02-19 14:00:00,c5c830,Clothing,Novel,4,396,1584,Credit Card,2024,2,February,1584,Emily Ingram,69,Male,Houston,1860
3a512601,2024-02-19 15:00:00,6d8a42,Home Decor,Lipstick,2,302,604,Cash,2024,2,February,604,Matthew Kelly,55,Male,Chicago,490
baefdac6,2024-02-19 16:00:00,7df600,Home Decor,Novel,2,365,730,UPI,2024,2,February,730,Sherry Beck,18,Female,Los Angeles,3322
30cc15fa,2024-02-19 17:00:00,69a013,Books,T-Shirt,2,466,932,Credit Card,2024,2,February,932,Heather Kirby,61,Male,Chicago,1739
4f4ae130,2024-02-19 18:00:00,11027e,Home Decor,Novel,4,313,1252,Debit Card,2024,2,February,1252,Stephanie James,31,Female,Miami,4520
aa7ddace,2024-02-19 19:00:00,605ac5,Beauty,Laptop,1,173,173,Cash,2024,2,February,173,Kimberly Marshall,34,Female,Los Angeles,238
307b7398,2024-02-19 20:00:00,a7ef21,Clothing,T-Shirt,3,356,1068,Debit Card,2024,2,February,1068,Francis Lawrence,53,Other,Los Angeles,912
3ce5e720,2024-02-19 21:00:00,c0bbda,Electronics,Sofa,4,394,1576,Debit Card,2024,2,February,1576,Lacey Gilmore,41,Other,Chicago,4646
c6b6cf4d,2024-02-19 22:00:00,1897b1,Beauty,T-Shirt,4,193,772,Cash,2024,2,February,772,Matthew Brown,52,Other,Chicago,3750
8c53f4f1,2024-02-19 23:00:00,7c9826,Electronics,Laptop,3,125,375,UPI,2024,2,February,375,Andrew Rogers,35,Other,New York,2240
f94cc8e7,2024-02-20 00:00:00,6a2856,Home Decor,Laptop,1,322,322,Debit Card,2024,2,February,322,Alexander Nelson,29,Other,New York,4426
0008fb4f,2024-02-20 01:00:00,60ac75,Books,T-Shirt,3,459,1377,Credit Card,2024,2,February,1377,Jesus Simmons,66,Other,Houston,3649
e81ce137,2024-02-20 02:00:00,fa3119,Clothing,Novel,3,432,1296,Cash,2024,2,February,1296,Jason Whitaker,67,Male,Chicago,4762
bfca0fea,2024-02-20 03:00:00,888bce,Home Decor,Lipstick,4,274,1096,Debit Card,2024,2,February,1096,Dominique Hall MD,33,Female,Chicago,4595
fb265939,2024-02-20 04:00:00,1e2aca,Home Decor,T-Shirt,2,468,936,Cash,2024,2,February,936,Sheena Watts,50,Female,Los Angeles,2177
ab86a9aa,2024-02-20 05:00:00,466388,Electronics,Sofa,4,123,492,Credit Card,2024,2,February,492,Matthew Hess,45,Other,New York,3531
f20d95cd,2024-02-20 06:00:00,25853a,Electronics,Lipstick,3,255,765,UPI,2024,2,February,765,Scott Harris,22,Male,Chicago,799
3b70b5de,2024-02-20 07:00:00,96a538,Clothing,Sofa,4,55,220,UPI,2024,2,February,220,Shari Thomas,29,Male,Houston,2425
fc26998b,2024-02-20 08:00:00,2c35b7,Beauty,Lipstick,3,207,621,Debit Card,2024,2,February,621,Paul Cunningham,32,Female,Miami,2666
f7d6cab5,2024-02-20 09:00:00,09abde,Clothing,Sofa,3,189,567,Cash,2024,2,February,567,Joshua Lopez,38,Female,Miami,2856
9e9b7ece,2024-02-20 10:00:00,903a0f,Beauty,Lipstick,1,161,161,Credit Card,2024,2,February,161,Tony Graves,33,Other,Los Angeles,4920
9f0c1acb,2024-02-20 11:00:00,973dac,Books,Laptop,4,387,1548,Debit Card,2024,2,February,1548,Ashley Perez,55,Male,Miami,3644
3e4397d2,2024-02-20 12:00:00,f415cd,Home Decor,Novel,3,41,123,Credit Card,2024,2,February,123,Tiffany Robinson,68,Female,New York,526
a12ad408,2024-02-20 13:00:00,257e66,Electronics,Lipstick,1,285,285,Cash,2024,2,February,285,Robert Mcclure,36,Female,Chicago,1882
549e60ea,2024-02-20 14:00:00,a6f09a,Electronics,Novel,1,483,483,UPI,2024,2,February,483,Christopher Cannon,64,Female,Los Angeles,1925
7cf45621,2024-02-20 15:00:00,ac8724,Beauty,Sofa,4,96,384,Cash,2024,2,February,384,Sheri Jacobson,28,Male,Houston,4989
5f9b31b8,2024-02-20 16:00:00,a55c33,Books,Sofa,3,479,1437,Credit Card,2024,2,February,1437,Heather May,63,Female,Miami,4177
2b333852,2024-02-20 17:00:00,5cbaa7,Beauty,Lipstick,1,461,461,UPI,2024,2,February,461,Timothy Mcdaniel,62,Female,Los Angeles,4680
7091c53a,2024-02-20 18:00:00,d1e22d,Electronics,T-Shirt,2,288,576,UPI,2024,2,February,576,Amanda Douglas,24,Female,Houston,745
c5c6c103,2024-02-20 19:00:00,0daf3e,Beauty,Sofa,3,327,981,Debit Card,2024,2,February,981,Nathan Ford,56,Male,Houston,3229
7a83a62f,2024-02-20 20:00:00,064398,Beauty,T-Shirt,4,14,56,Credit Card,2024,2,February,56,Michael Olson,56,Male,New York,283
66e16c33,2024-02-20 21:00:00,c5dcf8,Electronics,Novel,4,269,1076,Debit Card,2024,2,February,1076,Joseph Myers,26,Male,Chicago,629
205ae2aa,2024-02-20 22:00:00,18e5e1,Home Decor,Laptop,4,292,1168,Credit Card,2024,2,February,1168,Amber Rios,27,Female,Miami,401
822a9298,2024-02-20 23:00:00,87142e,Home Decor,T-Shirt,2,16,32,UPI,2024,2,February,32,Jody Mcdonald,51,Female,Chicago,4229
6cd75e7c,2024-02-21 00:00:00,381b4d,Home Decor,Lipstick,4,78,312,Cash,2024,2,February,312,Joseph Brown,35,Female,Miami,4374
7ef1eaef,2024-02-21 01:00:00,2b9564,Home Decor,T-Shirt,1,157,157,Debit Card,2024,2,February,157,Sergio Wells,54,Female,Los Angeles,2028
be67aead,2024-02-21 02:00:00,169123,Electronics,Novel,1,418,418,UPI,2024,2,February,418,Kayla Bailey,46,Other,Miami,218
422b70b2,2024-02-21 03:00:00,464c90,Electronics,T-Shirt,1,200,200,Credit Card,2024,2,February,200,Jose Stuart,45,Other,Houston,408
18adef9d,2024-02-21 04:00:00,0fb4bf,Beauty,Novel,4,343,1372,Credit Card,2024,2,February,1372,Jessica Oconnor,62,Other,New York,1287
7c1b00c2,2024-02-21 05:00:00,946502,Clothing,Lipstick,2,48,96,Debit Card,2024,2,February,96,Jessica Wright,48,Male,Los Angeles,1119
591b06a6,2024-02-21 06:00:00,b6a9cf,Home Decor,Lipstick,1,207,207,Debit Card,2024,2,February,207,Matthew Cervantes,37,Male,Chicago,3042
b82a6641,2024-02-21 07:00:00,fea76e,Beauty,Laptop,4,118,472,Credit Card,2024,2,February,472,David Wagner,29,Other,Los Angeles,918
167b9af7,2024-02-21 08:00:00,a9b434,Home Decor,Sofa,3,186,558,Cash,2024,2,February,558,Justin Campbell,54,Female,Los Angeles,840
9f095129,2024-02-21 09:00:00,5964b7,Books,T-Shirt,4,344,1376,Cash,2024,2,February,1376,Deborah Dixon,56,Other,Chicago,1527
9f852ff9,2024-02-21 10:00:00,e3dbd3,Clothing,Laptop,2,458,916,Credit Card,2024,2,February,916,Brian Davis,68,Male,New York,2042
1b0ea6dd,2024-02-21 11:00:00,4cd602,Beauty,Sofa,3,33,99,Debit Card,2024,2,February,99,Connor Foster,18,Female,New York,4866
80a21326,2024-02-21 12:00:00,1f98e3,Clothing,Sofa,4,146,584,Cash,2024,2,February,584,Cody Lopez,42,Female,Los Angeles,4338
43d7bbe7,2024-02-21 13:00:00,40e96a,Clothing,T-Shirt,4,331,1324,Debit Card,2024,2,February,1324,Steven Wilson,55,Male,Miami,182
1d416617,2024-02-21 14:00:00,32c04b,Books,Laptop,1,271,271,Debit Card,2024,2,February,271,Sarah Lee,41,Male,Los Angeles,3780
ff40c194,2024-02-21 15:00:00,6adf7d,Clothing,Lipstick,1,95,95,UPI,2024,2,February,95,Nancy Cruz,22,Male,New York,4719
e1964b67,2024-02-21 16:00:00,a42663,Home Decor,Laptop,1,230,230,Credit Card,2024,2,February,230,Peter Flores,45,Male,Houston,4186
b84ff818,2024-02-21 17:00:00,9f5492,Books,Laptop,2,151,302,Cash,2024,2,February,302,Daniel Owens,33,Male,Los Angeles,2343
8669bce5,2024-02-21 18:00:00,40e96a,Clothing,Lipstick,1,162,162,UPI,2024,2,February,162,Steven Wilson,55,Male,Miami,182
d677dc2b,2024-02-21 19:00:00,99d9cc,Books,Laptop,3,34,102,UPI,2024,2,February,102,Jacob Dougherty,26,Female,Los Angeles,3589
9c0d1371,2024-02-21 20:00:00,7064f8,Beauty,Novel,1,150,150,UPI,2024,2,February,150,Evelyn Palmer,54,Male,New York,2386
3564e6fb,2024-02-21 21:00:00,2abf6e,Beauty,Sofa,2,22,44,UPI,2024,2,February,44,Brittany Chen,18,Female,Chicago,1139
23c8204d,2024-02-21 22:00:00,7e8063,Electronics,Sofa,3,219,657,Cash,2024,2,February,657,Kelly Meyer,28,Female,Miami,4745
5d867438,2024-02-21 23:00:00,1af473,Home Decor,Novel,1,212,212,Cash,2024,2,February,212,Patrick Hayes,69,Female,Chicago,4197
d18cf47f,2024-02-22 00:00:00,e93673,Beauty,Novel,2,343,686,Credit Card,2024,2,February,686,Mary Frye,39,Other,Houston,2364
5c7264c8,2024-02-22 01:00:00,d8c1d4,Books,Lipstick,4,374,1496,Debit Card,2024,2,February,1496,Andrew Williamson,18,Male,New York,983
34b4a000,2024-02-22 02:00:00,ff1ed3,Clothing,Laptop,1,435,435,Credit Card,2024,2,February,435,Tonya Sullivan,47,Male,Houston,2753
e2c53568,2024-02-22 03:00:00,93002d,Beauty,Lipstick,2,105,210,Credit Card,2024,2,February,210,Michael Riley,64,Female,Miami,482
1b4f30a7,2024-02-22 04:00:00,e540e0,Home Decor,Novel,2,82,164,Cash,2024,2,February,164,Kevin Roberson,67,Other,Houston,3122
7c8cc40f,2024-02-22 05:00:00,8ad450,Books,Novel,4,455,1820,Debit Card,2024,2,February,1820,James Schmidt,49,Female,Los Angeles,2300
b5e1cb70,2024-02-22 06:00:00,02e54e,Clothing,Laptop,2,35,70,Credit Card,2024,2,February,70,Linda Davis,61,Male,Houston,1773
e726d479,2024-02-22 07:00:00,e855c4,Books,Sofa,2,490,980,Credit Card,2024,2,February,980,Patricia Nelson,28,Male,Miami,4640
02c23b58,2024-02-22 08:00:00,a93149,Beauty,T-Shirt,3,123,369,Cash,2024,2,February,369,Tara Rhodes,60,Male,Chicago,3889
2c7e02ed,2024-02-22 09:00:00,9e2389,Electronics,Laptop,1,149,149,UPI,2024,2,February,149,Michael Cook,47,Other,Houston,3705
f9b23fb3,2024-02-22 10:00:00,5ce5f2,Books,T-Shirt,4,344,1376,UPI,2024,2,February,1376,Michael Thompson,52,Female,Miami,404
d606e473,2024-02-22 11:00:00,b96fdb,Clothing,T-Shirt,1,442,442,Debit Card,2024,2,February,442,John Hernandez,64,Male,Los Angeles,202
404f67f4,2024-02-22 12:00:00,537bd7,Beauty,Laptop,4,202,808,Debit Card,2024,2,February,808,Scott Thompson,62,Male,New York,2195
eabace70,2024-02-22 13:00:00,eeed0d,Home Decor,Laptop,2,339,678,Cash,2024,2,February,678,Crystal Gillespie,19,Male,Chicago,881
e48f503a,2024-02-22 14:00:00,ed43c8,Electronics,Lipstick,3,22,66,Debit Card,2024,2,February,66,Blake Oneal,44,Female,New York,547
8e09c4e7,2024-02-22 15:00:00,0583d6,Electronics,Novel,1,57,57,Cash,2024,2,February,57,Kevin Hanna,22,Female,Los Angeles,4179
e18b73b6,2024-02-22 16:00:00,f0620d,Home Decor,Lipstick,1,436,436,Cash,2024,2,February,436,Melissa Howe,28,Male,New York,3733
a7298dc8,2024-02-22 17:00:00,d60d66,Books,T-Shirt,1,393,393,Cash,2024,2,February,393,Joseph Hammond,18,Other,Chicago,1093
bb58bcd9,2024-02-22 18:00:00,2e40da,Books,Lipstick,4,120,480,Debit Card,2024,2,February,480,Theresa Wilson,59,Other,Houston,3571
9cca27a7,2024-02-22 19:00:00,7f03a0,Electronics,Laptop,4,483,1932,Credit Card,2024,2,February,1932,Ronald Simpson,44,Other,Houston,4258
d63806fe,2024-02-22 20:00:00,a6f09a,Electronics,Laptop,2,208,416,UPI,2024,2,February,416,Christopher Cannon,64,Female,Los Angeles,1925
f9f08a24,2024-02-22 21:00:00,a4c166,Beauty,Novel,2,285,570,Credit Card,2024,2,February,570,Carlos Doyle,64,Other,Los Angeles,902
b705d001,2024-02-22 22:00:00,a9b434,Clothing,T-Shirt,2,28,56,UPI,2024,2,February,56,Justin Campbell,54,Female,Los Angeles,840
27439367,2024-02-22 23:00:00,cd1aeb,Electronics,Novel,4,173,692,Debit Card,2024,2,February,692,Margaret Williams,64,Female,Miami,394
5364e868,2024-02-23 00:00:00,66ca62,Electronics,Novel,4,166,664,Debit Card,2024,2,February,664,Jennifer Pineda,40,Female,New York,3223
26bdbdd5,2024-02-23 01:00:00,fea76e,Beauty,T-Shirt,2,453,906,Debit Card,2024,2,February,906,David Wagner,29,Other,Los Angeles,918
b430a4bc,2024-02-23 02:00:00,ff187f,Home Decor,T-Shirt,3,228,684,Debit Card,2024,2,February,684,Sarah Moss,61,Other,Miami,369
3c6c64d5,2024-02-23 03:00:00,40987f,Electronics,Novel,3,409,1227,Credit Card,2024,2,February,1227,Teresa Hart MD,61,Female,Houston,4121
1e3e352a,2024-02-23 04:00:00,36a9a4,Books,Laptop,2,142,284,UPI,2024,2,February,284,Kimberly Doyle,54,Other,Los Angeles,4028
bb93f4fb,2024-02-23 05:00:00,c87119,Clothing,Lipstick,3,436,1308,Credit Card,2024,2,February,1308,Jay Hancock,69,Other,New York,4090
b29426ce,2024-02-23 06:00:00,466388,Electronics,Lipstick,4,438,1752,Cash,2024,2,February,1752,Matthew Hess,45,Other,New York,3531
194bd559,2024-02-23 07:00:00,d36e00,Clothing,Novel,3,324,972,UPI,2024,2,February,972,Anna Rodriguez,45,Female,Miami,1460
0613244f,2024-02-23 08:00:00,3f7dec,Beauty,Novel,3,77,231,UPI,2024,2,February,231,Jose Dean,64,Female,Los Angeles,1145
a46c16be,2024-02-23 09:00:00,3977f6,Clothing,Sofa,4,376,1504,Cash,2024,2,February,1504,Scott Aguirre,30,Male,Houston,1365
c3879ee9,2024-02-23 10:00:00,0a694c,Electronics,T-Shirt,1,152,152,Cash,2024,2,February,152,Caitlin Martinez,66,Male,New York,755
7f99d05c,2024-02-23 11:00:00,3418ea,Beauty,Lipstick,2,384,768,Cash,2024,2,February,768,Mariah Wolfe,30,Male,Miami,817
234bfc52,2024-02-23 12:00:00,f7a4d1,Clothing,Sofa,1,100,100,Debit Card,2024,2,February,100,Mark Bird,36,Male,Miami,787
56b35118,2024-02-23 13:00:00,f53fbf,Clothing,Laptop,2,150,300,Debit Card,2024,2,February,300,Susan Bell,43,Other,New York,2919
40319c18,2024-02-23 14:00:00,ee00cf,Books,Lipstick,4,98,392,Debit Card,2024,2,February,392,Daniel Brown,53,Male,New York,4093
9e37ce62,2024-02-23 15:00:00,d1bc18,Electronics,Sofa,2,496,992,Debit Card,2024,2,February,992,Alexis Ward,22,Other,Chicago,3306
fe94e7d7,2024-02-23 16:00:00,689804,Electronics,Laptop,1,188,188,Cash,2024,2,February,188,Nicole Hayes,23,Female,Chicago,4347
d0a824f4,2024-02-23 17:00:00,e32768,Home Decor,Novel,2,58,116,Cash,2024,2,February,116,Terry Allen,53,Other,Chicago,3349
d0565bf3,2024-02-23 18:00:00,b77f0a,Electronics,Laptop,2,420,840,Cash,2024,2,February,840,Juan Morgan,62,Other,Houston,1853
802f2db4,2024-02-23 19:00:00,d000ed,Electronics,Laptop,4,425,1700,Cash,2024,2,February,1700,Jeff Wilson,25,Other,Miami,3862
d81fed2d,2024-02-23 20:00:00,ffdb80,Books,Laptop,4,239,956,Debit Card,2024,2,February,956,Joshua Moran,40,Other,Houston,939
6928fbaa,2024-02-23 21:00:00,1897b1,Books,T-Shirt,3,357,1071,Cash,2024,2,February,1071,Matthew Brown,52,Other,Chicago,3750
2ed0878f,2024-02-23 22:00:00,bcec57,Clothing,Novel,4,207,828,Credit Card,2024,2,February,828,Erika Smith,56,Female,Los Angeles,910
60e30ed8,2024-02-23 23:00:00,40987f,Clothing,Laptop,4,308,1232,Debit Card,2024,2,February,1232,Teresa Hart MD,61,Female,Houston,4121
b46a85d2,2024-02-24 00:00:00,1e566b,Books,Laptop,1,261,261,Cash,2024,2,February,261,Thomas Garrett,50,Male,Miami,1707
34f04801,2024-02-24 01:00:00,79e648,Home Decor,T-Shirt,1,227,227,Credit Card,2024,2,February,227,Mr. Cody Estrada,30,Female,Los Angeles,3874
d936fdd7,2024-02-24 02:00:00,9ba44c,Clothing,Novel,2,60,120,Cash,2024,2,February,120,Erin Smith,45,Other,Chicago,364
3683448a,2024-02-24 03:00:00,ad4f17,Beauty,Novel,2,380,760,Cash,2024,2,February,760,Hannah Gentry,28,Female,New York,3079
750a2d49,2024-02-24 04:00:00,2216f1,Clothing,Novel,4,305,1220,UPI,2024,2,February,1220,Kimberly Cooley,44,Other,Miami,3407
f665382f,2024-02-24 05:00:00,ac54e7,Electronics,Sofa,4,45,180,Cash,2024,2,February,180,Joseph Boyd,31,Other,New York,697
8e58e663,2024-02-24 06:00:00,9f5132,Clothing,T-Shirt,1,414,414,Cash,2024,2,February,414,Matthew Williams,66,Male,Los Angeles,3847
a38a45ec,2024-02-24 07:00:00,485a36,Home Decor,Lipstick,2,219,438,Credit Card,2024,2,February,438,Eric Hobbs DDS,57,Female,Houston,2003
1b5f0f80,2024-02-24 08:00:00,180dac,Clothing,Novel,1,35,35,Debit Card,2024,2,February,35,Crystal Gonzalez,22,Male,New York,572
320531e6,2024-02-24 09:00:00,184306,Beauty,T-Shirt,3,491,1473,UPI,2024,2,February,1473,Amy Sandoval,40,Male,New York,4343
2fa7e2da,2024-02-24 10:00:00,e26ec3,Clothing,T-Shirt,1,329,329,Debit Card,2024,2,February,329,Pamela Levy,65,Other,Los Angeles,830
26fb8cbc,2024-02-24 11:00:00,60d951,Beauty,Sofa,3,42,126,UPI,2024,2,February,126,Michael Johns,63,Male,Miami,4161
81054bdb,2024-02-24 12:00:00,9df3ae,Home Decor,Lipstick,1,389,389,Debit Card,2024,2,February,389,Kristen Myers,42,Male,Houston,205
dd142f8a,2024-02-24 13:00:00,3f29cb,Home Decor,Lipstick,2,462,924,UPI,2024,2,February,924,Michael Peterson,65,Male,Los Angeles,876
7bac0079,2024-02-24 14:00:00,bb2360,Beauty,Lipstick,3,373,1119,Credit Card,2024,2,February,1119,Amanda Moore,31,Male,Miami,1060
b09be5c8,2024-02-24 15:00:00,0fb4bf,Books,Laptop,2,368,736,Credit Card,2024,2,February,736,Jessica Oconnor,62,Other,New York,1287
b948d617,2024-02-24 16:00:00,436ca6,Home Decor,T-Shirt,3,456,1368,Debit Card,2024,2,February,1368,Kenneth Stanton,22,Male,New York,3134
0c799ccd,2024-02-24 17:00:00,d8c1d4,Electronics,Novel,2,88,176,Cash,2024,2,February,176,Andrew Williamson,18,Male,New York,983
7ba5f7f7,2024-02-24 18:00:00,c223ce,Books,Laptop,4,110,440,Cash,2024,2,February,440,Kyle Moses,62,Female,Los Angeles,3464
e2ca4b14,2024-02-24 19:00:00,7680b8,Books,Lipstick,3,473,1419,Credit Card,2024,2,February,1419,Amy Casey,51,Female,New York,1179
47c3ba6f,2024-02-24 20:00:00,cb4ba5,Books,Lipstick,4,362,1448,Cash,2024,2,February,1448,Jason Hobbs,54,Other,Los Angeles,998
4aa69f2a,2024-02-24 21:00:00,1cd16d,Clothing,Novel,4,25,100,UPI,2024,2,February,100,Corey Rodriguez,68,Other,Chicago,2800
946258da,2024-02-24 22:00:00,9a1148,Electronics,T-Shirt,1,499,499,UPI,2024,2,February,499,Mark Hoffman,41,Female,Miami,2738
a95a89a1,2024-02-24 23:00:00,9b70eb,Books,Laptop,2,184,368,Cash,2024,2,February,368,David Boyer,23,Male,Houston,1360
a3a2e4e5,2024-02-25 00:00:00,95c81d,Clothing,Novel,2,50,100,UPI,2024,2,February,100,Anthony Cohen,42,Female,Miami,2725
8e9ec06b,2024-02-25 01:00:00,b08fef,Home Decor,Novel,2,433,866,Credit Card,2024,2,February,866,Justin Wood,35,Female,Miami,707
aeb9d7f9,2024-02-25 02:00:00,0a16fe,Clothing,Sofa,2,346,692,Credit Card,2024,2,February,692,Kristen Phillips,68,Male,Los Angeles,2852
ff4627f7,2024-02-25 03:00:00,d83b36,Books,T-Shirt,2,98,196,Debit Card,2024,2,February,196,Rebecca Nelson,51,Male,New York,347
0b48df1e,2024-02-25 04:00:00,c8fecf,Home Decor,Sofa,4,386,1544,Credit Card,2024,2,February,1544,Joel Herrera,27,Male,Miami,1961
863c9aeb,2024-02-25 05:00:00,f12f7c,Beauty,Novel,4,447,1788,Credit Card,2024,2,February,1788,Karen Olson,68,Other,Houston,1376
a5cba87c,2024-02-25 06:00:00,be03b6,Home Decor,Lipstick,2,449,898,Cash,2024,2,February,898,Robert Harvey,41,Male,Chicago,2005
f813fad6,2024-02-25 07:00:00,184306,Clothing,Novel,1,115,115,Credit Card,2024,2,February,115,Amy Sandoval,40,Male,New York,4343
fd7fdb8f,2024-02-25 08:00:00,9b8cee,Clothing,Lipstick,3,190,570,UPI,2024,2,February,570,Matthew Stout,57,Female,Miami,1705
5fdef7a8,2024-02-25 09:00:00,09abde,Clothing,Laptop,3,247,741,Credit Card,2024,2,February,741,Joshua Lopez,38,Female,Miami,2856
fe065108,2024-02-25 10:00:00,63a7f4,Books,T-Shirt,3,86,258,Credit Card,2024,2,February,258,Kimberly Reed,54,Male,New York,1512
cc2ce31b,2024-02-25 11:00:00,1933b9,Books,Lipstick,2,106,212,Credit Card,2024,2,February,212,Dr. Anthony Stanley,62,Female,Chicago,2822
476a6b49,2024-02-25 12:00:00,231443,Books,Novel,3,407,1221,UPI,2024,2,February,1221,Megan Martin,26,Male,Los Angeles,1338
b7bc143f,2024-02-25 13:00:00,6d8a42,Beauty,T-Shirt,2,165,330,UPI,2024,2,February,330,Matthew Kelly,55,Male,Chicago,490
29cce78b,2024-02-25 14:00:00,2e7c73,Clothing,Sofa,2,62,124,Cash,2024,2,February,124,Melissa Reyes,41,Other,Houston,2274
add4ca95,2024-02-25 15:00:00,1c1279,Books,Laptop,3,123,369,Cash,2024,2,February,369,Erin Mitchell,68,Other,Miami,2413
bb7e6aa7,2024-02-25 16:00:00,184306,Electronics,Sofa,2,428,856,UPI,2024,2,February,856,Amy Sandoval,40,Male,New York,4343
f3adc995,2024-02-25 17:00:00,74031c,Electronics,Novel,3,43,129,Credit Card,2024,2,February,129,Susan Hale,38,Male,New York,1466
1568e6d2,2024-02-25 18:00:00,b719f1,Home Decor,Lipstick,2,199,398,Cash,2024,2,February,398,Justin Fitzpatrick,26,Other,Los Angeles,2072
ac7f537b,2024-02-25 19:00:00,b6dfe6,Books,T-Shirt,4,71,284,Debit Card,2024,2,February,284,David Wong,20,Male,Los Angeles,907
83cb19d8,2024-02-25 20:00:00,21bb3c,Electronics,Novel,1,247,247,UPI,2024,2,February,247,Michael Glenn,42,Male,New York,4888
b118a891,2024-02-25 21:00:00,71536a,Clothing,Lipstick,2,201,402,Cash,2024,2,February,402,Sarah Johnson,46,Male,Los Angeles,2604
7776cd7b,2024-02-25 22:00:00,bceb75,Clothing,Lipstick,4,229,916,Credit Card,2024,2,February,916,Ryan Wilkerson,65,Other,Houston,4511
1d875999,2024-02-25 23:00:00,99cce5,Clothing,Lipstick,1,338,338,Credit Card,2024,2,February,338,Dawn Johnson,35,Female,Chicago,1536
6033e04b,2024-02-26 00:00:00,f7dd1f,Books,T-Shirt,1,211,211,Debit Card,2024,2,February,211,Alan Taylor,39,Male,Houston,2177
d9c9ae78,2024-02-26 01:00:00,0fc9e3,Beauty,Novel,3,381,1143,UPI,2024,2,February,1143,Scott Duffy,58,Other,Los Angeles,1449
c3e36119,2024-02-26 02:00:00,bae1dd,Beauty,Novel,2,280,560,Cash,2024,2,February,560,Margaret Bailey,44,Other,New York,394
e22dc0ed,2024-02-26 03:00:00,f59c2a,Electronics,T-Shirt,1,495,495,Credit Card,2024,2,February,495,John Miller,28,Other,New York,4512
e7bfd01c,2024-02-26 04:00:00,f5d634,Electronics,T-Shirt,1,93,93,Debit Card,2024,2,February,93,Beverly Mora,50,Female,Houston,4208
5ac6e8a1,2024-02-26 05:00:00,1b2cd5,Beauty,Novel,1,301,301,Credit Card,2024,2,February,301,Rodney Gonzalez,47,Male,Houston,238
331e8f82,2024-02-26 06:00:00,61e522,Clothing,Laptop,2,51,102,Debit Card,2024,2,February,102,Thomas Davis,63,Male,Miami,4107
e2a1ad03,2024-02-26 07:00:00,83e133,Books,Novel,2,249,498,Credit Card,2024,2,February,498,Theresa Matthews,45,Female,Houston,987
ddd92dde,2024-02-26 08:00:00,c8fecf,Home Decor,Novel,2,38,76,Credit Card,2024,2,February,76,Joel Herrera,27,Male,Miami,1961
0d20a2bb,2024-02-26 09:00:00,dccb9e,Beauty,Laptop,1,450,450,Debit Card,2024,2,February,450,Heather Francis,48,Other,Miami,2542
ab6c97b1,2024-02-26 10:00:00,0ae342,Electronics,Lipstick,4,190,760,Debit Card,2024,2,February,760,Maureen Smith,30,Male,Los Angeles,3066
4709fee3,2024-02-26 11:00:00,3e96e7,Beauty,Sofa,3,441,1323,UPI,2024,2,February,1323,Carrie Valdez,62,Female,Los Angeles,785
4b5291f6,2024-02-26 12:00:00,3e7683,Clothing,Sofa,1,161,161,Debit Card,2024,2,February,161,Sheila Cameron,30,Other,New York,1598
73481c98,2024-02-26 13:00:00,43bf8b,Clothing,Lipstick,4,459,1836,Credit Card,2024,2,February,1836,Christina Porter,59,Female,Chicago,1114
b7d76cd1,2024-02-26 14:00:00,3f4a3e,Books,Laptop,3,43,129,Cash,2024,2,February,129,Shelly Moore,26,Male,Miami,3461
5f452320,2024-02-26 15:00:00,61ef35,Beauty,Lipstick,4,14,56,Debit Card,2024,2,February,56,Lisa Jenkins,52,Female,New York,2642
6bb35a97,2024-02-26 16:00:00,5a355b,Books,T-Shirt,1,274,274,UPI,2024,2,February,274,Rachel Smith,40,Male,New York,1103
8ef387a6,2024-02-26 17:00:00,5cbaa7,Home Decor,Sofa,2,78,156,UPI,2024,2,February,156,Timothy Mcdaniel,62,Female,Los Angeles,4680
1e5cc860,2024-02-26 18:00:00,4b51ec,Electronics,Lipstick,1,243,243,UPI,2024,2,February,243,Lisa Rhodes,24,Male,Houston,171
a7c7ab58,2024-02-26 19:00:00,446290,Electronics,Sofa,2,179,358,Credit Card,2024,2,February,358,Terry Smith,20,Male,Miami,3896
ca930d07,2024-02-26 20:00:00,3977f6,Beauty,T-Shirt,1,41,41,UPI,2024,2,February,41,Scott Aguirre,30,Male,Houston,1365
e1c7cdcf,2024-02-26 21:00:00,b36a69,Books,Novel,2,485,970,Debit Card,2024,2,February,970,Cassandra Hunt,27,Male,New York,4970
a687faa2,2024-02-26 22:00:00,1d15a4,Beauty,T-Shirt,4,284,1136,Cash,2024,2,February,1136,Jennifer Stanley,36,Other,New York,4093
9bb54b59,2024-02-26 23:00:00,1ae409,Beauty,Laptop,1,306,306,UPI,2024,2,February,306,Doris Nixon,66,Other,Los Angeles,3317
f4158630,2024-02-27 00:00:00,2aecc3,Beauty,T-Shirt,2,461,922,Debit Card,2024,2,February,922,Marcus Garcia,55,Other,Houston,2163
122a4ba0,2024-02-27 01:00:00,50cd47,Home Decor,Laptop,1,169,169,Debit Card,2024,2,February,169,Robert Abbott,30,Female,Houston,2062
f755da49,2024-02-27 02:00:00,59fe4a,Beauty,Lipstick,4,499,1996,Debit Card,2024,2,February,1996,Cynthia Guzman,26,Other,New York,4606
7cf42dc8,2024-02-27 03:00:00,e69c2c,Beauty,Lipstick,2,391,782,UPI,2024,2,February,782,Stacie Potter,62,Female,Miami,3020
c8c8c77b,2024-02-27 04:00:00,5a355b,Books,Laptop,2,429,858,UPI,2024,2,February,858,Rachel Smith,40,Male,New York,1103
0d64a56b,2024-02-27 05:00:00,fa5b82,Beauty,Laptop,1,446,446,Debit Card,2024,2,February,446,Steven Sanders,20,Other,Chicago,4636
89d2b04a,2024-02-27 06:00:00,1897b1,Home Decor,Laptop,3,359,1077,Cash,2024,2,February,1077,Matthew Brown,52,Other,Chicago,3750
7aec507f,2024-02-27 07:00:00,d80b1d,Electronics,Sofa,4,382,1528,Cash,2024,2,February,1528,Walter Walker,54,Female,Chicago,1436
a90bd41f,2024-02-27 08:00:00,a12678,Home Decor,Sofa,2,381,762,Debit Card,2024,2,February,762,Gerald Harris,68,Male,Chicago,772
fb47598f,2024-02-27 09:00:00,df0824,Books,Lipstick,4,317,1268,Debit Card,2024,2,February,1268,Ronald Patterson,69,Other,Chicago,598
bdbcc957,2024-02-27 10:00:00,a658a4,Beauty,T-Shirt,4,268,1072,Cash,2024,2,February,1072,Harold Eaton,52,Other,Chicago,2217
2f77d5c7,2024-02-27 11:00:00,1bc128,Clothing,Novel,2,373,746,Cash,2024,2,February,746,Katherine Olson,59,Male,Houston,143
f957d4b7,2024-02-27 12:00:00,de5c05,Home Decor,Lipstick,4,458,1832,UPI,2024,2,February,1832,Pamela Gonzalez,61,Female,Miami,3358
e0c6ed52,2024-02-27 13:00:00,6b8fb7,Home Decor,Lipstick,2,400,800,UPI,2024,2,February,800,Bradley Mcclain,31,Male,Chicago,3068
67084918,2024-02-27 14:00:00,a82434,Books,Novel,2,186,372,Debit Card,2024,2,February,372,Clifford Smith,23,Male,New York,1704
62c8ad08,2024-02-27 15:00:00,ad4f17,Electronics,T-Shirt,3,52,156,UPI,2024,2,February,156,Hannah Gentry,28,Female,New York,3079
5963b3c5,2024-02-27 16:00:00,9f3c10,Electronics,Novel,1,57,57,Cash,2024,2,February,57,Adrian Buckley,39,Other,Los Angeles,3900
b6274c2b,2024-02-27 17:00:00,03adb4,Beauty,Lipstick,1,84,84,Debit Card,2024,2,February,84,James Harrison,41,Other,Los Angeles,2832
eb5e40ef,2024-02-27 18:00:00,246cc6,Clothing,Lipstick,4,124,496,Debit Card,2024,2,February,496,Erin Contreras,69,Other,Los Angeles,4662
f6cea9a1,2024-02-27 19:00:00,1e903c,Beauty,Laptop,4,227,908,Debit Card,2024,2,February,908,Michael Marsh,24,Male,Los Angeles,1617
f34bf89f,2024-02-27 20:00:00,61e522,Books,Lipstick,3,499,1497,UPI,2024,2,February,1497,Thomas Davis,63,Male,Miami,4107
bc5a8186,2024-02-27 21:00:00,282154,Books,Novel,3,444,1332,Debit Card,2024,2,February,1332,Karen Freeman,33,Other,Chicago,3820
b59c3e40,2024-02-27 22:00:00,11027e,Books,Sofa,4,281,1124,UPI,2024,2,February,1124,Stephanie James,31,Female,Miami,4520
d82d6b6a,2024-02-27 23:00:00,4ef533,Clothing,Novel,3,420,1260,Cash,2024,2,February,1260,Alex Phillips,64,Male,Houston,4645
645c19c7,2024-02-28 00:00:00,51f9e6,Clothing,Lipstick,4,463,1852,Cash,2024,2,February,1852,Michelle Moreno DDS,42,Other,Miami,2333
f71fb90f,2024-02-28 01:00:00,7e3148,Beauty,Lipstick,1,353,353,Debit Card,2024,2,February,353,Steven Rivera,27,Female,Chicago,326
3c9c332e,2024-02-28 02:00:00,32699c,Books,Lipstick,2,42,84,UPI,2024,2,February,84,Valerie Cardenas,18,Male,Chicago,216
ac363048,2024-02-28 03:00:00,0ab6ce,Clothing,Lipstick,4,52,208,Credit Card,2024,2,February,208,Renee Ballard,31,Male,Los Angeles,1008
26815d16,2024-02-28 04:00:00,e7a15f,Beauty,Lipstick,4,27,108,Credit Card,2024,2,February,108,Wendy Nash,33,Female,Miami,3776
48a9c516,2024-02-28 05:00:00,720ce3,Clothing,T-Shirt,2,307,614,Credit Card,2024,2,February,614,Benjamin Smith,53,Female,Chicago,1315
ed2e6412,2024-02-28 06:00:00,e50fd0,Home Decor,Novel,2,499,998,Credit Card,2024,2,February,998,Michelle Wong,62,Other,Chicago,1275
8a5b930e,2024-02-28 07:00:00,1cd0c0,Books,Novel,1,195,195,Debit Card,2024,2,February,195,Deborah Clark,58,Other,Miami,136
928fc6d6,2024-02-28 08:00:00,7888ee,Home Decor,T-Shirt,3,314,942,Debit Card,2024,2,February,942,Ms. Martha Tucker,29,Male,Houston,3416
224bd022,2024-02-28 09:00:00,1d5e7c,Clothing,Sofa,4,200,800,UPI,2024,2,February,800,John Fritz,41,Other,Chicago,1424
a8a9e5a9,2024-02-28 10:00:00,512f82,Electronics,T-Shirt,3,122,366,Debit Card,2024,2,February,366,Michael Johnson,38,Female,Miami,1405
1c1c7bf8,2024-02-28 11:00:00,6776ac,Home Decor,T-Shirt,1,228,228,UPI,2024,2,February,228,Cheryl Welch,41,Male,New York,3392
93a2f44a,2024-02-28 12:00:00,1f98e3,Home Decor,Laptop,4,130,520,Cash,2024,2,February,520,Cody Lopez,42,Female,Los Angeles,4338
930ba496,2024-02-28 13:00:00,6d82aa,Home Decor,Sofa,3,53,159,Cash,2024,2,February,159,Jose Martin,67,Other,Chicago,1753
e056991c,2024-02-28 14:00:00,26b6c9,Books,Lipstick,1,173,173,Cash,2024,2,February,173,Dr. Emily Jones,24,Other,New York,3710
839e77bf,2024-02-28 15:00:00,e098d4,Beauty,T-Shirt,3,27,81,UPI,2024,2,February,81,Walter Burke,54,Other,Chicago,4849
93e760f1,2024-02-28 16:00:00,37e5d4,Home Decor,Sofa,4,482,1928,UPI,2024,2,February,1928,John Smith,29,Male,New York,166
a8d15681,2024-02-28 17:00:00,20f79d,Clothing,Sofa,2,66,132,UPI,2024,2,February,132,Daniel Kim,54,Female,Houston,2277
5e149d9f,2024-02-28 18:00:00,c0090b,Books,Novel,2,299,598,Cash,2024,2,February,598,Carolyn Thompson,25,Other,New York,703
6a393f4b,2024-02-28 19:00:00,2aecc3,Clothing,Laptop,1,279,279,UPI,2024,2,February,279,Marcus Garcia,55,Other,Houston,2163
81b45463,2024-02-28 20:00:00,ac17d5,Books,Sofa,4,312,1248,UPI,2024,2,February,1248,Jimmy Allen,31,Other,New York,4524
2b464d11,2024-02-28 21:00:00,9d1b18,Electronics,T-Shirt,2,283,566,Cash,2024,2,February,566,Jeffrey Vincent,37,Female,Miami,3462
f0f4667d,2024-02-28 22:00:00,d9e3eb,Home Decor,Novel,2,316,632,Cash,2024,2,February,632,Stanley Harrell,46,Other,Miami,2772
d5c96019,2024-02-28 23:00:00,0daf3e,Beauty,Laptop,3,307,921,Debit Card,2024,2,February,921,Nathan Ford,56,Male,Houston,3229
74815a6c,2024-02-29 00:00:00,8e6541,Home Decor,T-Shirt,1,291,291,Cash,2024,2,February,291,Adrian Manning,62,Female,Chicago,4688
27718861,2024-02-29 01:00:00,d60d66,Home Decor,T-Shirt,1,13,13,Debit Card,2024,2,February,13,Joseph Hammond,18,Other,Chicago,1093
a7f35325,2024-02-29 02:00:00,3d5794,Home Decor,Sofa,1,314,314,UPI,2024,2,February,314,Ronald Burns,52,Other,New York,1445
d24be5ef,2024-02-29 03:00:00,26b6c9,Electronics,Lipstick,2,441,882,UPI,2024,2,February,882,Dr. Emily Jones,24,Other,New York,3710
ab545c06,2024-02-29 04:00:00,d538ec,Clothing,Novel,3,378,1134,Debit Card,2024,2,February,1134,William Green,34,Female,Chicago,570
5ed43b75,2024-02-29 05:00:00,cb773f,Home Decor,Sofa,1,177,177,Credit Card,2024,2,February,177,Joe Rivera,36,Male,Chicago,4452
aadf60f6,2024-02-29 06:00:00,83cdef,Home Decor,Lipstick,1,229,229,Credit Card,2024,2,February,229,William Clark,49,Female,New York,2814
da1a6c27,2024-02-29 07:00:00,96c37e,Home Decor,T-Shirt,4,88,352,Debit Card,2024,2,February,352,Robert Wise,19,Male,Los Angeles,4206
799f809f,2024-02-29 08:00:00,a89122,Beauty,Lipstick,4,488,1952,Cash,2024,2,February,1952,Andrew Armstrong,31,Male,Los Angeles,2413
9b2873da,2024-02-29 09:00:00,d9e3eb,Beauty,Laptop,2,64,128,UPI,2024,2,February,128,Stanley Harrell,46,Other,Miami,2772
597cf20f,2024-02-29 10:00:00,d19cca,Beauty,Novel,2,57,114,UPI,2024,2,February,114,Wayne Sutton,32,Other,New York,4207
03a21ddd,2024-02-29 11:00:00,f7ce1f,Electronics,Lipstick,2,40,80,Debit Card,2024,2,February,80,Lori Wallace,60,Male,Chicago,2992
81f0e4b0,2024-02-29 12:00:00,e50fd0,Electronics,Laptop,1,329,329,UPI,2024,2,February,329,Michelle Wong,62,Other,Chicago,1275
8d524ca7,2024-02-29 13:00:00,f5d634,Books,Novel,3,153,459,Cash,2024,2,February,459,Beverly Mora,50,Female,Houston,4208
f9819f8a,2024-02-29 14:00:00,90d7c6,Beauty,Lipstick,2,210,420,Debit Card,2024,2,February,420,Corey Johnson,33,Other,Chicago,2415
3f0ec9b2,2024-02-29 15:00:00,09abde,Home Decor,Novel,2,241,482,UPI,2024,2,February,482,Joshua Lopez,38,Female,Miami,2856
43dd7323,2024-02-29 16:00:00,09f096,Home Decor,T-Shirt,3,355,1065,Credit Card,2024,2,February,1065,Scott Hamilton,24,Female,Miami,2529
ee076f38,2024-02-29 17:00:00,df03df,Electronics,Laptop,3,129,387,Debit Card,2024,2,February,387,Megan Gonzalez,68,Male,Houston,904
c7f28ca1,2024-02-29 18:00:00,17e1d4,Home Decor,Sofa,1,364,364,Cash,2024,2,February,364,Veronica Henderson,64,Male,New York,2290
d9387f41,2024-02-29 19:00:00,bb2360,Clothing,Laptop,1,117,117,Cash,2024,2,February,117,Amanda Moore,31,Male,Miami,1060
e45ac316,2024-02-29 20:00:00,97ddc5,Clothing,Novel,1,249,249,Cash,2024,2,February,249,Gerald Henderson,27,Female,Houston,1246
6185f64e,2024-02-29 21:00:00,2aecc3,Home Decor,Sofa,2,489,978,Cash,2024,2,February,978,Marcus Garcia,55,Other,Houston,2163
91cdba0a,2024-02-29 22:00:00,9ddbe1,Home Decor,Lipstick,1,457,457,Credit Card,2024,2,February,457,Roger Morris,43,Female,New York,942
80859266,2024-02-29 23:00:00,bffec4,Home Decor,Lipstick,4,210,840,UPI,2024,2,February,840,Whitney Morrison,34,Other,Los Angeles,1051
932232b7,2024-03-01 00:00:00,567ab3,Electronics,Lipstick,3,368,1104,UPI,2024,3,March,1104,Stephen Wilson,41,Male,Houston,1037
7a11ac69,2024-03-01 01:00:00,65f7e4,Beauty,Sofa,3,393,1179,Cash,2024,3,March,1179,Elizabeth Nielsen,39,Female,Los Angeles,1806
3d846c65,2024-03-01 02:00:00,e540e0,Clothing,Sofa,1,25,25,Credit Card,2024,3,March,25,Kevin Roberson,67,Other,Houston,3122
c7883b01,2024-03-01 03:00:00,d72dc0,Beauty,Sofa,3,53,159,Cash,2024,3,March,159,Francisco Mills,49,Male,Chicago,4380
d41f034e,2024-03-01 04:00:00,57345f,Clothing,Lipstick,3,76,228,Cash,2024,3,March,228,Brian Burch,31,Male,Chicago,3967
d492b8bd,2024-03-01 05:00:00,5aa643,Clothing,Sofa,3,272,816,UPI,2024,3,March,816,Rachel Bradshaw,47,Other,Miami,4189
d8956d5c,2024-03-01 06:00:00,1e8504,Books,T-Shirt,1,377,377,Debit Card,2024,3,March,377,Mike Dawson,54,Other,Los Angeles,3891
7f01f56d,2024-03-01 07:00:00,bd36a2,Books,Sofa,1,469,469,Debit Card,2024,3,March,469,Mrs. Wanda Rogers,53,Female,Miami,1119
bfdc28db,2024-03-01 08:00:00,a883b9,Home Decor,Novel,1,43,43,Debit Card,2024,3,March,43,John Miller,30,Female,Miami,1257
ec1bced6,2024-03-01 09:00:00,21bbf9,Electronics,Lipstick,1,405,405,Cash,2024,3,March,405,Nathaniel Reed,64,Other,Miami,4753
5ece906a,2024-03-01 10:00:00,e7a15f,Electronics,Lipstick,4,277,1108,Debit Card,2024,3,March,1108,Wendy Nash,33,Female,Miami,3776
df434da9,2024-03-01 11:00:00,ecfd8e,Clothing,Sofa,1,361,361,Debit Card,2024,3,March,361,Haley Jones,23,Female,Houston,4515
38e73b9e,2024-03-01 12:00:00,a0f224,Books,Laptop,2,338,676,UPI,2024,3,March,676,Kimberly Sampson,58,Male,Houston,918
e8dd4748,2024-03-01 13:00:00,bdb07f,Home Decor,Sofa,3,423,1269,Debit Card,2024,3,March,1269,Crystal Shaw,18,Male,Miami,2488
4ecba600,2024-03-01 14:00:00,452506,Home Decor,Laptop,3,265,795,UPI,2024,3,March,795,Christopher Johnson,66,Female,Los Angeles,2519
3aea93f7,2024-03-01 15:00:00,aac587,Electronics,Novel,2,188,376,Credit Card,2024,3,March,376,Vanessa Martinez,55,Male,Los Angeles,1072
3857cfad,2024-03-01 16:00:00,2a9411,Books,Laptop,2,181,362,Debit Card,2024,3,March,362,Carly Davis,46,Female,Miami,2921
927b4ee3,2024-03-01 17:00:00,6d82aa,Books,Sofa,1,65,65,UPI,2024,3,March,65,Jose Martin,67,Other,Chicago,1753
b74cae45,2024-03-01 18:00:00,d4165a,Home Decor,Novel,1,286,286,UPI,2024,3,March,286,Kelsey Austin,30,Other,Miami,1832
a7854b1b,2024-03-01 19:00:00,2c0034,Home Decor,Lipstick,3,266,798,Cash,2024,3,March,798,Ryan Miller,28,Other,Chicago,655
63bfaaec,2024-03-01 20:00:00,de5c05,Clothing,Lipstick,2,377,754,Cash,2024,3,March,754,Pamela Gonzalez,61,Female,Miami,3358
6b2a7ea8,2024-03-01 21:00:00,dd9a01,Electronics,Lipstick,2,459,918,Cash,2024,3,March,918,Marcus Cox,45,Other,Miami,4736
b31950eb,2024-03-01 22:00:00,5ce5f2,Books,Novel,1,260,260,Cash,2024,3,March,260,Michael Thompson,52,Female,Miami,404
296e7a70,2024-03-01 23:00:00,d36e00,Beauty,Sofa,3,14,42,UPI,2024,3,March,42,Anna Rodriguez,45,Female,Miami,1460
30b3d715,2024-03-02 00:00:00,7fa91b,Beauty,Laptop,2,338,676,Debit Card,2024,3,March,676,Paul Fowler,26,Male,Los Angeles,1740
a78d430b,2024-03-02 01:00:00,658cee,Electronics,Lipstick,2,334,668,UPI,2024,3,March,668,Jessica Forbes,33,Female,Miami,4292
56a272e9,2024-03-02 02:00:00,af8a35,Books,Laptop,2,350,700,Credit Card,2024,3,March,700,Jill Morgan,49,Female,Chicago,4346
446f4091,2024-03-02 03:00:00,1be281,Beauty,Sofa,4,294,1176,Debit Card,2024,3,March,1176,Danielle Garza,60,Male,Los Angeles,3483
2effd4dd,2024-03-02 04:00:00,169123,Clothing,Novel,4,414,1656,Cash,2024,3,March,1656,Kayla Bailey,46,Other,Miami,218
3cbead83,2024-03-02 05:00:00,0cfc2b,Clothing,Laptop,4,10,40,Debit Card,2024,3,March,40,Craig King,39,Female,Miami,4386
5b358443,2024-03-02 06:00:00,4b3ab7,Electronics,Lipstick,4,45,180,Debit Card,2024,3,March,180,Amanda Rhodes DVM,32,Other,New York,2494
b156ece8,2024-03-02 07:00:00,5964b7,Clothing,Novel,3,78,234,Cash,2024,3,March,234,Deborah Dixon,56,Other,Chicago,1527
d915b583,2024-03-02 08:00:00,3e9b3c,Clothing,Novel,4,462,1848,UPI,2024,3,March,1848,Mr. Mark Soto MD,63,Female,Los Angeles,1591
60247b3b,2024-03-02 09:00:00,fb048f,Electronics,Laptop,2,237,474,UPI,2024,3,March,474,Annette Hernandez,58,Male,New York,483
8b02512f,2024-03-02 10:00:00,d538ec,Books,Sofa,2,22,44,Debit Card,2024,3,March,44,William Green,34,Female,Chicago,570
70dfd9b2,2024-03-02 11:00:00,d9e3eb,Clothing,Sofa,2,64,128,Credit Card,2024,3,March,128,Stanley Harrell,46,Other,Miami,2772
56d25e8b,2024-03-02 12:00:00,11e14c,Beauty,Sofa,3,483,1449,Debit Card,2024,3,March,1449,Tracy Green,31,Female,Los Angeles,1442
c4da5abe,2024-03-02 13:00:00,39e917,Electronics,Laptop,4,424,1696,Debit Card,2024,3,March,1696,Kristin Reed,65,Male,New York,2976
41d90ff9,2024-03-02 14:00:00,a9b582,Clothing,T-Shirt,2,196,392,Debit Card,2024,3,March,392,Rebecca Murphy,27,Other,Miami,2922
1854adff,2024-03-02 15:00:00,85ae39,Books,Laptop,3,79,237,UPI,2024,3,March,237,Rebecca Hughes,54,Other,Houston,129
61a53be0,2024-03-02 16:00:00,8cb9b9,Electronics,Laptop,4,13,52,Cash,2024,3,March,52,Stephanie Walker,38,Male,Los Angeles,1687
86949b54,2024-03-02 17:00:00,e3dbd3,Beauty,Laptop,2,357,714,Debit Card,2024,3,March,714,Brian Davis,68,Male,New York,2042
025fa4f1,2024-03-02 18:00:00,9d1b18,Clothing,Laptop,3,309,927,Cash,2024,3,March,927,Jeffrey Vincent,37,Female,Miami,3462
7f7452af,2024-03-02 19:00:00,bbfab4,Home Decor,Sofa,4,189,756,Credit Card,2024,3,March,756,Lisa Lam,32,Other,Los Angeles,3986
34635286,2024-03-02 20:00:00,ddf97f,Beauty,Novel,2,303,606,Debit Card,2024,3,March,606,Kenneth Rios,35,Female,Houston,398
5c03a21e,2024-03-02 21:00:00,a42663,Electronics,Novel,2,238,476,Credit Card,2024,3,March,476,Peter Flores,45,Male,Houston,4186
2b1f404e,2024-03-02 22:00:00,630ccf,Home Decor,Novel,2,412,824,Debit Card,2024,3,March,824,Adrienne Russell,38,Other,Los Angeles,629
a4f5b7ad,2024-03-02 23:00:00,74031c,Clothing,T-Shirt,4,99,396,Credit Card,2024,3,March,396,Susan Hale,38,Male,New York,1466
4d20db7c,2024-03-03 00:00:00,727709,Electronics,Novel,3,41,123,Credit Card,2024,3,March,123,Joyce Stephenson,51,Male,Chicago,320
fb18cec3,2024-03-03 01:00:00,9d7d39,Books,Sofa,3,88,264,UPI,2024,3,March,264,Samantha Wright,49,Other,Chicago,4025
e11d262b,2024-03-03 02:00:00,43bf8b,Home Decor,Lipstick,1,450,450,UPI,2024,3,March,450,Christina Porter,59,Female,Chicago,1114
5bbf09c5,2024-03-03 03:00:00,e6bc5a,Clothing,Sofa,2,271,542,Credit Card,2024,3,March,542,David Ellis,59,Male,Chicago,2291
337334e5,2024-03-03 04:00:00,843c81,Beauty,Novel,4,403,1612,UPI,2024,3,March,1612,Cindy Dixon,45,Male,Miami,200
ea74e2f8,2024-03-03 05:00:00,3f7dec,Electronics,T-Shirt,2,96,192,Credit Card,2024,3,March,192,Jose Dean,64,Female,Los Angeles,1145
2fd7c932,2024-03-03 06:00:00,499ab4,Electronics,Sofa,4,350,1400,UPI,2024,3,March,1400,David Richmond,33,Female,Los Angeles,769
11193ba9,2024-03-03 07:00:00,1e2aca,Home Decor,T-Shirt,3,124,372,Cash,2024,3,March,372,Sheena Watts,50,Female,Los Angeles,2177
05513c6a,2024-03-03 08:00:00,689804,Electronics,T-Shirt,1,175,175,UPI,2024,3,March,175,Nicole Hayes,23,Female,Chicago,4347
0411aceb,2024-03-03 09:00:00,ef93a4,Books,Laptop,4,143,572,UPI,2024,3,March,572,Richard Blackburn,31,Other,Chicago,2851
b718a209,2024-03-03 10:00:00,afe135,Electronics,Laptop,4,107,428,Credit Card,2024,3,March,428,Omar Adams,46,Other,Houston,1795
792466df,2024-03-03 11:00:00,499ab4,Beauty,Lipstick,3,428,1284,Cash,2024,3,March,1284,David Richmond,33,Female,Los Angeles,769
a229c541,2024-03-03 12:00:00,8b9634,Beauty,Novel,2,164,328,Credit Card,2024,3,March,328,Amber Wise,23,Male,Chicago,1274
5789865d,2024-03-03 13:00:00,d8c1d4,Electronics,Lipstick,3,155,465,Debit Card,2024,3,March,465,Andrew Williamson,18,Male,New York,983
981d0a0b,2024-03-03 14:00:00,36e794,Electronics,Sofa,4,227,908,Cash,2024,3,March,908,Holly Vasquez,36,Male,Los Angeles,1554
1c04d410,2024-03-03 15:00:00,75428d,Clothing,Laptop,2,428,856,Cash,2024,3,March,856,Derrick Johnson,63,Female,Miami,4588
5780ade9,2024-03-03 16:00:00,667c1a,Electronics,Laptop,4,377,1508,Cash,2024,3,March,1508,Erika Yoder,22,Other,Houston,4415
3a37979e,2024-03-03 17:00:00,6bdb4a,Electronics,T-Shirt,4,58,232,Debit Card,2024,3,March,232,Sandra Mckenzie,45,Other,Los Angeles,2921
1fc54c47,2024-03-03 18:00:00,f310a8,Electronics,Lipstick,2,314,628,Cash,2024,3,March,628,Matthew Hicks,43,Male,Miami,1886
123c4cd5,2024-03-03 19:00:00,e32768,Clothing,T-Shirt,4,384,1536,Debit Card,2024,3,March,1536,Terry Allen,53,Other,Chicago,3349
e4d71692,2024-03-03 20:00:00,4b5844,Electronics,T-Shirt,3,135,405,Credit Card,2024,3,March,405,Breanna Hatfield,44,Male,New York,862
318473f2,2024-03-03 21:00:00,9a1148,Home Decor,Sofa,4,85,340,Cash,2024,3,March,340,Mark Hoffman,41,Female,Miami,2738
9bdda20a,2024-03-03 22:00:00,5cbaa7,Home Decor,Novel,3,29,87,Credit Card,2024,3,March,87,Timothy Mcdaniel,62,Female,Los Angeles,4680
f8f22c70,2024-03-03 23:00:00,08561f,Home Decor,Novel,3,320,960,UPI,2024,3,March,960,Michael Buchanan,64,Female,Houston,1661
75e2c064,2024-03-04 00:00:00,a47564,Home Decor,Lipstick,3,361,1083,Credit Card,2024,3,March,1083,Brenda Johnson,56,Other,Miami,1037
f6e9f038,2024-03-04 01:00:00,9d4cce,Home Decor,T-Shirt,2,358,716,Credit Card,2024,3,March,716,James Burton,65,Female,Miami,933
c42fe344,2024-03-04 02:00:00,37228a,Clothing,Lipstick,4,494,1976,UPI,2024,3,March,1976,William Hart,37,Female,Chicago,2507
cc2a9f41,2024-03-04 03:00:00,25853a,Electronics,Laptop,1,14,14,UPI,2024,3,March,14,Scott Harris,22,Male,Chicago,799
1ebdf3c2,2024-03-04 04:00:00,10ce2b,Books,Sofa,3,466,1398,Credit Card,2024,3,March,1398,Derek Cox,51,Female,Chicago,427
dc7e6f2f,2024-03-04 05:00:00,aac587,Books,Lipstick,2,281,562,Debit Card,2024,3,March,562,Vanessa Martinez,55,Male,Los Angeles,1072
69d2aabf,2024-03-04 06:00:00,e093b6,Electronics,T-Shirt,1,449,449,Credit Card,2024,3,March,449,Charles Mejia,68,Male,New York,1541
3c2cf3eb,2024-03-04 07:00:00,fa4271,Electronics,Laptop,3,234,702,Credit Card,2024,3,March,702,Scott Barnes,26,Other,Houston,1350
2dd298d2,2024-03-04 08:00:00,aabeea,Beauty,T-Shirt,1,318,318,Debit Card,2024,3,March,318,Sergio Hodge,56,Other,Los Angeles,4813
75e07883,2024-03-04 09:00:00,2a7cd7,Electronics,Novel,1,106,106,UPI,2024,3,March,106,Brandon Johnson,18,Male,Miami,4670
36f09dde,2024-03-04 10:00:00,6b81a8,Clothing,Laptop,3,13,39,UPI,2024,3,March,39,Jonathan Donovan,25,Other,New York,3771
25e9d375,2024-03-04 11:00:00,6a6079,Clothing,Novel,1,99,99,Credit Card,2024,3,March,99,Jeffrey Stevens,62,Female,Los Angeles,3414
1df5d4d0,2024-03-04 12:00:00,79562f,Home Decor,Novel,2,318,636,Credit Card,2024,3,March,636,Bradley Jensen,63,Other,Los Angeles,4115
c2d89fa7,2024-03-04 13:00:00,1718ff,Beauty,Novel,4,70,280,UPI,2024,3,March,280,Danielle Walker,45,Male,Miami,2435
0d1c90b3,2024-03-04 14:00:00,9758c0,Clothing,T-Shirt,2,168,336,Debit Card,2024,3,March,336,Sherry Cooley,27,Male,Houston,3648
1b7d9159,2024-03-04 15:00:00,642d5e,Beauty,Lipstick,3,472,1416,Cash,2024,3,March,1416,Tyler Price,24,Male,Miami,2530
8a18c02f,2024-03-04 16:00:00,cc9ba0,Books,Lipstick,1,78,78,UPI,2024,3,March,78,Brianna Hill,41,Female,New York,4597
ca4a3dee,2024-03-04 17:00:00,83e133,Electronics,T-Shirt,3,62,186,Debit Card,2024,3,March,186,Theresa Matthews,45,Female,Houston,987
5bbc6fd4,2024-03-04 18:00:00,6474f7,Beauty,Sofa,4,220,880,Debit Card,2024,3,March,880,Connie Calderon,69,Male,Miami,2618
a4c2a8db,2024-03-04 19:00:00,a658a4,Clothing,Lipstick,4,297,1188,Credit Card,2024,3,March,1188,Harold Eaton,52,Other,Chicago,2217
25e73ce8,2024-03-04 20:00:00,7f03a0,Home Decor,Laptop,1,15,15,Debit Card,2024,3,March,15,Ronald Simpson,44,Other,Houston,4258
05c3a7e0,2024-03-04 21:00:00,8761d7,Electronics,Laptop,1,353,353,UPI,2024,3,March,353,Catherine Harris,39,Male,Houston,1236
fe98c5a0,2024-03-04 22:00:00,9e2389,Beauty,T-Shirt,1,211,211,Debit Card,2024,3,March,211,Michael Cook,47,Other,Houston,3705
c995617d,2024-03-04 23:00:00,9c1061,Clothing,Sofa,4,478,1912,Cash,2024,3,March,1912,Kim Hicks,67,Male,New York,3163
9bf6ffe2,2024-03-05 00:00:00,13e8e2,Electronics,Novel,4,212,848,Cash,2024,3,March,848,Daniel Johnson,39,Other,New York,1955
a82a7118,2024-03-05 01:00:00,092c22,Clothing,T-Shirt,4,188,752,UPI,2024,3,March,752,Stephanie Flores,44,Other,Houston,3314
294fcab4,2024-03-05 02:00:00,2556f7,Home Decor,T-Shirt,3,276,828,Cash,2024,3,March,828,David Wood,43,Other,Miami,547
0b50f2e1,2024-03-05 03:00:00,a40a26,Home Decor,Sofa,3,58,174,Cash,2024,3,March,174,Jamie Simmons,32,Other,Houston,4023
468adc8b,2024-03-05 04:00:00,985c9f,Books,Novel,4,157,628,Cash,2024,3,March,628,Lisa Kelley,33,Male,Los Angeles,1639
39905ce7,2024-03-05 05:00:00,e60281,Home Decor,Lipstick,1,144,144,Credit Card,2024,3,March,144,Michele Hall,59,Other,Houston,3253
6a49d47a,2024-03-05 06:00:00,7e8063,Electronics,T-Shirt,4,179,716,Credit Card,2024,3,March,716,Kelly Meyer,28,Female,Miami,4745
7cc81d52,2024-03-05 07:00:00,9de4c7,Home Decor,Lipstick,4,97,388,Cash,2024,3,March,388,Kevin White,56,Male,New York,2918
948f6cc5,2024-03-05 08:00:00,200248,Books,T-Shirt,1,170,170,Cash,2024,3,March,170,Courtney Brown,49,Other,Houston,2370
b7c46663,2024-03-05 09:00:00,e0053e,Books,Laptop,2,186,372,Cash,2024,3,March,372,Martin Davis,63,Male,New York,2249
aec3df24,2024-03-05 10:00:00,36a9a4,Electronics,Sofa,1,136,136,Credit Card,2024,3,March,136,Kimberly Doyle,54,Other,Los Angeles,4028
cd8cc9e9,2024-03-05 11:00:00,628f76,Clothing,Lipstick,4,473,1892,Credit Card,2024,3,March,1892,Nichole Gould,45,Female,Chicago,1575
a49588dc,2024-03-05 12:00:00,7c817c,Home Decor,T-Shirt,1,478,478,UPI,2024,3,March,478,Kimberly Francis,43,Female,Los Angeles,2911
f2e1e30e,2024-03-05 13:00:00,6b81a8,Electronics,Lipstick,4,112,448,Debit Card,2024,3,March,448,Jonathan Donovan,25,Other,New York,3771
604d3591,2024-03-05 14:00:00,50f690,Home Decor,T-Shirt,4,109,436,UPI,2024,3,March,436,Shelia Valentine,22,Other,Los Angeles,230
381c489b,2024-03-05 15:00:00,e6bc5a,Clothing,T-Shirt,3,218,654,Debit Card,2024,3,March,654,David Ellis,59,Male,Chicago,2291
ffb7b9a2,2024-03-05 16:00:00,16a09f,Books,Sofa,1,440,440,Cash,2024,3,March,440,Dr. Suzanne Riley,41,Other,Houston,486
ed2763e5,2024-03-05 17:00:00,9d1b18,Clothing,Novel,2,230,460,Cash,2024,3,March,460,Jeffrey Vincent,37,Female,Miami,3462
8e2a8d5e,2024-03-05 18:00:00,bfadaf,Home Decor,Novel,1,156,156,UPI,2024,3,March,156,Karen Bailey,69,Female,Houston,1920
d64ccd3f,2024-03-05 19:00:00,dd1d33,Home Decor,Lipstick,2,496,992,UPI,2024,3,March,992,Christopher Sharp,64,Male,Houston,3204
1f04d6a8,2024-03-05 20:00:00,7064f8,Home Decor,Novel,1,14,14,Debit Card,2024,3,March,14,Evelyn Palmer,54,Male,New York,2386
00a660ef,2024-03-05 21:00:00,fc3922,Home Decor,Novel,1,255,255,Credit Card,2024,3,March,255,Janice Coleman,58,Male,Miami,2497
0eb0302f,2024-03-05 22:00:00,bdb07f,Electronics,T-Shirt,4,246,984,Debit Card,2024,3,March,984,Crystal Shaw,18,Male,Miami,2488
799d1676,2024-03-05 23:00:00,1e566b,Beauty,Sofa,4,244,976,Debit Card,2024,3,March,976,Thomas Garrett,50,Male,Miami,1707
64614ba8,2024-03-06 00:00:00,66acf0,Electronics,Sofa,1,223,223,Cash,2024,3,March,223,Kelli Willis,34,Female,Miami,3986
ce250585,2024-03-06 01:00:00,7df600,Home Decor,Sofa,3,175,525,Cash,2024,3,March,525,Sherry Beck,18,Female,Los Angeles,3322
5c21fd8e,2024-03-06 02:00:00,73f0cc,Electronics,Sofa,3,257,771,Debit Card,2024,3,March,771,Susan Rosales,65,Female,Chicago,625
8a5be058,2024-03-06 03:00:00,b6dfe6,Clothing,T-Shirt,3,357,1071,Cash,2024,3,March,1071,David Wong,20,Male,Los Angeles,907
6bdccea0,2024-03-06 04:00:00,2bb631,Beauty,Sofa,4,228,912,Cash,2024,3,March,912,Brittany Dalton,32,Female,Miami,3396
66c8e97e,2024-03-06 05:00:00,d80b1d,Books,Laptop,1,457,457,Cash,2024,3,March,457,Walter Walker,54,Female,Chicago,1436
92426935,2024-03-06 06:00:00,fe4026,Electronics,Novel,4,20,80,Credit Card,2024,3,March,80,Colleen Macias,27,Other,Miami,4335
aa847f4e,2024-03-06 07:00:00,54fab6,Books,Sofa,4,273,1092,Credit Card,2024,3,March,1092,Kristopher Jackson,59,Male,Chicago,1901
999baf0b,2024-03-06 08:00:00,50e071,Home Decor,Sofa,1,132,132,Cash,2024,3,March,132,Cameron Shields,44,Other,New York,142
a84acd95,2024-03-06 09:00:00,9bd39e,Home Decor,Novel,2,46,92,UPI,2024,3,March,92,Robert Duffy,34,Female,Houston,3877
fe6404b2,2024-03-06 10:00:00,27fcdf,Home Decor,Laptop,4,247,988,UPI,2024,3,March,988,Ian Ellis,49,Female,New York,4087
96c0ce39,2024-03-06 11:00:00,532e11,Beauty,Novel,2,289,578,Debit Card,2024,3,March,578,Stephanie Wells,60,Other,Chicago,1268
a681f7ce,2024-03-06 12:00:00,4a8434,Electronics,T-Shirt,2,344,688,Cash,2024,3,March,688,Stacey Rodriguez PhD,22,Other,Houston,3787
8036c2ab,2024-03-06 13:00:00,a12678,Books,T-Shirt,3,67,201,UPI,2024,3,March,201,Gerald Harris,68,Male,Chicago,772
d658b603,2024-03-06 14:00:00,9353e8,Books,Laptop,1,445,445,Credit Card,2024,3,March,445,John Francis,40,Female,New York,4276
aa12842e,2024-03-06 15:00:00,e6e784,Beauty,T-Shirt,3,188,564,Credit Card,2024,3,March,564,Erica Benson,24,Male,Miami,1027
85686e09,2024-03-06 16:00:00,11e14c,Home Decor,T-Shirt,2,392,784,Cash,2024,3,March,784,Tracy Green,31,Female,Los Angeles,1442
962d8c6f,2024-03-06 17:00:00,959b14,Clothing,Novel,2,113,226,Credit Card,2024,3,March,226,Courtney Morrison,19,Other,Miami,2004
117048be,2024-03-06 18:00:00,a6b61d,Electronics,Novel,3,35,105,Debit Card,2024,3,March,105,Nancy Campbell,41,Male,Houston,2115
91dfc2ad,2024-03-06 19:00:00,cd1aeb,Books,Novel,3,397,1191,Credit Card,2024,3,March,1191,Margaret Williams,64,Female,Miami,394
dd18cd79,2024-03-06 20:00:00,ab7452,Home Decor,T-Shirt,1,283,283,Cash,2024,3,March,283,Marvin Lee,44,Female,Houston,2795
ec00dbba,2024-03-06 21:00:00,b25446,Books,Lipstick,3,362,1086,UPI,2024,3,March,1086,Gloria Cortez,59,Other,Chicago,4659
ce986080,2024-03-06 22:00:00,b78ecd,Beauty,Sofa,1,369,369,Debit Card,2024,3,March,369,Alexandra Poole,27,Male,Los Angeles,2855
bbf82217,2024-03-06 23:00:00,9bd39e,Clothing,T-Shirt,1,421,421,Debit Card,2024,3,March,421,Robert Duffy,34,Female,Houston,3877
f073efd7,2024-03-07 00:00:00,98fb8a,Home Decor,T-Shirt,3,354,1062,UPI,2024,3,March,1062,Rebecca Jimenez,19,Male,New York,3510
253aa0d1,2024-03-07 01:00:00,bd36a2,Electronics,Lipstick,2,301,602,Credit Card,2024,3,March,602,Mrs. Wanda Rogers,53,Female,Miami,1119
fbb7c9aa,2024-03-07 02:00:00,389383,Books,Sofa,4,276,1104,Debit Card,2024,3,March,1104,Michele Yang,51,Female,Chicago,709
bb1e125e,2024-03-07 03:00:00,af8a35,Books,Novel,2,285,570,UPI,2024,3,March,570,Jill Morgan,49,Female,Chicago,4346
f7c81f6d,2024-03-07 04:00:00,775de5,Clothing,Novel,4,197,788,Cash,2024,3,March,788,Timothy Thomas,52,Other,Miami,3504
c143dcde,2024-03-07 05:00:00,6474f7,Home Decor,T-Shirt,3,219,657,UPI,2024,3,March,657,Connie Calderon,69,Male,Miami,2618
01332203,2024-03-07 06:00:00,1933b9,Home Decor,Lipstick,3,252,756,UPI,2024,3,March,756,Dr. Anthony Stanley,62,Female,Chicago,2822
27568815,2024-03-07 07:00:00,184306,Home Decor,Sofa,1,204,204,Cash,2024,3,March,204,Amy Sandoval,40,Male,New York,4343
7a9eb887,2024-03-07 08:00:00,f7dcee,Beauty,Laptop,3,330,990,Cash,2024,3,March,990,William Edwards,34,Female,New York,2937
b3f60b1b,2024-03-07 09:00:00,5f7b2e,Electronics,Novel,1,343,343,Credit Card,2024,3,March,343,Christopher Nichols,49,Other,Los Angeles,838
741b29df,2024-03-07 10:00:00,381cc6,Home Decor,Novel,4,395,1580,Cash,2024,3,March,1580,Bryan Livingston,46,Male,New York,4286
4cccad30,2024-03-07 11:00:00,a6b61d,Electronics,Lipstick,1,144,144,Cash,2024,3,March,144,Nancy Campbell,41,Male,Houston,2115
b42e2914,2024-03-07 12:00:00,97707e,Beauty,Laptop,2,446,892,UPI,2024,3,March,892,Elizabeth Kennedy,30,Female,Houston,2364
80b47455,2024-03-07 13:00:00,d5fa58,Home Decor,Sofa,2,153,306,Cash,2024,3,March,306,Chelsea Foster,63,Female,Los Angeles,932
ae815d79,2024-03-07 14:00:00,603fe0,Electronics,Sofa,1,406,406,Cash,2024,3,March,406,Jared Hamilton,67,Other,Chicago,3390
595deebf,2024-03-07 15:00:00,9e05c6,Clothing,Laptop,2,367,734,UPI,2024,3,March,734,Michelle Alvarez,31,Female,Houston,160
409d7354,2024-03-07 16:00:00,a47564,Electronics,Sofa,3,251,753,UPI,2024,3,March,753,Brenda Johnson,56,Other,Miami,1037
87b836a8,2024-03-07 17:00:00,de5c05,Books,Sofa,3,226,678,Debit Card,2024,3,March,678,Pamela Gonzalez,61,Female,Miami,3358
d4657ad4,2024-03-07 18:00:00,322b62,Books,Lipstick,3,129,387,UPI,2024,3,March,387,Jesus Thompson,63,Female,New York,2794
ce8f6556,2024-03-07 19:00:00,11027e,Home Decor,T-Shirt,3,440,1320,Debit Card,2024,3,March,1320,Stephanie James,31,Female,Miami,4520
b84e6b20,2024-03-07 20:00:00,c6bb91,Electronics,Lipstick,1,126,126,Credit Card,2024,3,March,126,Abigail Bennett,30,Other,Chicago,340
0b7be815,2024-03-07 21:00:00,656752,Clothing,Sofa,2,173,346,Credit Card,2024,3,March,346,Lisa Brennan,22,Other,Los Angeles,4807
0aec6aa2,2024-03-07 22:00:00,c0f584,Clothing,Sofa,2,69,138,Cash,2024,3,March,138,Michelle Davis,24,Other,Miami,1424
f8885a5e,2024-03-07 23:00:00,636007,Books,Sofa,3,289,867,Credit Card,2024,3,March,867,Carly Freeman,35,Other,Los Angeles,1196
6b8ebe97,2024-03-08 00:00:00,fbc727,Electronics,Sofa,3,370,1110,Credit Card,2024,3,March,1110,Christina Sims,55,Male,Chicago,1049
d439b9d7,2024-03-08 01:00:00,ee00cf,Clothing,T-Shirt,3,339,1017,Cash,2024,3,March,1017,Daniel Brown,53,Male,New York,4093
965b9fb3,2024-03-08 02:00:00,940c3d,Home Decor,Laptop,2,67,134,Debit Card,2024,3,March,134,Kimberly George,27,Female,New York,181
8ab5a38b,2024-03-08 03:00:00,db7bff,Clothing,Novel,3,276,828,Cash,2024,3,March,828,Gary Arroyo,66,Female,Chicago,4267
672ada47,2024-03-08 04:00:00,1e566b,Beauty,Sofa,3,151,453,Debit Card,2024,3,March,453,Thomas Garrett,50,Male,Miami,1707
a061710d,2024-03-08 05:00:00,9d106b,Home Decor,T-Shirt,3,387,1161,UPI,2024,3,March,1161,Ashley Sanders,42,Other,Houston,1868
608e0bf3,2024-03-08 06:00:00,7eef43,Home Decor,Laptop,4,44,176,UPI,2024,3,March,176,Brian Kirk,49,Male,Houston,2638
dca03f92,2024-03-08 07:00:00,6860f0,Beauty,Laptop,3,207,621,Debit Card,2024,3,March,621,Jeffrey Randall,39,Female,New York,3667
ba11a31d,2024-03-08 08:00:00,76c8fb,Books,Sofa,2,481,962,Debit Card,2024,3,March,962,Marvin Figueroa,43,Other,New York,4572
d7cd245d,2024-03-08 09:00:00,ecfd8e,Clothing,T-Shirt,3,490,1470,Debit Card,2024,3,March,1470,Haley Jones,23,Female,Houston,4515
14975fbf,2024-03-08 10:00:00,ca68e4,Books,Lipstick,4,90,360,UPI,2024,3,March,360,Natalie Williams,45,Female,Miami,1962
ecaaa242,2024-03-08 11:00:00,9bd481,Clothing,Sofa,2,44,88,Debit Card,2024,3,March,88,Ian Hanson,49,Other,Chicago,4454
6c26a0c3,2024-03-08 12:00:00,4e1657,Clothing,Sofa,3,288,864,Cash,2024,3,March,864,Christina Clayton,61,Other,Chicago,4264
ae388723,2024-03-08 13:00:00,79e648,Electronics,Sofa,4,242,968,Credit Card,2024,3,March,968,Mr. Cody Estrada,30,Female,Los Angeles,3874
41b43343,2024-03-08 14:00:00,08a16f,Clothing,T-Shirt,2,394,788,Debit Card,2024,3,March,788,Cathy Ryan,26,Male,Los Angeles,4949
e7888261,2024-03-08 15:00:00,cb2083,Beauty,T-Shirt,3,319,957,Credit Card,2024,3,March,957,Samuel Wang,44,Female,Chicago,3441
b839adbb,2024-03-08 16:00:00,ce061d,Beauty,Sofa,1,286,286,Cash,2024,3,March,286,Rebecca Hall,59,Male,Houston,301
c4f4109a,2024-03-08 17:00:00,4b51ec,Home Decor,Sofa,2,270,540,UPI,2024,3,March,540,Lisa Rhodes,24,Male,Houston,171
4383029d,2024-03-08 18:00:00,389383,Home Decor,T-Shirt,4,229,916,Debit Card,2024,3,March,916,Michele Yang,51,Female,Chicago,709
3e3d89ee,2024-03-08 19:00:00,6a2856,Beauty,Sofa,3,80,240,UPI,2024,3,March,240,Alexander Nelson,29,Other,New York,4426
4cf8f94d,2024-03-08 20:00:00,26031c,Beauty,Lipstick,4,55,220,Debit Card,2024,3,March,220,Kara Brooks,39,Other,Houston,3427
dc05a282,2024-03-08 21:00:00,35af9d,Books,Sofa,3,23,69,UPI,2024,3,March,69,Anthony Hamilton,51,Female,New York,2496
58c13c4d,2024-03-08 22:00:00,3b936d,Beauty,Laptop,1,259,259,UPI,2024,3,March,259,Lori Hall,43,Male,Los Angeles,815
758f1d2e,2024-03-08 23:00:00,aea03b,Books,Sofa,3,201,603,UPI,2024,3,March,603,Tracy Jackson,63,Other,Houston,1143
0455c097,2024-03-09 00:00:00,60d951,Electronics,T-Shirt,3,178,534,UPI,2024,3,March,534,Michael Johns,63,Male,Miami,4161
8efc5ff3,2024-03-09 01:00:00,8af74d,Electronics,T-Shirt,3,78,234,Cash,2024,3,March,234,Sophia Proctor,25,Male,Los Angeles,1646
df9901f7,2024-03-09 02:00:00,cb773f,Beauty,Laptop,2,117,234,Credit Card,2024,3,March,234,Joe Rivera,36,Male,Chicago,4452
5beb0662,2024-03-09 03:00:00,32c04b,Home Decor,Sofa,2,306,612,UPI,2024,3,March,612,Sarah Lee,41,Male,Los Angeles,3780
879e4aa2,2024-03-09 04:00:00,32927d,Electronics,Laptop,2,164,328,UPI,2024,3,March,328,Brett Guerrero,65,Male,Miami,1241
6d7480d4,2024-03-09 05:00:00,61e522,Home Decor,Novel,1,206,206,Debit Card,2024,3,March,206,Thomas Davis,63,Male,Miami,4107
bcd6fd69,2024-03-09 06:00:00,79e648,Clothing,Lipstick,2,383,766,UPI,2024,3,March,766,Mr. Cody Estrada,30,Female,Los Angeles,3874
5f1e3d2e,2024-03-09 07:00:00,a0eb2a,Electronics,Lipstick,1,228,228,Cash,2024,3,March,228,Robert Rodriguez,47,Other,Los Angeles,3934
2850c84d,2024-03-09 08:00:00,7c9790,Books,Lipstick,2,410,820,Credit Card,2024,3,March,820,Derrick Smith,20,Female,Chicago,4155
ed5d55c1,2024-03-09 09:00:00,058198,Home Decor,Laptop,2,395,790,Credit Card,2024,3,March,790,Hannah Santana,24,Female,Los Angeles,497
3826c313,2024-03-09 10:00:00,2a6646,Books,Novel,4,153,612,UPI,2024,3,March,612,Joshua Donovan,41,Female,New York,3744
34e59f7f,2024-03-09 11:00:00,df5cf3,Home Decor,Laptop,4,66,264,Debit Card,2024,3,March,264,Brianna Frank,62,Other,Los Angeles,4587
efee8d28,2024-03-09 12:00:00,92f42e,Home Decor,Novel,2,432,864,UPI,2024,3,March,864,Charlotte Buck,60,Other,Houston,4780
0181c1b7,2024-03-09 13:00:00,9a1148,Electronics,Novel,4,52,208,Credit Card,2024,3,March,208,Mark Hoffman,41,Female,Miami,2738
313e3549,2024-03-09 14:00:00,9ba44c,Books,Novel,2,210,420,Debit Card,2024,3,March,420,Erin Smith,45,Other,Chicago,364
7fa45709,2024-03-09 15:00:00,658cee,Home Decor,Novel,4,82,328,Debit Card,2024,3,March,328,Jessica Forbes,33,Female,Miami,4292
3572e33d,2024-03-09 16:00:00,63dc2a,Home Decor,Lipstick,4,499,1996,Debit Card,2024,3,March,1996,Angela Lewis,20,Female,Miami,2999
5a19456a,2024-03-09 17:00:00,585151,Clothing,Novel,2,60,120,Credit Card,2024,3,March,120,Justin Ochoa,24,Male,New York,3769
d6c44263,2024-03-09 18:00:00,3230b4,Clothing,Laptop,2,489,978,UPI,2024,3,March,978,Stefanie Wallace,65,Male,Los Angeles,4369
56b4fb0c,2024-03-09 19:00:00,a40a26,Beauty,Sofa,2,422,844,Debit Card,2024,3,March,844,Jamie Simmons,32,Other,Houston,4023
6a2d2e6d,2024-03-09 20:00:00,5538a3,Books,Sofa,1,286,286,Credit Card,2024,3,March,286,Melissa Hayden,42,Female,Miami,1819
980d10ae,2024-03-09 21:00:00,c690cb,Books,T-Shirt,4,345,1380,Debit Card,2024,3,March,1380,Jillian Black,25,Other,New York,1599
97b61850,2024-03-09 22:00:00,cebc22,Electronics,T-Shirt,3,166,498,Cash,2024,3,March,498,Louis Davies,30,Other,Chicago,213
0d4e1d32,2024-03-09 23:00:00,d40b64,Beauty,Laptop,4,126,504,Cash,2024,3,March,504,Anthony Pruitt,47,Other,Chicago,2346
3af85868,2024-03-10 00:00:00,d07df3,Books,T-Shirt,3,380,1140,Cash,2024,3,March,1140,Kimberly Glenn,26,Female,Houston,3025
cf890d1d,2024-03-10 01:00:00,48d760,Home Decor,Sofa,2,426,852,Cash,2024,3,March,852,Mary Stewart,39,Male,Miami,2804
a9b7b4e5,2024-03-10 02:00:00,41b60a,Home Decor,Lipstick,4,331,1324,Debit Card,2024,3,March,1324,Lisa Taylor,26,Male,Houston,3357
251377a3,2024-03-10 03:00:00,60d951,Books,Sofa,1,426,426,Debit Card,2024,3,March,426,Michael Johns,63,Male,Miami,4161
8251791c,2024-03-10 04:00:00,ef941e,Beauty,Laptop,2,175,350,UPI,2024,3,March,350,Crystal Edwards,61,Female,Los Angeles,3697
17bfc669,2024-03-10 05:00:00,791f39,Clothing,Sofa,4,128,512,Credit Card,2024,3,March,512,Crystal Nguyen,23,Other,Los Angeles,1466
bf666cdc,2024-03-10 06:00:00,9388bb,Beauty,Sofa,4,316,1264,UPI,2024,3,March,1264,Nancy Turner,46,Male,Houston,233
9363075c,2024-03-10 07:00:00,0a694c,Electronics,Laptop,1,154,154,Debit Card,2024,3,March,154,Caitlin Martinez,66,Male,New York,755
b87920f6,2024-03-10 08:00:00,531de4,Electronics,Sofa,1,59,59,Debit Card,2024,3,March,59,Valerie Johnson,35,Male,Houston,3524
9d01c4f2,2024-03-10 09:00:00,eb6746,Beauty,Novel,2,415,830,Debit Card,2024,3,March,830,Kevin Thomas,54,Female,Miami,2067
54c376b0,2024-03-10 10:00:00,4fcc8a,Books,Novel,3,308,924,Debit Card,2024,3,March,924,Thomas Tran,31,Other,Los Angeles,3756
49f1daee,2024-03-10 11:00:00,452346,Home Decor,T-Shirt,1,465,465,UPI,2024,3,March,465,James Hartman,51,Female,Houston,1506
1b6110ed,2024-03-10 12:00:00,d07df3,Home Decor,T-Shirt,3,180,540,Credit Card,2024,3,March,540,Kimberly Glenn,26,Female,Houston,3025
49fdaba1,2024-03-10 13:00:00,1efff5,Beauty,Novel,1,456,456,UPI,2024,3,March,456,Terry Gonzalez,53,Female,Miami,1997
d98104c8,2024-03-10 14:00:00,74e34e,Home Decor,Novel,4,466,1864,Debit Card,2024,3,March,1864,Jennifer Schmitt,19,Male,New York,847
5cb81794,2024-03-10 15:00:00,4b3ab7,Electronics,Novel,1,269,269,UPI,2024,3,March,269,Amanda Rhodes DVM,32,Other,New York,2494
008c8b32,2024-03-10 16:00:00,4b3ab7,Home Decor,Novel,1,409,409,Credit Card,2024,3,March,409,Amanda Rhodes DVM,32,Other,New York,2494
7f0a8d3a,2024-03-10 17:00:00,55721d,Electronics,Sofa,1,481,481,UPI,2024,3,March,481,Tammy Silva,30,Male,Los Angeles,1320
94ed0b85,2024-03-10 18:00:00,20c88e,Electronics,Novel,3,354,1062,Debit Card,2024,3,March,1062,Kimberly Cooper,61,Female,Miami,3980
eed7d96d,2024-03-10 19:00:00,fde82f,Clothing,Lipstick,4,477,1908,Debit Card,2024,3,March,1908,William Lopez,42,Male,Chicago,3687
3d97acff,2024-03-10 20:00:00,d10352,Books,T-Shirt,3,495,1485,UPI,2024,3,March,1485,Jordan Jones,43,Female,Chicago,280
9f3cc8d1,2024-03-10 21:00:00,df03df,Electronics,Novel,2,302,604,Cash,2024,3,March,604,Megan Gonzalez,68,Male,Houston,904
7a2e3ea1,2024-03-10 22:00:00,09aaef,Beauty,Sofa,2,50,100,Credit Card,2024,3,March,100,Kaylee Maldonado,41,Female,New York,905
fe46915f,2024-03-10 23:00:00,8eb823,Books,T-Shirt,3,477,1431,Credit Card,2024,3,March,1431,Aaron Bass,63,Male,Miami,3559
2bc082a9,2024-03-11 00:00:00,1e2aca,Electronics,Lipstick,4,67,268,UPI,2024,3,March,268,Sheena Watts,50,Female,Los Angeles,2177
2d6fc797,2024-03-11 01:00:00,ee92a5,Books,Sofa,4,469,1876,UPI,2024,3,March,1876,Rebecca Scott,50,Male,Chicago,2187
048f0ae1,2024-03-11 02:00:00,339a50,Home Decor,Lipstick,1,401,401,Debit Card,2024,3,March,401,Andrea Hart,29,Other,Los Angeles,510
b139f4d0,2024-03-11 03:00:00,a38696,Home Decor,Laptop,1,208,208,Debit Card,2024,3,March,208,Ian Hartman,67,Other,New York,1879
ebf0ceff,2024-03-11 04:00:00,335482,Clothing,T-Shirt,2,47,94,Cash,2024,3,March,94,Stephanie Snow,29,Other,New York,1304
1e338136,2024-03-11 05:00:00,d673c7,Home Decor,Sofa,1,168,168,Credit Card,2024,3,March,168,Miss Teresa Guzman,50,Female,Chicago,3754
01d4ac82,2024-03-11 06:00:00,ea5046,Clothing,Laptop,1,67,67,Credit Card,2024,3,March,67,Ryan Short,35,Other,Houston,2476
5b147e2e,2024-03-11 07:00:00,9a67bd,Beauty,Sofa,4,306,1224,Cash,2024,3,March,1224,Anna Taylor,69,Female,Miami,314
5cbeb492,2024-03-11 08:00:00,8cb9b9,Books,T-Shirt,2,232,464,UPI,2024,3,March,464,Stephanie Walker,38,Male,Los Angeles,1687
3302d057,2024-03-11 09:00:00,9bfc49,Clothing,T-Shirt,3,87,261,Credit Card,2024,3,March,261,Karen Weiss,48,Male,New York,3640
4926015e,2024-03-11 10:00:00,a883b9,Home Decor,T-Shirt,3,297,891,Debit Card,2024,3,March,891,John Miller,30,Female,Miami,1257
403648ef,2024-03-11 11:00:00,53afab,Beauty,T-Shirt,4,393,1572,Credit Card,2024,3,March,1572,Michael Rodriguez,52,Female,Miami,4787
7c7629ef,2024-03-11 12:00:00,7270dd,Electronics,Sofa,3,158,474,Debit Card,2024,3,March,474,Christopher Roberts,64,Female,Miami,850
dd45df2e,2024-03-11 13:00:00,a1ac40,Home Decor,Novel,4,401,1604,Cash,2024,3,March,1604,Jason Murray,29,Male,Houston,1167
097331fb,2024-03-11 14:00:00,917c1b,Clothing,Novel,2,119,238,Cash,2024,3,March,238,Gabrielle Pierce,32,Female,New York,3396
25c36c95,2024-03-11 15:00:00,1beced,Beauty,Lipstick,3,270,810,Debit Card,2024,3,March,810,Victoria Smith,25,Other,Chicago,3850
25923a86,2024-03-11 16:00:00,00b49a,Electronics,Novel,4,121,484,UPI,2024,3,March,484,Shawn Gonzales,45,Female,Houston,358
f7854d90,2024-03-11 17:00:00,e50fd0,Home Decor,Laptop,3,95,285,Credit Card,2024,3,March,285,Michelle Wong,62,Other,Chicago,1275
3e94bf16,2024-03-11 18:00:00,d3b955,Electronics,Sofa,2,317,634,Debit Card,2024,3,March,634,William Moore,26,Male,Chicago,2440
3073dfa2,2024-03-11 19:00:00,b92b74,Home Decor,Novel,1,24,24,Credit Card,2024,3,March,24,Amy Wells,27,Other,Los Angeles,1184
73b47ad5,2024-03-11 20:00:00,31a545,Books,Sofa,4,239,956,Credit Card,2024,3,March,956,Jonathan Conner,38,Male,Chicago,1939
d66fd5fd,2024-03-11 21:00:00,5e2217,Clothing,Laptop,4,210,840,UPI,2024,3,March,840,Jodi Cannon,43,Female,Chicago,3763
acdb4d99,2024-03-11 22:00:00,31f38a,Home Decor,Laptop,2,184,368,Credit Card,2024,3,March,368,Jonathan Lee,41,Male,New York,4286
0c2484c6,2024-03-11 23:00:00,1af473,Beauty,Laptop,3,202,606,Debit Card,2024,3,March,606,Patrick Hayes,69,Female,Chicago,4197
69568110,2024-03-12 00:00:00,0d28a1,Clothing,Novel,1,321,321,Cash,2024,3,March,321,Elizabeth Chase,56,Female,Miami,2704
b3e4c103,2024-03-12 01:00:00,5ac382,Clothing,Laptop,1,315,315,Credit Card,2024,3,March,315,Deborah Hall,35,Male,Los Angeles,4168
c2be9cfc,2024-03-12 02:00:00,c5c830,Home Decor,Novel,2,471,942,Debit Card,2024,3,March,942,Emily Ingram,69,Male,Houston,1860
f6e31a17,2024-03-12 03:00:00,37f14f,Electronics,Laptop,2,270,540,Credit Card,2024,3,March,540,Christina Cook,59,Male,Miami,1118
175a0a34,2024-03-12 04:00:00,a9a2b0,Home Decor,T-Shirt,2,232,464,Credit Card,2024,3,March,464,Anna Hartman,57,Male,New York,2003
012027a8,2024-03-12 05:00:00,56a8d9,Home Decor,Lipstick,4,322,1288,Cash,2024,3,March,1288,Katie Lowe,33,Male,Houston,3678
49a9484a,2024-03-12 06:00:00,335482,Books,Novel,1,448,448,Cash,2024,3,March,448,Stephanie Snow,29,Other,New York,1304
a79765d1,2024-03-12 07:00:00,9f2660,Beauty,Laptop,3,368,1104,Debit Card,2024,3,March,1104,Brad Mendoza,67,Female,Chicago,3603
1aa1009d,2024-03-12 08:00:00,14d85a,Beauty,T-Shirt,2,437,874,UPI,2024,3,March,874,Stephanie Barton,36,Male,New York,3560
0e442cf6,2024-03-12 09:00:00,68cd22,Clothing,T-Shirt,4,316,1264,Debit Card,2024,3,March,1264,Rebecca Clayton,54,Male,Los Angeles,2804
3a1f95f5,2024-03-12 10:00:00,622979,Home Decor,Sofa,4,158,632,Debit Card,2024,3,March,632,Barry Potts,24,Other,Miami,4475
a9e1a456,2024-03-12 11:00:00,d3d467,Home Decor,Laptop,4,435,1740,Debit Card,2024,3,March,1740,Zachary Bridges,66,Female,Chicago,3893
30919810,2024-03-12 12:00:00,60c508,Clothing,Sofa,4,142,568,UPI,2024,3,March,568,Connor Williams,55,Female,Los Angeles,3933
e1824658,2024-03-12 13:00:00,b8e59b,Home Decor,Lipstick,4,21,84,Credit Card,2024,3,March,84,Ashley Murphy,69,Other,New York,570
ae0d1a3a,2024-03-12 14:00:00,f7dcee,Home Decor,Sofa,1,351,351,Cash,2024,3,March,351,William Edwards,34,Female,New York,2937
cc1c9ad1,2024-03-12 15:00:00,3977f6,Electronics,Sofa,4,94,376,Cash,2024,3,March,376,Scott Aguirre,30,Male,Houston,1365
bd158644,2024-03-12 16:00:00,22f1a7,Beauty,Novel,4,261,1044,Cash,2024,3,March,1044,Tony Foster,23,Female,New York,3538
653a7a71,2024-03-12 17:00:00,ca68e4,Clothing,Sofa,2,191,382,Cash,2024,3,March,382,Natalie Williams,45,Female,Miami,1962
95ddcc31,2024-03-12 18:00:00,9388bb,Books,Sofa,1,191,191,Credit Card,2024,3,March,191,Nancy Turner,46,Male,Houston,233
ecb18f06,2024-03-12 19:00:00,a43eea,Home Decor,Sofa,1,280,280,Debit Card,2024,3,March,280,Robert Gonzales,36,Female,Miami,1172
a1cf81f5,2024-03-12 20:00:00,08d3e4,Beauty,Novel,1,403,403,Cash,2024,3,March,403,Daniel Robinson,23,Male,Los Angeles,3734
5e9b7a69,2024-03-12 21:00:00,7c6499,Clothing,T-Shirt,1,483,483,UPI,2024,3,March,483,Karen Rasmussen,29,Female,Chicago,2343
0bb064b0,2024-03-12 22:00:00,66ca62,Home Decor,Laptop,2,468,936,Cash,2024,3,March,936,Jennifer Pineda,40,Female,New York,3223
dc5b4ef2,2024-03-12 23:00:00,08d3e4,Electronics,Sofa,1,328,328,Cash,2024,3,March,328,Daniel Robinson,23,Male,Los Angeles,3734
c7a37810,2024-03-13 00:00:00,43949d,Beauty,Novel,4,459,1836,Credit Card,2024,3,March,1836,Phillip Frazier,36,Male,Miami,1431
d2d6d5ab,2024-03-13 01:00:00,96ff57,Clothing,Novel,2,499,998,Credit Card,2024,3,March,998,Charles Ruiz,43,Male,Chicago,3216
5c83746f,2024-03-13 02:00:00,c5c830,Electronics,T-Shirt,2,386,772,Cash,2024,3,March,772,Emily Ingram,69,Male,Houston,1860
c3769ee2,2024-03-13 03:00:00,ef1539,Beauty,Lipstick,2,495,990,Credit Card,2024,3,March,990,Lee Wilcox,44,Male,Houston,212
eda44adb,2024-03-13 04:00:00,54579a,Clothing,Novel,3,362,1086,UPI,2024,3,March,1086,Lisa Wilkerson,51,Female,Los Angeles,550
71ab8f0f,2024-03-13 05:00:00,580dca,Clothing,Sofa,4,401,1604,Credit Card,2024,3,March,1604,Sarah Gonzalez,63,Female,New York,1741
c0cf713d,2024-03-13 06:00:00,9b70eb,Beauty,Novel,1,494,494,Credit Card,2024,3,March,494,David Boyer,23,Male,Houston,1360
83b3b9cc,2024-03-13 07:00:00,ddf118,Beauty,T-Shirt,2,117,234,UPI,2024,3,March,234,Steven Hall,56,Other,Los Angeles,4353
65ba836a,2024-03-13 08:00:00,51f9e6,Beauty,T-Shirt,1,436,436,Cash,2024,3,March,436,Michelle Moreno DDS,42,Other,Miami,2333
d795b1f5,2024-03-13 09:00:00,36864d,Electronics,Sofa,2,390,780,UPI,2024,3,March,780,Christopher Lutz,20,Other,Miami,1317
f08983b7,2024-03-13 10:00:00,62a73d,Home Decor,Sofa,1,250,250,Credit Card,2024,3,March,250,Joseph Martinez,43,Male,Houston,502
2bd6bd31,2024-03-13 11:00:00,e9ef6b,Home Decor,Laptop,4,419,1676,Credit Card,2024,3,March,1676,Andrew Myers,67,Female,New York,4132
4dbd283d,2024-03-13 12:00:00,d538ec,Clothing,Laptop,1,318,318,Credit Card,2024,3,March,318,William Green,34,Female,Chicago,570
3f5b15b8,2024-03-13 13:00:00,df5cf3,Books,Sofa,2,131,262,UPI,2024,3,March,262,Brianna Frank,62,Other,Los Angeles,4587
e6de2790,2024-03-13 14:00:00,3d3774,Clothing,Sofa,3,426,1278,UPI,2024,3,March,1278,Dean Moore,39,Female,Miami,2396
48f9ddbf,2024-03-13 15:00:00,e26ec3,Clothing,T-Shirt,4,311,1244,Credit Card,2024,3,March,1244,Pamela Levy,65,Other,Los Angeles,830
70114ea3,2024-03-13 16:00:00,a6b61d,Beauty,Sofa,2,255,510,Credit Card,2024,3,March,510,Nancy Campbell,41,Male,Houston,2115
cc5552ea,2024-03-13 17:00:00,e15d65,Electronics,Laptop,4,446,1784,Credit Card,2024,3,March,1784,Joseph Rosales,27,Male,New York,657
8e85c986,2024-03-13 18:00:00,3b936d,Home Decor,Novel,2,292,584,Credit Card,2024,3,March,584,Lori Hall,43,Male,Los Angeles,815
609b4f0a,2024-03-13 19:00:00,a453b1,Books,Lipstick,1,67,67,UPI,2024,3,March,67,Christian Mckenzie,64,Male,Los Angeles,3748
b93dcba8,2024-03-13 20:00:00,e32768,Electronics,Sofa,3,353,1059,UPI,2024,3,March,1059,Terry Allen,53,Other,Chicago,3349
3fcfa589,2024-03-13 21:00:00,9e05c6,Beauty,Laptop,2,264,528,Credit Card,2024,3,March,528,Michelle Alvarez,31,Female,Houston,160
25eadb80,2024-03-13 22:00:00,aac587,Home Decor,Sofa,1,144,144,UPI,2024,3,March,144,Vanessa Martinez,55,Male,Los Angeles,1072
04844fbe,2024-03-13 23:00:00,66acf0,Beauty,Novel,1,113,113,UPI,2024,3,March,113,Kelli Willis,34,Female,Miami,3986
98f24587,2024-03-14 00:00:00,6a9c9e,Clothing,T-Shirt,2,134,268,Cash,2024,3,March,268,Kayla Peterson,34,Female,Miami,3613
f25698fe,2024-03-14 01:00:00,e32768,Home Decor,Sofa,4,267,1068,UPI,2024,3,March,1068,Terry Allen,53,Other,Chicago,3349
7e9c48f2,2024-03-14 02:00:00,36864d,Beauty,Laptop,4,412,1648,UPI,2024,3,March,1648,Christopher Lutz,20,Other,Miami,1317
909985cc,2024-03-14 03:00:00,80d1dc,Books,Sofa,2,194,388,Cash,2024,3,March,388,William Vazquez,39,Male,Los Angeles,4693
9ed1ca64,2024-03-14 04:00:00,0a0472,Clothing,Lipstick,3,468,1404,UPI,2024,3,March,1404,Jacob Reynolds,43,Other,Miami,2348
6a9a101c,2024-03-14 05:00:00,9353e8,Clothing,Novel,1,465,465,UPI,2024,3,March,465,John Francis,40,Female,New York,4276
01c8014b,2024-03-14 06:00:00,a89122,Books,Laptop,2,437,874,Cash,2024,3,March,874,Andrew Armstrong,31,Male,Los Angeles,2413
65cc2123,2024-03-14 07:00:00,7f8f6e,Books,Novel,2,100,200,Credit Card,2024,3,March,200,Teresa Freeman MD,48,Male,Los Angeles,4011
30f21e48,2024-03-14 08:00:00,0f572d,Electronics,Lipstick,2,453,906,Credit Card,2024,3,March,906,Michael Shaw,59,Other,Houston,1002
6139b7f0,2024-03-14 09:00:00,791f39,Home Decor,T-Shirt,3,374,1122,Cash,2024,3,March,1122,Crystal Nguyen,23,Other,Los Angeles,1466
22570001,2024-03-14 10:00:00,d129cd,Clothing,T-Shirt,1,165,165,Debit Card,2024,3,March,165,Daniel Jimenez,43,Female,Miami,4405
61fbced9,2024-03-14 11:00:00,74031c,Books,Sofa,4,355,1420,UPI,2024,3,March,1420,Susan Hale,38,Male,New York,1466
e17271a4,2024-03-14 12:00:00,b08fef,Books,Laptop,1,179,179,Cash,2024,3,March,179,Justin Wood,35,Female,Miami,707
30b67062,2024-03-14 13:00:00,7888ee,Electronics,Laptop,1,479,479,Credit Card,2024,3,March,479,Ms. Martha Tucker,29,Male,Houston,3416
e0ec9d3f,2024-03-14 14:00:00,a38696,Books,T-Shirt,3,274,822,Cash,2024,3,March,822,Ian Hartman,67,Other,New York,1879
a12b96f5,2024-03-14 15:00:00,09aaef,Home Decor,Sofa,2,160,320,UPI,2024,3,March,320,Kaylee Maldonado,41,Female,New York,905
a7cd27b1,2024-03-14 16:00:00,aac587,Clothing,Laptop,3,496,1488,Credit Card,2024,3,March,1488,Vanessa Martinez,55,Male,Los Angeles,1072
3ef6255f,2024-03-14 17:00:00,8b9634,Clothing,Lipstick,1,482,482,Cash,2024,3,March,482,Amber Wise,23,Male,Chicago,1274
f737db33,2024-03-14 18:00:00,1513de,Clothing,Novel,4,128,512,Cash,2024,3,March,512,Cindy Jordan,32,Other,Chicago,615
587b299a,2024-03-14 19:00:00,0a694c,Electronics,T-Shirt,3,57,171,UPI,2024,3,March,171,Caitlin Martinez,66,Male,New York,755
697b70d6,2024-03-14 20:00:00,d10352,Beauty,Lipstick,3,31,93,Debit Card,2024,3,March,93,Jordan Jones,43,Female,Chicago,280
edc32375,2024-03-14 21:00:00,985c9f,Books,Lipstick,1,271,271,Debit Card,2024,3,March,271,Lisa Kelley,33,Male,Los Angeles,1639
64a8baf9,2024-03-14 22:00:00,6341df,Electronics,Sofa,4,438,1752,Debit Card,2024,3,March,1752,Olivia Jones,18,Female,Houston,2971
b0e49f45,2024-03-14 23:00:00,7bc79f,Home Decor,Lipstick,4,452,1808,UPI,2024,3,March,1808,Claire Adams,54,Female,Houston,3028
b22ccfea,2024-03-15 00:00:00,3301f1,Home Decor,Lipstick,2,368,736,Cash,2024,3,March,736,Jenny Baird,43,Other,Houston,2658
365a2caa,2024-03-15 01:00:00,d16086,Electronics,T-Shirt,2,490,980,Cash,2024,3,March,980,David Fox,32,Female,New York,1405
dc10067a,2024-03-15 02:00:00,894646,Electronics,Laptop,1,115,115,Credit Card,2024,3,March,115,Jorge Kelly,22,Male,Houston,3585
2565376d,2024-03-15 03:00:00,73f0cc,Beauty,Lipstick,1,84,84,UPI,2024,3,March,84,Susan Rosales,65,Female,Chicago,625
fbb3b94a,2024-03-15 04:00:00,b92b74,Beauty,T-Shirt,4,86,344,Debit Card,2024,3,March,344,Amy Wells,27,Other,Los Angeles,1184
25a350f3,2024-03-15 05:00:00,c0b07d,Home Decor,T-Shirt,4,310,1240,Debit Card,2024,3,March,1240,Joshua Lee,62,Female,Los Angeles,2269
940038d7,2024-03-15 06:00:00,4a8434,Home Decor,T-Shirt,2,63,126,Cash,2024,3,March,126,Stacey Rodriguez PhD,22,Other,Houston,3787
95cff454,2024-03-15 07:00:00,1de488,Electronics,Laptop,2,307,614,Cash,2024,3,March,614,Shannon Henry,20,Male,Miami,2173
358a3fb0,2024-03-15 08:00:00,8c767a,Beauty,T-Shirt,2,45,90,Credit Card,2024,3,March,90,Gina Garcia,66,Female,Los Angeles,3289
e74f7616,2024-03-15 09:00:00,6d2563,Clothing,Lipstick,3,134,402,UPI,2024,3,March,402,Joseph Reyes,53,Female,New York,4290
59dfb56a,2024-03-15 10:00:00,11027e,Home Decor,Laptop,1,177,177,Cash,2024,3,March,177,Stephanie James,31,Female,Miami,4520
dd08a535,2024-03-15 11:00:00,4b117d,Clothing,Novel,3,468,1404,UPI,2024,3,March,1404,Zachary Green,68,Other,Miami,3812
f646519f,2024-03-15 12:00:00,e540e0,Beauty,Novel,4,360,1440,Debit Card,2024,3,March,1440,Kevin Roberson,67,Other,Houston,3122
2a647ab5,2024-03-15 13:00:00,d8c1d4,Beauty,Novel,1,251,251,Cash,2024,3,March,251,Andrew Williamson,18,Male,New York,983
791e2d4b,2024-03-15 14:00:00,26b6c9,Home Decor,T-Shirt,4,185,740,Debit Card,2024,3,March,740,Dr. Emily Jones,24,Other,New York,3710
52823571,2024-03-15 15:00:00,10ce2b,Books,Lipstick,1,380,380,Credit Card,2024,3,March,380,Derek Cox,51,Female,Chicago,427
dcb3cbff,2024-03-15 16:00:00,afe135,Electronics,Laptop,2,80,160,UPI,2024,3,March,160,Omar Adams,46,Other,Houston,1795
fbdfb201,2024-03-15 17:00:00,fde82f,Books,Laptop,1,235,235,UPI,2024,3,March,235,William Lopez,42,Male,Chicago,3687
917a1af1,2024-03-15 18:00:00,f1d09c,Clothing,T-Shirt,2,49,98,Debit Card,2024,3,March,98,Brenda Rice,33,Other,Los Angeles,1368
86b29406,2024-03-15 19:00:00,f0c87e,Home Decor,Laptop,3,50,150,Credit Card,2024,3,March,150,William Smith,43,Other,Miami,272
c89e7dd5,2024-03-15 20:00:00,064624,Beauty,Novel,2,294,588,Credit Card,2024,3,March,588,Russell Martin,31,Other,Houston,4317
3fdf4e98,2024-03-15 21:00:00,08a79b,Home Decor,Laptop,4,113,452,Credit Card,2024,3,March,452,Benjamin Ryan,41,Male,Miami,3560
a7272ddd,2024-03-15 22:00:00,5652da,Beauty,Laptop,1,158,158,UPI,2024,3,March,158,Kevin Johnson,61,Other,Houston,3767
d1d32a04,2024-03-15 23:00:00,499ab4,Clothing,Lipstick,2,180,360,Cash,2024,3,March,360,David Richmond,33,Female,Los Angeles,769
b277329c,2024-03-16 00:00:00,622979,Clothing,Sofa,4,206,824,Debit Card,2024,3,March,824,Barry Potts,24,Other,Miami,4475
cab3e618,2024-03-16 01:00:00,d6f4c1,Electronics,Laptop,2,28,56,UPI,2024,3,March,56,Ruth Moore,34,Female,New York,1872
988a6f38,2024-03-16 02:00:00,628f76,Beauty,Lipstick,4,392,1568,Debit Card,2024,3,March,1568,Nichole Gould,45,Female,Chicago,1575
a47b2d80,2024-03-16 03:00:00,a77707,Beauty,Sofa,1,389,389,Debit Card,2024,3,March,389,Mary Hudson,52,Female,Chicago,1931
c372591e,2024-03-16 04:00:00,fa3119,Electronics,T-Shirt,1,39,39,UPI,2024,3,March,39,Jason Whitaker,67,Male,Chicago,4762
14398733,2024-03-16 05:00:00,0a4dfb,Beauty,Sofa,3,309,927,UPI,2024,3,March,927,Terry Romero,47,Other,Chicago,1894
aac61d1a,2024-03-16 06:00:00,d5f2e3,Electronics,Lipstick,3,37,111,Cash,2024,3,March,111,Virginia Potter,69,Male,Los Angeles,923
eac8a1f8,2024-03-16 07:00:00,87142e,Electronics,Sofa,1,481,481,Credit Card,2024,3,March,481,Jody Mcdonald,51,Female,Chicago,4229
f443dd08,2024-03-16 08:00:00,15ba0d,Books,Lipstick,4,93,372,Cash,2024,3,March,372,Lacey Smith,69,Male,Chicago,4457
fdc3583f,2024-03-16 09:00:00,206687,Clothing,Sofa,2,387,774,UPI,2024,3,March,774,Jacob Mcmillan,69,Other,Chicago,2769
4776be44,2024-03-16 10:00:00,034e5a,Beauty,Laptop,3,93,279,Debit Card,2024,3,March,279,John Wright,47,Male,Chicago,1519
a4563698,2024-03-16 11:00:00,fa5b82,Home Decor,Sofa,2,114,228,Credit Card,2024,3,March,228,Steven Sanders,20,Other,Chicago,4636
407a5f45,2024-03-16 12:00:00,4f01a0,Books,T-Shirt,4,339,1356,Cash,2024,3,March,1356,Gwendolyn Bailey,21,Male,Chicago,3490
dfb960ad,2024-03-16 13:00:00,ad14a2,Beauty,T-Shirt,2,456,912,UPI,2024,3,March,912,Antonio Morales DVM,29,Male,Miami,4898
bdafab37,2024-03-16 14:00:00,a82434,Home Decor,Novel,4,101,404,Debit Card,2024,3,March,404,Clifford Smith,23,Male,New York,1704
c2de2558,2024-03-16 15:00:00,ac0060,Clothing,Sofa,3,256,768,Debit Card,2024,3,March,768,Jacqueline Rowe,64,Female,Miami,1903
447d459a,2024-03-16 16:00:00,fe2f1d,Clothing,T-Shirt,4,380,1520,UPI,2024,3,March,1520,Jacqueline Henderson,45,Other,Houston,2798
2f132e7a,2024-03-16 17:00:00,bd36a2,Books,Lipstick,4,341,1364,UPI,2024,3,March,1364,Mrs. Wanda Rogers,53,Female,Miami,1119
34712523,2024-03-16 18:00:00,a93bd0,Electronics,Laptop,3,269,807,Debit Card,2024,3,March,807,Janet Buckley,33,Other,Los Angeles,3506
dc44e050,2024-03-16 19:00:00,e5662a,Beauty,T-Shirt,4,132,528,Debit Card,2024,3,March,528,Daniel Mitchell,57,Male,Houston,2418
58164913,2024-03-16 20:00:00,085a79,Electronics,Lipstick,1,431,431,Cash,2024,3,March,431,Catherine Anderson,54,Other,New York,2814
92a94da6,2024-03-16 21:00:00,bcec57,Home Decor,Laptop,3,278,834,UPI,2024,3,March,834,Erika Smith,56,Female,Los Angeles,910
08925e2c,2024-03-16 22:00:00,989d13,Clothing,Lipstick,2,351,702,Debit Card,2024,3,March,702,Matthew Jacobs,45,Female,Los Angeles,4574
9adf5687,2024-03-16 23:00:00,cef8e5,Electronics,Sofa,3,274,822,UPI,2024,3,March,822,Eric Wright,57,Male,Chicago,130
2f27e724,2024-03-17 00:00:00,b9e5a6,Home Decor,Novel,1,19,19,Debit Card,2024,3,March,19,Heather Levy,67,Other,Chicago,4712
dc57fb46,2024-03-17 01:00:00,897d59,Clothing,Sofa,1,398,398,Credit Card,2024,3,March,398,Cory Miller,39,Female,Chicago,3661
f04895cb,2024-03-17 02:00:00,6b2c09,Home Decor,Sofa,1,373,373,Debit Card,2024,3,March,373,Janice Contreras,54,Female,Miami,4561
6f881fa5,2024-03-17 03:00:00,5b826e,Beauty,Laptop,2,100,200,UPI,2024,3,March,200,Amy Page,32,Male,New York,2454
8c406893,2024-03-17 04:00:00,64ed02,Books,Laptop,4,234,936,UPI,2024,3,March,936,Gregory Barker,24,Female,Houston,2463
21603207,2024-03-17 05:00:00,e15a0f,Clothing,Sofa,1,255,255,Cash,2024,3,March,255,Richard Burke,59,Other,Chicago,550
91ab1d5d,2024-03-17 06:00:00,68f3ee,Clothing,Laptop,4,395,1580,UPI,2024,3,March,1580,Christine White,65,Male,New York,3625
3d5f83fc,2024-03-17 07:00:00,613ae3,Home Decor,Novel,1,16,16,Cash,2024,3,March,16,Austin Armstrong,61,Female,Chicago,4351
0ffe3d54,2024-03-17 08:00:00,1cd16d,Beauty,Lipstick,1,164,164,Credit Card,2024,3,March,164,Corey Rodriguez,68,Other,Chicago,2800
f79aab06,2024-03-17 09:00:00,3afbdc,Books,Laptop,3,207,621,Debit Card,2024,3,March,621,Ryan Arroyo,61,Other,Chicago,761
b3c40c9f,2024-03-17 10:00:00,40987f,Beauty,T-Shirt,1,73,73,UPI,2024,3,March,73,Teresa Hart MD,61,Female,Houston,4121
b4fea82b,2024-03-17 11:00:00,d3b955,Home Decor,T-Shirt,4,41,164,Debit Card,2024,3,March,164,William Moore,26,Male,Chicago,2440
606d6460,2024-03-17 12:00:00,6d2563,Books,Laptop,4,420,1680,Credit Card,2024,3,March,1680,Joseph Reyes,53,Female,New York,4290
95a131a6,2024-03-17 13:00:00,452506,Books,Laptop,3,293,879,Cash,2024,3,March,879,Christopher Johnson,66,Female,Los Angeles,2519
1c83b277,2024-03-17 14:00:00,00992f,Books,Sofa,3,182,546,Debit Card,2024,3,March,546,Heather Torres,50,Other,Chicago,639
f8def876,2024-03-17 15:00:00,25853a,Beauty,T-Shirt,1,378,378,Debit Card,2024,3,March,378,Scott Harris,22,Male,Chicago,799
49d7df2b,2024-03-17 16:00:00,4b3ab7,Electronics,Novel,1,96,96,Cash,2024,3,March,96,Amanda Rhodes DVM,32,Other,New York,2494
6b3976a4,2024-03-17 17:00:00,ac0060,Home Decor,Laptop,2,226,452,Credit Card,2024,3,March,452,Jacqueline Rowe,64,Female,Miami,1903
e8c45623,2024-03-17 18:00:00,953d32,Electronics,T-Shirt,3,17,51,Debit Card,2024,3,March,51,Carol Reyes,30,Other,Miami,4915
f5578771,2024-03-17 19:00:00,50cd47,Electronics,Novel,2,305,610,Cash,2024,3,March,610,Robert Abbott,30,Female,Houston,2062
f2ba2776,2024-03-17 20:00:00,9c1061,Electronics,Lipstick,3,254,762,Debit Card,2024,3,March,762,Kim Hicks,67,Male,New York,3163
6b866989,2024-03-17 21:00:00,b1815f,Beauty,Laptop,2,306,612,UPI,2024,3,March,612,Michael Fox,23,Female,Chicago,1124
e9250264,2024-03-17 22:00:00,5538a3,Clothing,Sofa,1,274,274,Debit Card,2024,3,March,274,Melissa Hayden,42,Female,Miami,1819
8021e273,2024-03-17 23:00:00,351018,Beauty,T-Shirt,3,491,1473,Cash,2024,3,March,1473,Paul Edwards,49,Female,Miami,3328
8b0a5c1f,2024-03-18 00:00:00,485a36,Clothing,Novel,4,212,848,Debit Card,2024,3,March,848,Eric Hobbs DDS,57,Female,Houston,2003
bb38cc7c,2024-03-18 01:00:00,338ae2,Books,T-Shirt,2,381,762,Credit Card,2024,3,March,762,Bridget Reid,30,Male,New York,4684
6c4b6c8d,2024-03-18 02:00:00,26b6c9,Books,Laptop,2,403,806,Cash,2024,3,March,806,Dr. Emily Jones,24,Other,New York,3710
521cb7a4,2024-03-18 03:00:00,1e2aca,Electronics,Novel,2,215,430,Debit Card,2024,3,March,430,Sheena Watts,50,Female,Los Angeles,2177
abaa1891,2024-03-18 04:00:00,a0f224,Books,Sofa,2,82,164,Debit Card,2024,3,March,164,Kimberly Sampson,58,Male,Houston,918
35f0ea8d,2024-03-18 05:00:00,a93149,Home Decor,Lipstick,1,66,66,UPI,2024,3,March,66,Tara Rhodes,60,Male,Chicago,3889
918eb0bc,2024-03-18 06:00:00,3f29cb,Clothing,Novel,2,216,432,Cash,2024,3,March,432,Michael Peterson,65,Male,Los Angeles,876
d151c8c4,2024-03-18 07:00:00,466388,Clothing,Lipstick,4,455,1820,Debit Card,2024,3,March,1820,Matthew Hess,45,Other,New York,3531
7bd66e6b,2024-03-18 08:00:00,7bc79f,Clothing,Novel,4,456,1824,Credit Card,2024,3,March,1824,Claire Adams,54,Female,Houston,3028
2b8f832f,2024-03-18 09:00:00,72b94a,Clothing,Lipstick,1,47,47,Debit Card,2024,3,March,47,Michael Downs,32,Other,Chicago,2293
0fc8b865,2024-03-18 10:00:00,90bf99,Beauty,Novel,2,499,998,UPI,2024,3,March,998,Michael Reid,46,Female,Chicago,3166
59ca8e44,2024-03-18 11:00:00,c6e3fc,Electronics,T-Shirt,1,454,454,UPI,2024,3,March,454,Steven Jones,34,Other,Los Angeles,3681
ad1a86e4,2024-03-18 12:00:00,87bf97,Books,Sofa,1,101,101,Cash,2024,3,March,101,Jeremy Wilson,53,Male,Chicago,3159
525b06bb,2024-03-18 13:00:00,b719f1,Clothing,Novel,2,414,828,UPI,2024,3,March,828,Justin Fitzpatrick,26,Other,Los Angeles,2072
1d354e63,2024-03-18 14:00:00,be03b6,Beauty,T-Shirt,2,34,68,UPI,2024,3,March,68,Robert Harvey,41,Male,Chicago,2005
96fb6c82,2024-03-18 15:00:00,b70eaa,Electronics,T-Shirt,1,114,114,Cash,2024,3,March,114,Derek Fernandez,23,Female,Los Angeles,4617
fed88917,2024-03-18 16:00:00,656752,Electronics,T-Shirt,3,268,804,UPI,2024,3,March,804,Lisa Brennan,22,Other,Los Angeles,4807
c0279aa1,2024-03-18 17:00:00,e093b6,Clothing,Sofa,3,476,1428,Debit Card,2024,3,March,1428,Charles Mejia,68,Male,New York,1541
0841ced6,2024-03-18 18:00:00,b5b7da,Beauty,T-Shirt,3,65,195,Cash,2024,3,March,195,Susan Rogers,59,Other,Chicago,3494
147de3f3,2024-03-18 19:00:00,d35b1d,Books,Lipstick,2,497,994,Debit Card,2024,3,March,994,Sarah Johns,39,Other,Los Angeles,3064
f40a3fde,2024-03-18 20:00:00,e948d6,Clothing,Lipstick,3,320,960,UPI,2024,3,March,960,Andrew Schaefer,67,Male,Chicago,4292
fe45ef7e,2024-03-18 21:00:00,a883b9,Books,Novel,1,161,161,UPI,2024,3,March,161,John Miller,30,Female,Miami,1257
0bc9e3cb,2024-03-18 22:00:00,49b796,Beauty,Laptop,1,456,456,Cash,2024,3,March,456,Amanda Villarreal,54,Female,Chicago,2331
a416020c,2024-03-18 23:00:00,d6f4c1,Clothing,Lipstick,2,212,424,Debit Card,2024,3,March,424,Ruth Moore,34,Female,New York,1872
ceae384c,2024-03-19 00:00:00,537bd7,Clothing,Sofa,4,223,892,Debit Card,2024,3,March,892,Scott Thompson,62,Male,New York,2195
064d775d,2024-03-19 01:00:00,b70880,Electronics,Laptop,2,148,296,Debit Card,2024,3,March,296,Thomas Gordon,49,Female,Chicago,1269
ea55b529,2024-03-19 02:00:00,63001a,Books,Novel,4,283,1132,Cash,2024,3,March,1132,Sheila Green,64,Female,Houston,123
cd7b9f33,2024-03-19 03:00:00,b1a4f4,Books,Sofa,2,352,704,Debit Card,2024,3,March,704,Angela Gomez,66,Other,Chicago,745
1b682482,2024-03-19 04:00:00,18e34f,Books,Novel,2,64,128,Cash,2024,3,March,128,Jamie Stewart,35,Male,Houston,219
8dc27c3b,2024-03-19 05:00:00,0db9a5,Clothing,Lipstick,4,402,1608,UPI,2024,3,March,1608,Troy Johnson,59,Other,Miami,2846
1b0d4894,2024-03-19 06:00:00,9d1b18,Home Decor,Novel,4,35,140,Credit Card,2024,3,March,140,Jeffrey Vincent,37,Female,Miami,3462
d74679e6,2024-03-19 07:00:00,a7156f,Electronics,Lipstick,3,343,1029,Cash,2024,3,March,1029,Joshua Santos,42,Male,Miami,1428
2fdb38fd,2024-03-19 08:00:00,97d0b6,Beauty,Sofa,3,432,1296,Cash,2024,3,March,1296,Andrew Allen,61,Male,Miami,3478
36dfd920,2024-03-19 09:00:00,335482,Electronics,Sofa,4,358,1432,UPI,2024,3,March,1432,Stephanie Snow,29,Other,New York,1304
4d106b95,2024-03-19 10:00:00,8c1f24,Clothing,Laptop,4,268,1072,Cash,2024,3,March,1072,Laura Durham,54,Male,New York,1034
11745bbb,2024-03-19 11:00:00,ef1b86,Home Decor,Laptop,2,194,388,UPI,2024,3,March,388,Samantha Harris,33,Female,New York,1144
d3db7eb0,2024-03-19 12:00:00,51bee5,Home Decor,T-Shirt,1,463,463,Cash,2024,3,March,463,Christopher White,46,Other,New York,285
295af7ce,2024-03-19 13:00:00,4cc3df,Books,Sofa,4,97,388,Debit Card,2024,3,March,388,Joshua Lin,44,Female,Chicago,353
cd79e22c,2024-03-19 14:00:00,a82434,Books,Sofa,4,491,1964,UPI,2024,3,March,1964,Clifford Smith,23,Male,New York,1704
5a0a96ba,2024-03-19 15:00:00,940c3d,Home Decor,T-Shirt,3,361,1083,UPI,2024,3,March,1083,Kimberly George,27,Female,New York,181
70202b58,2024-03-19 16:00:00,78195c,Clothing,Lipstick,3,126,378,UPI,2024,3,March,378,Anthony Wood,32,Female,Miami,4165
ebe4c5fd,2024-03-19 17:00:00,9bd39e,Clothing,Laptop,2,252,504,Cash,2024,3,March,504,Robert Duffy,34,Female,Houston,3877
657e198a,2024-03-19 18:00:00,3850d4,Home Decor,Sofa,2,317,634,UPI,2024,3,March,634,Matthew Lam,47,Other,Houston,4217
5f1a3246,2024-03-19 19:00:00,87bf97,Books,Novel,1,393,393,Debit Card,2024,3,March,393,Jeremy Wilson,53,Male,Chicago,3159
c6388972,2024-03-19 20:00:00,0289d3,Beauty,Lipstick,3,216,648,Credit Card,2024,3,March,648,Ashley Vance,59,Other,Houston,1441
8ad39ce8,2024-03-19 21:00:00,c5dcf8,Clothing,Novel,4,219,876,Debit Card,2024,3,March,876,Joseph Myers,26,Male,Chicago,629
da121267,2024-03-19 22:00:00,ad14a2,Clothing,Laptop,3,79,237,Credit Card,2024,3,March,237,Antonio Morales DVM,29,Male,Miami,4898
9c29aa35,2024-03-19 23:00:00,c768fe,Home Decor,Sofa,1,17,17,Cash,2024,3,March,17,Heather Jordan,52,Female,Chicago,3176
1350bf69,2024-03-20 00:00:00,28c9c9,Electronics,Novel,1,415,415,Credit Card,2024,3,March,415,Michael Howe,30,Other,Miami,3682
e07a56e4,2024-03-20 01:00:00,b77f0a,Beauty,T-Shirt,2,295,590,Credit Card,2024,3,March,590,Juan Morgan,62,Other,Houston,1853
98a8c5ce,2024-03-20 02:00:00,c6bb91,Home Decor,Lipstick,1,15,15,Cash,2024,3,March,15,Abigail Bennett,30,Other,Chicago,340
55f4c68a,2024-03-20 03:00:00,cc9ba0,Home Decor,T-Shirt,4,202,808,Credit Card,2024,3,March,808,Brianna Hill,41,Female,New York,4597
0add6c3d,2024-03-20 04:00:00,f415cd,Beauty,Laptop,1,313,313,Credit Card,2024,3,March,313,Tiffany Robinson,68,Female,New York,526
0fd64ad7,2024-03-20 05:00:00,46bd28,Clothing,Sofa,1,362,362,Debit Card,2024,3,March,362,Christopher Campbell,18,Male,Miami,4066
a6005252,2024-03-20 06:00:00,4ddebc,Clothing,Sofa,3,36,108,UPI,2024,3,March,108,Frank Krueger,21,Male,Chicago,4482
8bfa2439,2024-03-20 07:00:00,1de488,Electronics,Lipstick,4,199,796,Debit Card,2024,3,March,796,Shannon Henry,20,Male,Miami,2173
2382bef3,2024-03-20 08:00:00,1e3c19,Home Decor,Sofa,4,323,1292,UPI,2024,3,March,1292,Christopher Raymond,61,Female,Chicago,1037
b82a0d94,2024-03-20 09:00:00,36a9a4,Home Decor,T-Shirt,3,376,1128,Cash,2024,3,March,1128,Kimberly Doyle,54,Other,Los Angeles,4028
3e5e392b,2024-03-20 10:00:00,2556f7,Home Decor,Lipstick,3,365,1095,Credit Card,2024,3,March,1095,David Wood,43,Other,Miami,547
ce33a5a6,2024-03-20 11:00:00,6730ff,Home Decor,Laptop,3,137,411,UPI,2024,3,March,411,Todd Murphy,66,Female,Los Angeles,598
a673bddd,2024-03-20 12:00:00,dc303e,Home Decor,Lipstick,3,430,1290,Cash,2024,3,March,1290,Raymond Rodriguez,51,Male,Los Angeles,3809
cee65798,2024-03-20 13:00:00,6ca609,Electronics,T-Shirt,2,335,670,Credit Card,2024,3,March,670,John Rodriguez,56,Other,Houston,3586
43866c9d,2024-03-20 14:00:00,231443,Books,T-Shirt,2,489,978,Credit Card,2024,3,March,978,Megan Martin,26,Male,Los Angeles,1338
b5750592,2024-03-20 15:00:00,45811b,Books,Sofa,2,99,198,Debit Card,2024,3,March,198,Makayla Lewis,46,Male,Houston,4830
a3ea21f0,2024-03-20 16:00:00,4b5844,Electronics,Lipstick,2,379,758,Cash,2024,3,March,758,Breanna Hatfield,44,Male,New York,862
84ef2eab,2024-03-20 17:00:00,e88f34,Books,T-Shirt,3,149,447,Cash,2024,3,March,447,Wanda Green,39,Female,New York,3151
7406c729,2024-03-20 18:00:00,8588e6,Books,Laptop,2,480,960,Debit Card,2024,3,March,960,Vincent Mcpherson,22,Male,Miami,2414
797183d8,2024-03-20 19:00:00,37e5d4,Clothing,Novel,2,88,176,Credit Card,2024,3,March,176,John Smith,29,Male,New York,166
5536560f,2024-03-20 20:00:00,7888ee,Home Decor,T-Shirt,2,319,638,Credit Card,2024,3,March,638,Ms. Martha Tucker,29,Male,Houston,3416
de4711d0,2024-03-20 21:00:00,a87c8d,Home Decor,T-Shirt,4,246,984,Credit Card,2024,3,March,984,Joshua Daniels,53,Other,Houston,4901
0a1e169d,2024-03-20 22:00:00,1af473,Electronics,Laptop,4,205,820,Debit Card,2024,3,March,820,Patrick Hayes,69,Female,Chicago,4197
bf456324,2024-03-20 23:00:00,34d625,Clothing,Laptop,2,243,486,Debit Card,2024,3,March,486,Ann Sims,65,Other,Houston,1383
22927bf6,2024-03-21 00:00:00,f7a4d1,Home Decor,Sofa,2,415,830,Credit Card,2024,3,March,830,Mark Bird,36,Male,Miami,787
f0e8a900,2024-03-21 01:00:00,7dea6c,Books,Laptop,4,253,1012,Debit Card,2024,3,March,1012,Erica Wilson,47,Male,New York,4834
53b68cf5,2024-03-21 02:00:00,53afab,Electronics,Lipstick,2,321,642,UPI,2024,3,March,642,Michael Rodriguez,52,Female,Miami,4787
f8acb3e7,2024-03-21 03:00:00,c2c497,Home Decor,Novel,4,362,1448,UPI,2024,3,March,1448,Michael Walker,47,Female,New York,4958
666333cd,2024-03-21 04:00:00,a47564,Electronics,Lipstick,1,129,129,Cash,2024,3,March,129,Brenda Johnson,56,Other,Miami,1037
b8b5e6eb,2024-03-21 05:00:00,aabeea,Electronics,Lipstick,2,469,938,Credit Card,2024,3,March,938,Sergio Hodge,56,Other,Los Angeles,4813
3dffb981,2024-03-21 06:00:00,a69236,Electronics,Novel,4,488,1952,UPI,2024,3,March,1952,Justin Jennings,25,Other,Miami,3933
5aab2064,2024-03-21 07:00:00,eb6746,Books,Laptop,1,230,230,Credit Card,2024,3,March,230,Kevin Thomas,54,Female,Miami,2067
f4112778,2024-03-21 08:00:00,684ae2,Home Decor,Novel,4,203,812,UPI,2024,3,March,812,Scott Hernandez,58,Other,Miami,2872
be562cc5,2024-03-21 09:00:00,0daf3e,Beauty,Laptop,2,316,632,Credit Card,2024,3,March,632,Nathan Ford,56,Male,Houston,3229
08648e76,2024-03-21 10:00:00,1216f3,Electronics,Laptop,2,17,34,UPI,2024,3,March,34,Jon Knight,39,Female,Los Angeles,933
61dc1faf,2024-03-21 11:00:00,c5df74,Clothing,Novel,3,456,1368,Cash,2024,3,March,1368,Donna Bonilla,69,Other,New York,4310
5a0940b3,2024-03-21 12:00:00,3418ea,Home Decor,Novel,1,196,196,UPI,2024,3,March,196,Mariah Wolfe,30,Male,Miami,817
2a624c7d,2024-03-21 13:00:00,6bdb4a,Books,Laptop,1,179,179,Cash,2024,3,March,179,Sandra Mckenzie,45,Other,Los Angeles,2921
9d0ed5f6,2024-03-21 14:00:00,68bb34,Books,Novel,4,373,1492,Debit Card,2024,3,March,1492,Susan Cole,37,Female,New York,3455
015ece44,2024-03-21 15:00:00,4a8fd8,Clothing,Lipstick,3,50,150,UPI,2024,3,March,150,Gregory White,60,Other,Houston,4935
7157c4b2,2024-03-21 16:00:00,3afbdc,Home Decor,Laptop,4,280,1120,Credit Card,2024,3,March,1120,Ryan Arroyo,61,Other,Chicago,761
ad527611,2024-03-21 17:00:00,092c22,Home Decor,Sofa,4,48,192,Debit Card,2024,3,March,192,Stephanie Flores,44,Other,Houston,3314
790c201f,2024-03-21 18:00:00,09d42f,Beauty,Novel,1,375,375,Credit Card,2024,3,March,375,Steven Dixon,51,Other,New York,968
c7040333,2024-03-21 19:00:00,3fe6f2,Books,Sofa,4,65,260,Debit Card,2024,3,March,260,Gail Gutierrez,46,Female,Chicago,2097
750ee904,2024-03-21 20:00:00,2c35b7,Clothing,Lipstick,1,129,129,UPI,2024,3,March,129,Paul Cunningham,32,Female,Miami,2666
e03b2fb4,2024-03-21 21:00:00,6e6bc3,Clothing,Novel,2,35,70,Debit Card,2024,3,March,70,Michael Byrd,43,Other,Miami,1971
838a5b06,2024-03-21 22:00:00,064a47,Home Decor,Novel,1,268,268,UPI,2024,3,March,268,Christian Bradley,38,Male,Houston,4502
4c9c6064,2024-03-21 23:00:00,deabb3,Beauty,Lipstick,1,448,448,Cash,2024,3,March,448,Cody Barnes,38,Female,Houston,2671
4aec3db9,2024-03-22 00:00:00,6bdb4a,Home Decor,Sofa,1,113,113,Debit Card,2024,3,March,113,Sandra Mckenzie,45,Other,Los Angeles,2921
7fc1221f,2024-03-22 01:00:00,0daf3e,Electronics,Sofa,3,369,1107,Debit Card,2024,3,March,1107,Nathan Ford,56,Male,Houston,3229
d47177b7,2024-03-22 02:00:00,83722d,Clothing,Sofa,1,405,405,Debit Card,2024,3,March,405,William Frazier,36,Male,Miami,4245
685fc485,2024-03-22 03:00:00,15ba0d,Electronics,Novel,2,171,342,Cash,2024,3,March,342,Lacey Smith,69,Male,Chicago,4457
7222be35,2024-03-22 04:00:00,87142e,Beauty,Lipstick,2,235,470,Debit Card,2024,3,March,470,Jody Mcdonald,51,Female,Chicago,4229
50d91c14,2024-03-22 05:00:00,9c1e73,Beauty,Laptop,2,232,464,Credit Card,2024,3,March,464,James Wilson,62,Other,Los Angeles,698
0e8aeffc,2024-03-22 06:00:00,9c1061,Clothing,Novel,4,469,1876,Debit Card,2024,3,March,1876,Kim Hicks,67,Male,New York,3163
db6df974,2024-03-22 07:00:00,ca68e4,Beauty,Novel,1,176,176,UPI,2024,3,March,176,Natalie Williams,45,Female,Miami,1962
c59f8fe8,2024-03-22 08:00:00,de5c05,Electronics,Sofa,1,457,457,Debit Card,2024,3,March,457,Pamela Gonzalez,61,Female,Miami,3358
2b05875b,2024-03-22 09:00:00,eb54c2,Beauty,Lipstick,1,439,439,Cash,2024,3,March,439,Tony Duffy,48,Other,Los Angeles,2652
4ee49c03,2024-03-22 10:00:00,a93bd0,Books,Sofa,4,263,1052,Cash,2024,3,March,1052,Janet Buckley,33,Other,Los Angeles,3506
36be7376,2024-03-22 11:00:00,dccb9e,Beauty,Lipstick,3,342,1026,Cash,2024,3,March,1026,Heather Francis,48,Other,Miami,2542
a9e9e4ef,2024-03-22 12:00:00,8c767a,Beauty,Sofa,4,40,160,UPI,2024,3,March,160,Gina Garcia,66,Female,Los Angeles,3289
ca71a091,2024-03-22 13:00:00,0583d6,Clothing,Novel,4,100,400,Cash,2024,3,March,400,Kevin Hanna,22,Female,Los Angeles,4179
694917e5,2024-03-22 14:00:00,d3d467,Clothing,Novel,4,147,588,Debit Card,2024,3,March,588,Zachary Bridges,66,Female,Chicago,3893
ebc29098,2024-03-22 15:00:00,7ee0ca,Books,T-Shirt,2,354,708,UPI,2024,3,March,708,Cheryl Freeman,25,Other,New York,4128
0ba653ad,2024-03-22 16:00:00,0583d6,Beauty,T-Shirt,1,390,390,Credit Card,2024,3,March,390,Kevin Hanna,22,Female,Los Angeles,4179
b4894626,2024-03-22 17:00:00,e6e784,Home Decor,Novel,3,382,1146,Cash,2024,3,March,1146,Erica Benson,24,Male,Miami,1027
caa1ba67,2024-03-22 18:00:00,6a6079,Beauty,Laptop,2,454,908,Cash,2024,3,March,908,Jeffrey Stevens,62,Female,Los Angeles,3414
afa76204,2024-03-22 19:00:00,e1b97f,Books,T-Shirt,2,248,496,UPI,2024,3,March,496,Samuel Mitchell,42,Female,Los Angeles,3039
4051da93,2024-03-22 20:00:00,0583d6,Electronics,Novel,4,499,1996,Debit Card,2024,3,March,1996,Kevin Hanna,22,Female,Los Angeles,4179
3dc85712,2024-03-22 21:00:00,531de4,Clothing,Laptop,2,138,276,Cash,2024,3,March,276,Valerie Johnson,35,Male,Houston,3524
f93a8e9e,2024-03-22 22:00:00,41bc7a,Beauty,Laptop,3,44,132,Cash,2024,3,March,132,Sarah Tate,65,Other,Miami,1496
565ea369,2024-03-22 23:00:00,914cae,Clothing,Lipstick,4,351,1404,UPI,2024,3,March,1404,Joyce Estrada,31,Other,Los Angeles,2548
37a0ba34,2024-03-23 00:00:00,c5df74,Beauty,Novel,2,315,630,Cash,2024,3,March,630,Donna Bonilla,69,Other,New York,4310
6a52a06e,2024-03-23 01:00:00,fbc727,Beauty,Lipstick,4,203,812,Debit Card,2024,3,March,812,Christina Sims,55,Male,Chicago,1049
49da82a1,2024-03-23 02:00:00,8963d3,Clothing,T-Shirt,1,228,228,Credit Card,2024,3,March,228,Juan Gray,61,Other,Chicago,2803
c86dc0cd,2024-03-23 03:00:00,11027e,Electronics,Laptop,1,13,13,UPI,2024,3,March,13,Stephanie James,31,Female,Miami,4520
21340c37,2024-03-23 04:00:00,a883b9,Beauty,T-Shirt,3,313,939,Debit Card,2024,3,March,939,John Miller,30,Female,Miami,1257
7a9f8d6c,2024-03-23 05:00:00,5ad076,Home Decor,T-Shirt,2,260,520,UPI,2024,3,March,520,Juan Holmes,26,Female,Chicago,4623
d82f82ea,2024-03-23 06:00:00,59fe4a,Books,Laptop,3,183,549,Credit Card,2024,3,March,549,Cynthia Guzman,26,Other,New York,4606
cd18ea16,2024-03-23 07:00:00,2e7c73,Beauty,Laptop,3,161,483,Credit Card,2024,3,March,483,Melissa Reyes,41,Other,Houston,2274
661054ff,2024-03-23 08:00:00,e6e784,Beauty,Lipstick,2,133,266,Credit Card,2024,3,March,266,Erica Benson,24,Male,Miami,1027
ac02a425,2024-03-23 09:00:00,e69c2c,Beauty,Sofa,3,159,477,UPI,2024,3,March,477,Stacie Potter,62,Female,Miami,3020
561c1b4f,2024-03-23 10:00:00,e0cc69,Beauty,Lipstick,1,284,284,Cash,2024,3,March,284,Mason Ramsey,50,Other,Chicago,2852
ad4d9763,2024-03-23 11:00:00,1e2aca,Beauty,Sofa,2,33,66,UPI,2024,3,March,66,Sheena Watts,50,Female,Los Angeles,2177
73ddc928,2024-03-23 12:00:00,ac8724,Home Decor,Novel,1,442,442,Debit Card,2024,3,March,442,Sheri Jacobson,28,Male,Houston,4989
90204a32,2024-03-23 13:00:00,9c1e73,Clothing,Sofa,4,444,1776,Credit Card,2024,3,March,1776,James Wilson,62,Other,Los Angeles,698
95834686,2024-03-23 14:00:00,d82c21,Books,Lipstick,2,276,552,Cash,2024,3,March,552,Kyle Gutierrez,69,Female,Los Angeles,4924
1cfae17c,2024-03-23 15:00:00,8e01c2,Books,Sofa,1,330,330,Credit Card,2024,3,March,330,Calvin Anderson,59,Other,Los Angeles,2800
d51702fc,2024-03-23 16:00:00,cb4ba5,Clothing,T-Shirt,1,498,498,Debit Card,2024,3,March,498,Jason Hobbs,54,Other,Los Angeles,998
71208654,2024-03-23 17:00:00,9b08b4,Electronics,Novel,1,408,408,Cash,2024,3,March,408,Cody Miranda,21,Other,Los Angeles,3783
04294d5e,2024-03-23 18:00:00,27fcdf,Electronics,Laptop,2,118,236,Credit Card,2024,3,March,236,Ian Ellis,49,Female,New York,4087
a68eaad5,2024-03-23 19:00:00,f7dd1f,Books,Lipstick,4,340,1360,Cash,2024,3,March,1360,Alan Taylor,39,Male,Houston,2177
c530b172,2024-03-23 20:00:00,7064f8,Home Decor,Lipstick,2,437,874,Debit Card,2024,3,March,874,Evelyn Palmer,54,Male,New York,2386
b7ef8fd5,2024-03-23 21:00:00,3e9b3c,Home Decor,Laptop,2,488,976,Cash,2024,3,March,976,Mr. Mark Soto MD,63,Female,Los Angeles,1591
94f67a77,2024-03-23 22:00:00,c5dfd5,Books,T-Shirt,1,230,230,Cash,2024,3,March,230,Kelsey Fernandez,50,Male,Miami,4085
7d6b9766,2024-03-23 23:00:00,a769ab,Beauty,Laptop,4,251,1004,Credit Card,2024,3,March,1004,David Reyes,65,Other,Houston,1179
4c94e685,2024-03-24 00:00:00,aea03b,Electronics,Laptop,2,292,584,Credit Card,2024,3,March,584,Tracy Jackson,63,Other,Houston,1143
5a14796a,2024-03-24 01:00:00,2540a6,Clothing,Laptop,4,398,1592,Cash,2024,3,March,1592,Anna Butler,31,Other,New York,533
2e2729ec,2024-03-24 02:00:00,a77707,Electronics,Laptop,2,339,678,UPI,2024,3,March,678,Mary Hudson,52,Female,Chicago,1931
e4b35b49,2024-03-24 03:00:00,0ab6ce,Home Decor,Novel,2,295,590,Cash,2024,3,March,590,Renee Ballard,31,Male,Los Angeles,1008
6a7ee3b1,2024-03-24 04:00:00,09c52b,Clothing,Novel,1,431,431,UPI,2024,3,March,431,Mark Mitchell,51,Male,New York,1147
4f13b5d6,2024-03-24 05:00:00,13da0f,Electronics,Lipstick,2,397,794,UPI,2024,3,March,794,Henry Arnold,33,Male,Los Angeles,4019
18606ca0,2024-03-24 06:00:00,13e8e2,Home Decor,Sofa,4,89,356,Debit Card,2024,3,March,356,Daniel Johnson,39,Other,New York,1955
8a1e7b94,2024-03-24 07:00:00,dc88ae,Beauty,Sofa,4,253,1012,Debit Card,2024,3,March,1012,Jessica Brown,55,Male,Houston,4861
222b96d1,2024-03-24 08:00:00,e6a700,Home Decor,Laptop,1,416,416,UPI,2024,3,March,416,Kristen Christian,56,Female,Chicago,1120
c6e8172e,2024-03-24 09:00:00,bea91a,Electronics,Novel,1,53,53,Cash,2024,3,March,53,Alicia Edwards,66,Male,Chicago,3334
cde8628a,2024-03-24 10:00:00,452506,Beauty,Novel,2,362,724,Cash,2024,3,March,724,Christopher Johnson,66,Female,Los Angeles,2519
00d99c32,2024-03-24 11:00:00,4b5844,Clothing,Novel,1,212,212,Credit Card,2024,3,March,212,Breanna Hatfield,44,Male,New York,862
75aca67b,2024-03-24 12:00:00,c984e3,Books,Laptop,4,398,1592,Debit Card,2024,3,March,1592,Joe Stanley,18,Other,New York,941
6554b280,2024-03-24 13:00:00,bf128f,Books,T-Shirt,3,116,348,Debit Card,2024,3,March,348,Deborah James,45,Other,Houston,1036
f937ebd9,2024-03-24 14:00:00,aea03b,Beauty,Novel,3,154,462,UPI,2024,3,March,462,Tracy Jackson,63,Other,Houston,1143
f0b042cb,2024-03-24 15:00:00,2e7c73,Books,Lipstick,2,462,924,Debit Card,2024,3,March,924,Melissa Reyes,41,Other,Houston,2274
9801a195,2024-03-24 16:00:00,6b2c09,Electronics,T-Shirt,2,377,754,Credit Card,2024,3,March,754,Janice Contreras,54,Female,Miami,4561
2c0275fd,2024-03-24 17:00:00,baac2b,Home Decor,Lipstick,4,384,1536,Cash,2024,3,March,1536,Brent Stephens,68,Male,Los Angeles,2521
1c200c1e,2024-03-24 18:00:00,e30430,Electronics,Sofa,4,318,1272,Credit Card,2024,3,March,1272,Michael Bond,53,Male,New York,1332
e16a11ed,2024-03-24 19:00:00,f93065,Electronics,Laptop,3,163,489,Debit Card,2024,3,March,489,Tiffany Donovan,45,Female,Houston,3074
025d285d,2024-03-24 20:00:00,a55c33,Electronics,Lipstick,3,60,180,Debit Card,2024,3,March,180,Heather May,63,Female,Miami,4177
15d46f66,2024-03-24 21:00:00,197942,Home Decor,Sofa,3,33,99,Cash,2024,3,March,99,Courtney Padilla,27,Male,Miami,4384
7f7be0a8,2024-03-24 22:00:00,3d3774,Books,Novel,3,349,1047,Credit Card,2024,3,March,1047,Dean Moore,39,Female,Miami,2396
2b3c7105,2024-03-24 23:00:00,c0b07d,Clothing,Sofa,4,76,304,Cash,2024,3,March,304,Joshua Lee,62,Female,Los Angeles,2269
11c35c9b,2024-03-25 00:00:00,780364,Beauty,Novel,4,17,68,Cash,2024,3,March,68,Oscar Walton,69,Female,New York,4113
4abeb8cf,2024-03-25 01:00:00,b96fdb,Clothing,Lipstick,3,451,1353,Credit Card,2024,3,March,1353,John Hernandez,64,Male,Los Angeles,202
720c2b87,2024-03-25 02:00:00,1c6a85,Books,Laptop,3,496,1488,Cash,2024,3,March,1488,Charles Pacheco,41,Male,Los Angeles,4377
cb047832,2024-03-25 03:00:00,8ccac6,Electronics,Sofa,3,379,1137,Cash,2024,3,March,1137,William Baker,24,Other,Los Angeles,3561
e635d30c,2024-03-25 04:00:00,e093b6,Beauty,Laptop,3,432,1296,Debit Card,2024,3,March,1296,Charles Mejia,68,Male,New York,1541
0c94451a,2024-03-25 05:00:00,deabb3,Clothing,T-Shirt,2,146,292,Cash,2024,3,March,292,Cody Barnes,38,Female,Houston,2671
cd772867,2024-03-25 06:00:00,61ef35,Home Decor,Novel,2,147,294,Credit Card,2024,3,March,294,Lisa Jenkins,52,Female,New York,2642
50870e73,2024-03-25 07:00:00,d82c21,Books,Sofa,3,488,1464,Debit Card,2024,3,March,1464,Kyle Gutierrez,69,Female,Los Angeles,4924
b583d82b,2024-03-25 08:00:00,67e362,Books,Sofa,4,269,1076,Credit Card,2024,3,March,1076,Linda Brown,37,Other,Chicago,4986
2a27319d,2024-03-25 09:00:00,decbdb,Clothing,Sofa,4,462,1848,UPI,2024,3,March,1848,Christian Davies,57,Other,Los Angeles,1893
5c47dbff,2024-03-25 10:00:00,cb773f,Electronics,Sofa,1,314,314,UPI,2024,3,March,314,Joe Rivera,36,Male,Chicago,4452
48696793,2024-03-25 11:00:00,7680b8,Electronics,Lipstick,1,396,396,Credit Card,2024,3,March,396,Amy Casey,51,Female,New York,1179
7d19941e,2024-03-25 12:00:00,7bc79f,Home Decor,Laptop,2,412,824,Cash,2024,3,March,824,Claire Adams,54,Female,Houston,3028
6a9e1773,2024-03-25 13:00:00,9f2660,Books,Lipstick,2,381,762,Debit Card,2024,3,March,762,Brad Mendoza,67,Female,Chicago,3603
63550ac5,2024-03-25 14:00:00,360f57,Books,Laptop,1,14,14,UPI,2024,3,March,14,Elizabeth Green,56,Female,New York,2389
42d7b12a,2024-03-25 15:00:00,720ce3,Clothing,Laptop,4,293,1172,Debit Card,2024,3,March,1172,Benjamin Smith,53,Female,Chicago,1315
b01ba963,2024-03-25 16:00:00,6d2563,Home Decor,Sofa,2,265,530,Credit Card,2024,3,March,530,Joseph Reyes,53,Female,New York,4290
9504b97b,2024-03-25 17:00:00,1029b3,Electronics,Novel,1,437,437,Credit Card,2024,3,March,437,Jamie Ball,42,Female,Miami,4702
57640fdc,2024-03-25 18:00:00,900d8c,Home Decor,T-Shirt,4,216,864,Cash,2024,3,March,864,Jamie Scott,36,Female,New York,4830
8eb3cf4b,2024-03-25 19:00:00,16a09f,Home Decor,Novel,4,420,1680,Credit Card,2024,3,March,1680,Dr. Suzanne Riley,41,Other,Houston,486
d88b062a,2024-03-25 20:00:00,485e3b,Books,Lipstick,3,216,648,Debit Card,2024,3,March,648,Shane Leon,18,Female,New York,3148
0847e0c8,2024-03-25 21:00:00,184306,Books,Novel,3,183,549,Debit Card,2024,3,March,549,Amy Sandoval,40,Male,New York,4343
2734e165,2024-03-25 22:00:00,1bc128,Clothing,Lipstick,3,99,297,UPI,2024,3,March,297,Katherine Olson,59,Male,Houston,143
f3d99f5d,2024-03-25 23:00:00,e098d4,Beauty,Lipstick,4,156,624,Cash,2024,3,March,624,Walter Burke,54,Other,Chicago,4849
7aa27d7e,2024-03-26 00:00:00,827a0b,Books,Novel,2,245,490,Credit Card,2024,3,March,490,Michael Mueller,37,Female,Los Angeles,1809
c0c58441,2024-03-26 01:00:00,3f84b9,Clothing,Lipstick,4,220,880,Credit Card,2024,3,March,880,Christine Li,64,Other,New York,550
18aafc01,2024-03-26 02:00:00,ee92a5,Beauty,Laptop,3,333,999,Debit Card,2024,3,March,999,Rebecca Scott,50,Male,Chicago,2187
ab92a3ab,2024-03-26 03:00:00,7dea6c,Books,Sofa,3,15,45,Credit Card,2024,3,March,45,Erica Wilson,47,Male,New York,4834
9e17244e,2024-03-26 04:00:00,5f7b2e,Home Decor,Novel,2,19,38,UPI,2024,3,March,38,Christopher Nichols,49,Other,Los Angeles,838
2026ef8e,2024-03-26 05:00:00,83722d,Clothing,Lipstick,1,88,88,Cash,2024,3,March,88,William Frazier,36,Male,Miami,4245
21a2f940,2024-03-26 06:00:00,bfadaf,Beauty,Laptop,4,41,164,Credit Card,2024,3,March,164,Karen Bailey,69,Female,Houston,1920
fee33ef3,2024-03-26 07:00:00,541935,Clothing,T-Shirt,2,425,850,Cash,2024,3,March,850,Mariah Long,35,Female,Chicago,4936
239dfede,2024-03-26 08:00:00,085a79,Books,Novel,1,327,327,UPI,2024,3,March,327,Catherine Anderson,54,Other,New York,2814
fda53d6f,2024-03-26 09:00:00,686e35,Home Decor,Lipstick,1,183,183,Credit Card,2024,3,March,183,Gwendolyn Barron,66,Female,Los Angeles,1865
5dbaa26c,2024-03-26 10:00:00,34d625,Clothing,Sofa,1,440,440,UPI,2024,3,March,440,Ann Sims,65,Other,Houston,1383
1058b7ec,2024-03-26 11:00:00,6b2c09,Beauty,T-Shirt,2,461,922,UPI,2024,3,March,922,Janice Contreras,54,Female,Miami,4561
ac0e3cb1,2024-03-26 12:00:00,bceb75,Home Decor,Lipstick,1,179,179,Debit Card,2024,3,March,179,Ryan Wilkerson,65,Other,Houston,4511
7b1cfc8b,2024-03-26 13:00:00,7a76dc,Books,Novel,3,122,366,UPI,2024,3,March,366,Ethan Wallace,41,Other,Los Angeles,4322
a365e081,2024-03-26 14:00:00,35c723,Electronics,Laptop,4,93,372,Cash,2024,3,March,372,Alejandro Cohen,30,Female,Chicago,4739
883a07f4,2024-03-26 15:00:00,6b2c09,Books,Laptop,3,89,267,UPI,2024,3,March,267,Janice Contreras,54,Female,Miami,4561
290d4b32,2024-03-26 16:00:00,959052,Books,Lipstick,1,485,485,Cash,2024,3,March,485,Alicia Ramirez,50,Other,Houston,835
9ba27512,2024-03-26 17:00:00,888bce,Home Decor,Sofa,4,373,1492,Cash,2024,3,March,1492,Dominique Hall MD,33,Female,Chicago,4595
48f9f089,2024-03-26 18:00:00,2abf6e,Home Decor,Novel,1,254,254,Cash,2024,3,March,254,Brittany Chen,18,Female,Chicago,1139
ed7ece26,2024-03-26 19:00:00,9370f2,Beauty,Sofa,2,404,808,Debit Card,2024,3,March,808,Renee Salazar,22,Other,Houston,4495
fbb636bc,2024-03-26 20:00:00,dcb83b,Clothing,Laptop,3,375,1125,Credit Card,2024,3,March,1125,Jessica Bailey,24,Other,Chicago,1679
24708a49,2024-03-26 21:00:00,bae1dd,Electronics,T-Shirt,4,52,208,Credit Card,2024,3,March,208,Margaret Bailey,44,Other,New York,394
eea06ea4,2024-03-26 22:00:00,70edb6,Clothing,Sofa,1,353,353,UPI,2024,3,March,353,David Esparza,48,Other,Chicago,4697
fb5eb3d3,2024-03-26 23:00:00,973dac,Clothing,Lipstick,4,32,128,Cash,2024,3,March,128,Ashley Perez,55,Male,Miami,3644
c6265d01,2024-03-27 00:00:00,c690cb,Books,Lipstick,3,119,357,Cash,2024,3,March,357,Jillian Black,25,Other,New York,1599
77935447,2024-03-27 01:00:00,b3a29e,Electronics,Lipstick,2,418,836,UPI,2024,3,March,836,Brianna Suarez,67,Male,Los Angeles,4522
8225dc7a,2024-03-27 02:00:00,ff2f04,Beauty,Laptop,4,329,1316,Debit Card,2024,3,March,1316,Jessica Harding,45,Female,New York,1853
647693d6,2024-03-27 03:00:00,959052,Electronics,Novel,1,249,249,UPI,2024,3,March,249,Alicia Ramirez,50,Other,Houston,835
14d7dc28,2024-03-27 04:00:00,5d31de,Home Decor,T-Shirt,4,416,1664,Credit Card,2024,3,March,1664,Cynthia Campbell,55,Male,Los Angeles,770
d0d7c4bc,2024-03-27 05:00:00,d70515,Electronics,Sofa,1,442,442,UPI,2024,3,March,442,Diana Pierce,66,Male,New York,2792
2a2329d7,2024-03-27 06:00:00,d9e3eb,Home Decor,Novel,3,45,135,UPI,2024,3,March,135,Stanley Harrell,46,Other,Miami,2772
0b591108,2024-03-27 07:00:00,f5a254,Books,Sofa,1,453,453,Debit Card,2024,3,March,453,Dominique Freeman,48,Female,Los Angeles,4513
430b19f5,2024-03-27 08:00:00,0ab6ce,Clothing,T-Shirt,2,140,280,Debit Card,2024,3,March,280,Renee Ballard,31,Male,Los Angeles,1008
1f58c2cc,2024-03-27 09:00:00,bf6461,Clothing,T-Shirt,4,18,72,Cash,2024,3,March,72,John Nash,62,Male,Houston,2577
953b1191,2024-03-27 10:00:00,9ea783,Beauty,Laptop,1,297,297,Debit Card,2024,3,March,297,Linda Patterson,58,Female,Miami,3624
af3b3e75,2024-03-27 11:00:00,24a01f,Beauty,Lipstick,3,405,1215,Debit Card,2024,3,March,1215,Michael Huber,62,Male,Los Angeles,1336
2b78ffa3,2024-03-27 12:00:00,fe2f1d,Home Decor,Lipstick,3,31,93,Credit Card,2024,3,March,93,Jacqueline Henderson,45,Other,Houston,2798
170a7359,2024-03-27 13:00:00,1029b3,Electronics,Sofa,1,143,143,UPI,2024,3,March,143,Jamie Ball,42,Female,Miami,4702
cb4f79bc,2024-03-27 14:00:00,32927d,Home Decor,T-Shirt,2,19,38,UPI,2024,3,March,38,Brett Guerrero,65,Male,Miami,1241
58d60371,2024-03-27 15:00:00,d72dc0,Beauty,Laptop,3,56,168,Debit Card,2024,3,March,168,Francisco Mills,49,Male,Chicago,4380
425311da,2024-03-27 16:00:00,8215fb,Clothing,Lipstick,1,214,214,Cash,2024,3,March,214,Amanda Mitchell,39,Other,Houston,2082
46d16df2,2024-03-27 17:00:00,4a8434,Beauty,T-Shirt,2,170,340,Debit Card,2024,3,March,340,Stacey Rodriguez PhD,22,Other,Houston,3787
1c63cd97,2024-03-27 18:00:00,46bd28,Books,Lipstick,4,451,1804,Debit Card,2024,3,March,1804,Christopher Campbell,18,Male,Miami,4066
31e9eb91,2024-03-27 19:00:00,169123,Books,Sofa,4,85,340,Debit Card,2024,3,March,340,Kayla Bailey,46,Other,Miami,218
756d2b35,2024-03-27 20:00:00,2b8bd1,Beauty,Lipstick,3,110,330,Debit Card,2024,3,March,330,Michelle Chambers,55,Female,New York,3771
3b1786b1,2024-03-27 21:00:00,83cdef,Home Decor,T-Shirt,2,267,534,Credit Card,2024,3,March,534,William Clark,49,Female,New York,2814
5fefddf5,2024-03-27 22:00:00,0583d6,Books,Laptop,2,471,942,Debit Card,2024,3,March,942,Kevin Hanna,22,Female,Los Angeles,4179
70c708a1,2024-03-27 23:00:00,c5940a,Beauty,Lipstick,4,346,1384,UPI,2024,3,March,1384,Robin Ford,53,Male,New York,654
97e07d96,2024-03-28 00:00:00,ef5a17,Home Decor,Sofa,2,391,782,Debit Card,2024,3,March,782,Tara Anderson,65,Female,Los Angeles,3640
af218bfc,2024-03-28 01:00:00,b92b74,Clothing,T-Shirt,1,240,240,Cash,2024,3,March,240,Amy Wells,27,Other,Los Angeles,1184
c2c8b8a4,2024-03-28 02:00:00,7064f8,Clothing,Laptop,3,383,1149,Debit Card,2024,3,March,1149,Evelyn Palmer,54,Male,New York,2386
4745f259,2024-03-28 03:00:00,d8c1d4,Clothing,Novel,2,310,620,Debit Card,2024,3,March,620,Andrew Williamson,18,Male,New York,983
d1af48ef,2024-03-28 04:00:00,5652da,Home Decor,Novel,1,490,490,Debit Card,2024,3,March,490,Kevin Johnson,61,Other,Houston,3767
ba8c1caf,2024-03-28 05:00:00,e3dbd3,Home Decor,Sofa,4,306,1224,UPI,2024,3,March,1224,Brian Davis,68,Male,New York,2042
73ce9ba1,2024-03-28 06:00:00,888bce,Books,Lipstick,1,157,157,Credit Card,2024,3,March,157,Dominique Hall MD,33,Female,Chicago,4595
ee8504e3,2024-03-28 07:00:00,a0f224,Beauty,T-Shirt,3,486,1458,UPI,2024,3,March,1458,Kimberly Sampson,58,Male,Houston,918
4feaaf79,2024-03-28 08:00:00,ddf97f,Clothing,Laptop,1,156,156,Debit Card,2024,3,March,156,Kenneth Rios,35,Female,Houston,398
d0514432,2024-03-28 09:00:00,d14e0c,Beauty,T-Shirt,1,22,22,Credit Card,2024,3,March,22,Dylan Richardson,40,Female,New York,2306
91871e7e,2024-03-28 10:00:00,5b826e,Home Decor,T-Shirt,1,273,273,Credit Card,2024,3,March,273,Amy Page,32,Male,New York,2454
3bfb5289,2024-03-28 11:00:00,74031c,Books,Sofa,2,78,156,Cash,2024,3,March,156,Susan Hale,38,Male,New York,1466
f705b5d8,2024-03-28 12:00:00,85ae39,Electronics,T-Shirt,3,10,30,Credit Card,2024,3,March,30,Rebecca Hughes,54,Other,Houston,129
1ae4f895,2024-03-28 13:00:00,fa4271,Beauty,Sofa,1,191,191,UPI,2024,3,March,191,Scott Barnes,26,Other,Houston,1350
5929df84,2024-03-28 14:00:00,c6ddcf,Electronics,Novel,3,336,1008,Cash,2024,3,March,1008,Matthew Baldwin,62,Female,Chicago,3361
dd848dad,2024-03-28 15:00:00,658cee,Clothing,Novel,2,295,590,Debit Card,2024,3,March,590,Jessica Forbes,33,Female,Miami,4292
fac910ca,2024-03-28 16:00:00,31a237,Clothing,Lipstick,3,51,153,Cash,2024,3,March,153,Cynthia Solomon,56,Female,Miami,4462
ce0da679,2024-03-28 17:00:00,c55e03,Books,Lipstick,3,123,369,Credit Card,2024,3,March,369,Jennifer Bond,56,Other,Houston,4531
61fc676d,2024-03-28 18:00:00,37228a,Books,Sofa,3,121,363,Debit Card,2024,3,March,363,William Hart,37,Female,Chicago,2507
01061a0e,2024-03-28 19:00:00,3f4a3e,Electronics,Sofa,1,451,451,UPI,2024,3,March,451,Shelly Moore,26,Male,Miami,3461
26927814,2024-03-28 20:00:00,37f14f,Clothing,Sofa,4,491,1964,UPI,2024,3,March,1964,Christina Cook,59,Male,Miami,1118
1280d0be,2024-03-28 21:00:00,4a8434,Beauty,Lipstick,1,455,455,Credit Card,2024,3,March,455,Stacey Rodriguez PhD,22,Other,Houston,3787
c1d67b9c,2024-03-28 22:00:00,d538ec,Clothing,Novel,3,296,888,Credit Card,2024,3,March,888,William Green,34,Female,Chicago,570
36f19c60,2024-03-28 23:00:00,fdbb3f,Clothing,Sofa,4,409,1636,UPI,2024,3,March,1636,Michael Jones,34,Female,New York,3811
cd4dd8f7,2024-03-29 00:00:00,34d625,Clothing,Novel,2,117,234,Cash,2024,3,March,234,Ann Sims,65,Other,Houston,1383
a300d9ff,2024-03-29 01:00:00,87bf97,Home Decor,T-Shirt,4,274,1096,Debit Card,2024,3,March,1096,Jeremy Wilson,53,Male,Chicago,3159
87b867dd,2024-03-29 02:00:00,add371,Home Decor,Novel,1,467,467,UPI,2024,3,March,467,Todd Price,51,Other,Houston,4866
32884196,2024-03-29 03:00:00,464392,Clothing,Sofa,2,384,768,Cash,2024,3,March,768,Michael Brown,64,Female,Chicago,757
e6eaff92,2024-03-29 04:00:00,973dac,Clothing,T-Shirt,3,32,96,Debit Card,2024,3,March,96,Ashley Perez,55,Male,Miami,3644
8967a1ee,2024-03-29 05:00:00,10ce2b,Home Decor,T-Shirt,4,314,1256,Cash,2024,3,March,1256,Derek Cox,51,Female,Chicago,427
59341e3d,2024-03-29 06:00:00,6d2563,Beauty,T-Shirt,2,271,542,Cash,2024,3,March,542,Joseph Reyes,53,Female,New York,4290
f31ce608,2024-03-29 07:00:00,2bb631,Home Decor,Novel,4,292,1168,Debit Card,2024,3,March,1168,Brittany Dalton,32,Female,Miami,3396
303be814,2024-03-29 08:00:00,381cc6,Clothing,T-Shirt,3,186,558,Cash,2024,3,March,558,Bryan Livingston,46,Male,New York,4286
ea3eb37a,2024-03-29 09:00:00,a55c33,Beauty,Lipstick,3,123,369,UPI,2024,3,March,369,Heather May,63,Female,Miami,4177
6ba860fc,2024-03-29 10:00:00,00b49a,Home Decor,Novel,1,193,193,UPI,2024,3,March,193,Shawn Gonzales,45,Female,Houston,358
c2428adf,2024-03-29 11:00:00,a453b1,Clothing,Laptop,3,223,669,UPI,2024,3,March,669,Christian Mckenzie,64,Male,Los Angeles,3748
b923d6f7,2024-03-29 12:00:00,7fb211,Electronics,Novel,3,471,1413,Credit Card,2024,3,March,1413,Annette Stein,68,Male,Los Angeles,3559
cea6af8b,2024-03-29 13:00:00,36a9a4,Electronics,Sofa,4,465,1860,Cash,2024,3,March,1860,Kimberly Doyle,54,Other,Los Angeles,4028
5256c7bd,2024-03-29 14:00:00,1e2aca,Electronics,Sofa,4,406,1624,Credit Card,2024,3,March,1624,Sheena Watts,50,Female,Los Angeles,2177
e07c4814,2024-03-29 15:00:00,45811b,Books,T-Shirt,3,465,1395,UPI,2024,3,March,1395,Makayla Lewis,46,Male,Houston,4830
9e1cb687,2024-03-29 16:00:00,4b3ab7,Clothing,Laptop,4,330,1320,Cash,2024,3,March,1320,Amanda Rhodes DVM,32,Other,New York,2494
81cae939,2024-03-29 17:00:00,65f7e4,Clothing,Sofa,2,208,416,Cash,2024,3,March,416,Elizabeth Nielsen,39,Female,Los Angeles,1806
90488d84,2024-03-29 18:00:00,3f7dec,Electronics,Lipstick,2,184,368,Cash,2024,3,March,368,Jose Dean,64,Female,Los Angeles,1145
845bde33,2024-03-29 19:00:00,bf7f78,Books,Sofa,3,49,147,UPI,2024,3,March,147,Jacob Wiley,34,Female,Los Angeles,4631
4c5a3a9f,2024-03-29 20:00:00,97ddc5,Electronics,T-Shirt,1,125,125,Debit Card,2024,3,March,125,Gerald Henderson,27,Female,Houston,1246
7b5e0be3,2024-03-29 21:00:00,8f8b02,Home Decor,Novel,1,208,208,Credit Card,2024,3,March,208,Kimberly Guerra,35,Female,Miami,2299
87f63311,2024-03-29 22:00:00,9aefbc,Home Decor,Sofa,1,199,199,Credit Card,2024,3,March,199,Brooke Hanson,22,Male,New York,3878
1a17f42a,2024-03-29 23:00:00,5c8e36,Home Decor,Novel,4,50,200,UPI,2024,3,March,200,Jasmin Coleman,45,Male,New York,478
f8633abc,2024-03-30 00:00:00,4b3ab7,Clothing,Novel,3,246,738,Debit Card,2024,3,March,738,Amanda Rhodes DVM,32,Other,New York,2494
d46111aa,2024-03-30 01:00:00,cb13dc,Home Decor,Novel,1,340,340,Cash,2024,3,March,340,Peter Archer,30,Male,Houston,3523
02d27b28,2024-03-30 02:00:00,e5e89c,Clothing,Novel,4,474,1896,Cash,2024,3,March,1896,Jesse Downs,41,Female,Chicago,1812
e731fa51,2024-03-30 03:00:00,647657,Clothing,Laptop,3,483,1449,Credit Card,2024,3,March,1449,Raymond Perry,62,Other,Los Angeles,2857
a0d85941,2024-03-30 04:00:00,c768fe,Books,Novel,3,404,1212,UPI,2024,3,March,1212,Heather Jordan,52,Female,Chicago,3176
f32e691e,2024-03-30 05:00:00,bfadaf,Books,Novel,2,270,540,Debit Card,2024,3,March,540,Karen Bailey,69,Female,Houston,1920
36b9c600,2024-03-30 06:00:00,57345f,Books,Lipstick,4,380,1520,UPI,2024,3,March,1520,Brian Burch,31,Male,Chicago,3967
d69a8a8c,2024-03-30 07:00:00,2c0f09,Clothing,T-Shirt,2,474,948,Cash,2024,3,March,948,Paula Adkins,48,Other,Los Angeles,2022
df27939d,2024-03-30 08:00:00,d36e00,Books,Novel,3,90,270,Credit Card,2024,3,March,270,Anna Rodriguez,45,Female,Miami,1460
a6cc702d,2024-03-30 09:00:00,3cc777,Clothing,Lipstick,3,409,1227,Credit Card,2024,3,March,1227,Joseph Mckay,29,Other,Los Angeles,3821
52220ca1,2024-03-30 10:00:00,525387,Home Decor,Sofa,3,402,1206,Cash,2024,3,March,1206,Julie Stevens,68,Female,Houston,2892
2b6ad711,2024-03-30 11:00:00,ac0060,Clothing,Novel,4,186,744,Cash,2024,3,March,744,Jacqueline Rowe,64,Female,Miami,1903
52ef5c7a,2024-03-30 12:00:00,c80e99,Home Decor,Lipstick,1,440,440,Cash,2024,3,March,440,Gary Johnson,67,Male,New York,4384
5d7e4ccc,2024-03-30 13:00:00,18e34f,Electronics,Sofa,3,23,69,Credit Card,2024,3,March,69,Jamie Stewart,35,Male,Houston,219
16884ae9,2024-03-30 14:00:00,9b50e1,Beauty,T-Shirt,2,270,540,Cash,2024,3,March,540,Aaron Peterson,51,Female,Houston,4785
05e6cf91,2024-03-30 15:00:00,f0620d,Electronics,Lipstick,3,35,105,Debit Card,2024,3,March,105,Melissa Howe,28,Male,New York,3733
6f7c4547,2024-03-30 16:00:00,7c6499,Beauty,Lipstick,2,33,66,Cash,2024,3,March,66,Karen Rasmussen,29,Female,Chicago,2343
98e2780b,2024-03-30 17:00:00,2540a6,Home Decor,Laptop,1,448,448,Debit Card,2024,3,March,448,Anna Butler,31,Other,New York,533
e9d9efc1,2024-03-30 18:00:00,689804,Clothing,Novel,3,67,201,UPI,2024,3,March,201,Nicole Hayes,23,Female,Chicago,4347
731e93d3,2024-03-30 19:00:00,158a7f,Beauty,Sofa,1,193,193,Credit Card,2024,3,March,193,Amy Jones,22,Other,Houston,2942
afe16cd7,2024-03-30 20:00:00,1efff5,Home Decor,Lipstick,2,49,98,Debit Card,2024,3,March,98,Terry Gonzalez,53,Female,Miami,1997
368f5211,2024-03-30 21:00:00,b1815f,Electronics,Lipstick,3,74,222,Debit Card,2024,3,March,222,Michael Fox,23,Female,Chicago,1124
ed5ad7e9,2024-03-30 22:00:00,575c46,Clothing,Lipstick,4,284,1136,UPI,2024,3,March,1136,Bradley Rich,22,Other,Houston,4667
92397d0d,2024-03-30 23:00:00,e948d6,Books,T-Shirt,3,354,1062,UPI,2024,3,March,1062,Andrew Schaefer,67,Male,Chicago,4292
76b9476e,2024-03-31 00:00:00,41b11c,Clothing,Laptop,4,372,1488,UPI,2024,3,March,1488,Eric Bonilla,29,Other,Houston,803
3d8ff572,2024-03-31 01:00:00,f91db7,Electronics,Lipstick,1,461,461,Credit Card,2024,3,March,461,Mrs. Monica Daniel,56,Other,Miami,940
8a210779,2024-03-31 02:00:00,6f4024,Electronics,Lipstick,4,115,460,Credit Card,2024,3,March,460,Mark Nichols,35,Female,Los Angeles,327
d4e87435,2024-03-31 03:00:00,63a7f4,Books,Sofa,2,365,730,Debit Card,2024,3,March,730,Kimberly Reed,54,Male,New York,1512
890c51f9,2024-03-31 04:00:00,91d9c7,Clothing,Laptop,2,181,362,Debit Card,2024,3,March,362,Jamie Johnson,24,Female,Houston,3522
ce5e24dc,2024-03-31 05:00:00,1b2cd5,Clothing,Lipstick,3,154,462,Debit Card,2024,3,March,462,Rodney Gonzalez,47,Male,Houston,238
1e07fb33,2024-03-31 06:00:00,1db120,Electronics,Laptop,3,397,1191,Cash,2024,3,March,1191,Fernando Henry,56,Female,Miami,891
53b7e8b9,2024-03-31 07:00:00,99d9cc,Home Decor,T-Shirt,1,147,147,Cash,2024,3,March,147,Jacob Dougherty,26,Female,Los Angeles,3589
382a649d,2024-03-31 08:00:00,64dda7,Home Decor,Lipstick,4,244,976,Credit Card,2024,3,March,976,Steven Ramirez,42,Female,New York,3979
f54cc95e,2024-03-31 09:00:00,e5662a,Clothing,Lipstick,4,387,1548,Debit Card,2024,3,March,1548,Daniel Mitchell,57,Male,Houston,2418
641a81df,2024-03-31 10:00:00,68bb34,Electronics,Laptop,1,179,179,Debit Card,2024,3,March,179,Susan Cole,37,Female,New York,3455
b8cf6c94,2024-03-31 11:00:00,57bb4e,Clothing,T-Shirt,4,343,1372,Credit Card,2024,3,March,1372,Kenneth Spencer,26,Female,Miami,2873
dafd84fb,2024-03-31 12:00:00,f59c2a,Books,Laptop,3,416,1248,Credit Card,2024,3,March,1248,John Miller,28,Other,New York,4512
dc4f7a06,2024-03-31 13:00:00,1af473,Books,Sofa,3,439,1317,UPI,2024,3,March,1317,Patrick Hayes,69,Female,Chicago,4197
e0229f75,2024-03-31 14:00:00,973dac,Electronics,Laptop,1,25,25,Debit Card,2024,3,March,25,Ashley Perez,55,Male,Miami,3644
f637585a,2024-03-31 15:00:00,e5662a,Books,Lipstick,4,308,1232,Cash,2024,3,March,1232,Daniel Mitchell,57,Male,Houston,2418
0830db8d,2024-03-31 16:00:00,b25446,Clothing,Lipstick,3,218,654,Debit Card,2024,3,March,654,Gloria Cortez,59,Other,Chicago,4659
f291c253,2024-03-31 17:00:00,344e6a,Electronics,Laptop,2,488,976,UPI,2024,3,March,976,Patrick Johnson,50,Female,Chicago,3121
18a8aa09,2024-03-31 18:00:00,4557e1,Clothing,Sofa,2,116,232,UPI,2024,3,March,232,Melissa Fitzgerald,50,Female,Houston,1311
ae3928af,2024-03-31 19:00:00,5f5fb5,Home Decor,Lipstick,3,149,447,UPI,2024,3,March,447,Keith Johnson,30,Male,New York,2135
160b4eff,2024-03-31 20:00:00,0e7f83,Clothing,Lipstick,1,421,421,UPI,2024,3,March,421,Richard Moore,43,Male,New York,3508
c940fb93,2024-03-31 21:00:00,3d5794,Electronics,T-Shirt,4,58,232,Cash,2024,3,March,232,Ronald Burns,52,Other,New York,1445
cdc569d3,2024-03-31 22:00:00,7fe81c,Home Decor,Novel,3,342,1026,Credit Card,2024,3,March,1026,Nicole Curtis,22,Female,Chicago,1249
38078b92,2024-03-31 23:00:00,8c81e9,Home Decor,Lipstick,3,77,231,UPI,2024,3,March,231,Patricia Johnson,39,Female,New York,257
99e4bcab,2024-04-01 00:00:00,642d5e,Home Decor,Sofa,1,341,341,UPI,2024,4,April,341,Tyler Price,24,Male,Miami,2530
58254ba0,2024-04-01 01:00:00,9bd481,Clothing,Lipstick,3,153,459,UPI,2024,4,April,459,Ian Hanson,49,Other,Chicago,4454
52150e37,2024-04-01 02:00:00,5d31de,Clothing,Novel,3,49,147,Debit Card,2024,4,April,147,Cynthia Campbell,55,Male,Los Angeles,770
ce333c1e,2024-04-01 03:00:00,d82c21,Beauty,T-Shirt,2,91,182,UPI,2024,4,April,182,Kyle Gutierrez,69,Female,Los Angeles,4924
a0a571ec,2024-04-01 04:00:00,ef941e,Clothing,Laptop,1,428,428,Credit Card,2024,4,April,428,Crystal Edwards,61,Female,Los Angeles,3697
7fae9832,2024-04-01 05:00:00,bffec4,Clothing,Sofa,3,382,1146,Debit Card,2024,4,April,1146,Whitney Morrison,34,Other,Los Angeles,1051
a0363940,2024-04-01 06:00:00,4a2f5b,Books,Novel,1,42,42,Cash,2024,4,April,42,Bryan Serrano,32,Female,Miami,3245
8040cfff,2024-04-01 07:00:00,70edb6,Beauty,Lipstick,2,478,956,Cash,2024,4,April,956,David Esparza,48,Other,Chicago,4697
396a050c,2024-04-01 08:00:00,59df81,Clothing,Laptop,2,371,742,UPI,2024,4,April,742,Jennifer Berry,67,Male,New York,2373
bdd4cadd,2024-04-01 09:00:00,11fb51,Books,Laptop,1,204,204,UPI,2024,4,April,204,Sara Schneider,49,Female,New York,3657
74b2206b,2024-04-01 10:00:00,ef5a17,Home Decor,Sofa,2,423,846,Debit Card,2024,4,April,846,Tara Anderson,65,Female,Los Angeles,3640
be373bb1,2024-04-01 11:00:00,847711,Beauty,Sofa,1,85,85,Credit Card,2024,4,April,85,Hector Rodriguez,61,Other,Houston,2238
8d738bca,2024-04-01 12:00:00,642d5e,Home Decor,T-Shirt,4,51,204,Debit Card,2024,4,April,204,Tyler Price,24,Male,Miami,2530
a87b74e1,2024-04-01 13:00:00,585dcb,Clothing,Sofa,2,485,970,UPI,2024,4,April,970,Jeffery Brewer,24,Female,Chicago,2173
58d750e4,2024-04-01 14:00:00,0fb4bf,Electronics,Sofa,2,344,688,Debit Card,2024,4,April,688,Jessica Oconnor,62,Other,New York,1287
22cadd37,2024-04-01 15:00:00,67f933,Electronics,Lipstick,4,226,904,Cash,2024,4,April,904,Philip Curry,45,Male,New York,2145
d01981de,2024-04-01 16:00:00,98fb8a,Books,Sofa,4,29,116,Credit Card,2024,4,April,116,Rebecca Jimenez,19,Male,New York,3510
49bd296f,2024-04-01 17:00:00,8f8b02,Books,Laptop,1,190,190,Debit Card,2024,4,April,190,Kimberly Guerra,35,Female,Miami,2299
b8af5bd6,2024-04-01 18:00:00,a47564,Books,Novel,4,113,452,Credit Card,2024,4,April,452,Brenda Johnson,56,Other,Miami,1037
23ab5fa8,2024-04-01 19:00:00,5ad076,Electronics,Novel,3,217,651,Debit Card,2024,4,April,651,Juan Holmes,26,Female,Chicago,4623
c6a9796b,2024-04-01 20:00:00,91d9c7,Books,Novel,4,475,1900,UPI,2024,4,April,1900,Jamie Johnson,24,Female,Houston,3522
b94ea5b2,2024-04-01 21:00:00,4cd602,Home Decor,Novel,3,132,396,Credit Card,2024,4,April,396,Connor Foster,18,Female,New York,4866
5b34739f,2024-04-01 22:00:00,232afc,Books,Novel,3,273,819,UPI,2024,4,April,819,Angela Lyons,44,Female,Houston,4763
d192f292,2024-04-01 23:00:00,31f38a,Home Decor,Lipstick,2,230,460,UPI,2024,4,April,460,Jonathan Lee,41,Male,New York,4286
be3c93eb,2024-04-02 00:00:00,550b13,Books,Laptop,2,481,962,Credit Card,2024,4,April,962,Paul Gibson,24,Male,Houston,1204
bec603c0,2024-04-02 01:00:00,436ca6,Clothing,Novel,1,50,50,Credit Card,2024,4,April,50,Kenneth Stanton,22,Male,New York,3134
8ed7804f,2024-04-02 02:00:00,8936ea,Electronics,Lipstick,4,95,380,UPI,2024,4,April,380,Kayla Lee,61,Female,Houston,4137
181e0e19,2024-04-02 03:00:00,335482,Clothing,Laptop,4,87,348,Credit Card,2024,4,April,348,Stephanie Snow,29,Other,New York,1304
ffcc58b7,2024-04-02 04:00:00,9ef8fa,Beauty,Sofa,2,419,838,Credit Card,2024,4,April,838,April Baird,40,Female,Los Angeles,3851
752cfd0e,2024-04-02 05:00:00,0fb4bf,Beauty,Laptop,2,148,296,Debit Card,2024,4,April,296,Jessica Oconnor,62,Other,New York,1287
c0c9b7ce,2024-04-02 06:00:00,0d28a1,Beauty,Laptop,4,305,1220,UPI,2024,4,April,1220,Elizabeth Chase,56,Female,Miami,2704
a5e79d88,2024-04-02 07:00:00,b48490,Beauty,Lipstick,2,146,292,Credit Card,2024,4,April,292,Amy Callahan,18,Female,Los Angeles,2653
ce1285bd,2024-04-02 08:00:00,a55c33,Beauty,Novel,1,435,435,Credit Card,2024,4,April,435,Heather May,63,Female,Miami,4177
3eee4fe2,2024-04-02 09:00:00,58d0d4,Home Decor,T-Shirt,2,383,766,Credit Card,2024,4,April,766,Jessica Thomas,27,Female,New York,4521
60313785,2024-04-02 10:00:00,4ef533,Beauty,Novel,1,134,134,UPI,2024,4,April,134,Alex Phillips,64,Male,Houston,4645
ebb5395d,2024-04-02 11:00:00,f12f7c,Electronics,Novel,3,97,291,Cash,2024,4,April,291,Karen Olson,68,Other,Houston,1376
b56dffec,2024-04-02 12:00:00,897d59,Beauty,Sofa,1,242,242,Credit Card,2024,4,April,242,Cory Miller,39,Female,Chicago,3661
04dae6f6,2024-04-02 13:00:00,7270dd,Books,Lipstick,1,454,454,UPI,2024,4,April,454,Christopher Roberts,64,Female,Miami,850
ffff86d6,2024-04-02 14:00:00,9f3c10,Beauty,Laptop,2,83,166,Credit Card,2024,4,April,166,Adrian Buckley,39,Other,Los Angeles,3900
ee2015d2,2024-04-02 15:00:00,e940d4,Electronics,Lipstick,2,179,358,Debit Card,2024,4,April,358,Michael Serrano,47,Female,Los Angeles,4919
ffc5bab7,2024-04-02 16:00:00,db7bff,Electronics,T-Shirt,4,206,824,Credit Card,2024,4,April,824,Gary Arroyo,66,Female,Chicago,4267
104fac4d,2024-04-02 17:00:00,66acf0,Books,Novel,4,165,660,UPI,2024,4,April,660,Kelli Willis,34,Female,Miami,3986
317c3854,2024-04-02 18:00:00,3418ea,Books,Lipstick,4,397,1588,Debit Card,2024,4,April,1588,Mariah Wolfe,30,Male,Miami,817
b41922f4,2024-04-02 19:00:00,0fc9e3,Beauty,T-Shirt,1,389,389,Credit Card,2024,4,April,389,Scott Duffy,58,Other,Los Angeles,1449
918e55cc,2024-04-02 20:00:00,720ce3,Electronics,Sofa,2,18,36,Debit Card,2024,4,April,36,Benjamin Smith,53,Female,Chicago,1315
1ab162e5,2024-04-02 21:00:00,dc88ae,Clothing,T-Shirt,2,133,266,Credit Card,2024,4,April,266,Jessica Brown,55,Male,Houston,4861
966e56dc,2024-04-02 22:00:00,87bf97,Clothing,Lipstick,3,342,1026,Debit Card,2024,4,April,1026,Jeremy Wilson,53,Male,Chicago,3159
71a4b133,2024-04-02 23:00:00,7ee0ca,Beauty,Lipstick,4,225,900,Credit Card,2024,4,April,900,Cheryl Freeman,25,Other,New York,4128
7d95fc7e,2024-04-03 00:00:00,2cc2a9,Electronics,Laptop,4,295,1180,Credit Card,2024,4,April,1180,James Rivera,48,Female,Houston,2839
367d9fe7,2024-04-03 01:00:00,9ba44c,Electronics,Laptop,4,376,1504,UPI,2024,4,April,1504,Erin Smith,45,Other,Chicago,364
7ef85d22,2024-04-03 02:00:00,b55e0e,Beauty,Laptop,4,492,1968,Cash,2024,4,April,1968,Wendy Hill,49,Male,Chicago,4319
d2618b2f,2024-04-03 03:00:00,0cc277,Books,Lipstick,4,198,792,UPI,2024,4,April,792,Bryan Rosales,32,Other,New York,725
6a14538a,2024-04-03 04:00:00,13e8e2,Electronics,Novel,1,51,51,UPI,2024,4,April,51,Daniel Johnson,39,Other,New York,1955
8d7f72e0,2024-04-03 05:00:00,135dd1,Home Decor,Novel,3,429,1287,Cash,2024,4,April,1287,Robin Cabrera,42,Male,Houston,713
68aa9c40,2024-04-03 06:00:00,827a0b,Home Decor,Novel,3,161,483,UPI,2024,4,April,483,Michael Mueller,37,Female,Los Angeles,1809
aa247346,2024-04-03 07:00:00,d82c21,Beauty,Sofa,2,252,504,Debit Card,2024,4,April,504,Kyle Gutierrez,69,Female,Los Angeles,4924
49142c5e,2024-04-03 08:00:00,a9b434,Books,Lipstick,1,148,148,Credit Card,2024,4,April,148,Justin Campbell,54,Female,Los Angeles,840
c889d3e2,2024-04-03 09:00:00,9de4c7,Books,T-Shirt,1,271,271,Credit Card,2024,4,April,271,Kevin White,56,Male,New York,2918
a5ebb049,2024-04-03 10:00:00,297c4b,Electronics,Novel,2,488,976,UPI,2024,4,April,976,Rebecca Wilson,48,Male,Chicago,4382
609dd80b,2024-04-03 11:00:00,f7a4d1,Home Decor,T-Shirt,3,203,609,Cash,2024,4,April,609,Mark Bird,36,Male,Miami,787
1d28b031,2024-04-03 12:00:00,54579a,Beauty,Laptop,2,413,826,Credit Card,2024,4,April,826,Lisa Wilkerson,51,Female,Los Angeles,550
4fbb1d5c,2024-04-03 13:00:00,c6bb91,Clothing,T-Shirt,2,364,728,UPI,2024,4,April,728,Abigail Bennett,30,Other,Chicago,340
15825c0c,2024-04-03 14:00:00,eb6746,Books,Lipstick,3,288,864,Credit Card,2024,4,April,864,Kevin Thomas,54,Female,Miami,2067
47808d5f,2024-04-03 15:00:00,69dd1d,Clothing,Novel,4,479,1916,Credit Card,2024,4,April,1916,Rebekah Ortiz,59,Male,Miami,1307
1afe6ed4,2024-04-03 16:00:00,c6bb91,Books,Laptop,4,345,1380,UPI,2024,4,April,1380,Abigail Bennett,30,Other,Chicago,340
6cfa3472,2024-04-03 17:00:00,1be281,Electronics,Novel,3,214,642,Cash,2024,4,April,642,Danielle Garza,60,Male,Los Angeles,3483
d3320349,2024-04-03 18:00:00,f3f135,Clothing,Lipstick,4,471,1884,Cash,2024,4,April,1884,Vanessa Flores,45,Other,Houston,3495
199a125f,2024-04-03 19:00:00,3301f1,Books,Lipstick,3,461,1383,UPI,2024,4,April,1383,Jenny Baird,43,Other,Houston,2658
81b179f7,2024-04-03 20:00:00,4f01a0,Home Decor,T-Shirt,3,462,1386,Credit Card,2024,4,April,1386,Gwendolyn Bailey,21,Male,Chicago,3490
d96f9931,2024-04-03 21:00:00,689804,Books,Lipstick,2,287,574,Debit Card,2024,4,April,574,Nicole Hayes,23,Female,Chicago,4347
97df2e4f,2024-04-03 22:00:00,1718ff,Electronics,Sofa,4,177,708,Credit Card,2024,4,April,708,Danielle Walker,45,Male,Miami,2435
04f3d67c,2024-04-03 23:00:00,322b62,Books,Sofa,2,105,210,Cash,2024,4,April,210,Jesus Thompson,63,Female,New York,2794
d19543b8,2024-04-04 00:00:00,27fcdf,Home Decor,T-Shirt,3,245,735,Debit Card,2024,4,April,735,Ian Ellis,49,Female,New York,4087
b3973533,2024-04-04 01:00:00,d14e0c,Clothing,Laptop,1,402,402,Debit Card,2024,4,April,402,Dylan Richardson,40,Female,New York,2306
d08f313c,2024-04-04 02:00:00,f7ce1f,Books,Novel,1,277,277,Credit Card,2024,4,April,277,Lori Wallace,60,Male,Chicago,2992
962fb13b,2024-04-04 03:00:00,f7dd1f,Electronics,Sofa,3,423,1269,Cash,2024,4,April,1269,Alan Taylor,39,Male,Houston,2177
edb5ebee,2024-04-04 04:00:00,006294,Clothing,Novel,4,64,256,UPI,2024,4,April,256,Rebecca Clark,29,Female,Miami,102
a01e2f0c,2024-04-04 05:00:00,51d319,Clothing,Laptop,4,103,412,UPI,2024,4,April,412,John Holt,26,Female,New York,4996
53cc35af,2024-04-04 06:00:00,c8fecf,Clothing,Laptop,1,263,263,Credit Card,2024,4,April,263,Joel Herrera,27,Male,Miami,1961
d613c185,2024-04-04 07:00:00,a5f9cf,Beauty,Sofa,4,116,464,Cash,2024,4,April,464,Hannah Marks,30,Other,Chicago,1094
2b7a78f7,2024-04-04 08:00:00,96a538,Clothing,Laptop,4,285,1140,UPI,2024,4,April,1140,Shari Thomas,29,Male,Houston,2425
e02df49d,2024-04-04 09:00:00,b3a29e,Books,Lipstick,3,394,1182,Debit Card,2024,4,April,1182,Brianna Suarez,67,Male,Los Angeles,4522
1f2bec95,2024-04-04 10:00:00,57345f,Books,Laptop,4,15,60,Cash,2024,4,April,60,Brian Burch,31,Male,Chicago,3967
38b2e842,2024-04-04 11:00:00,10c2a7,Clothing,Lipstick,2,333,666,Debit Card,2024,4,April,666,Gina Martinez,30,Other,Los Angeles,1523
35ed63cc,2024-04-04 12:00:00,9d7d39,Electronics,Novel,2,464,928,Cash,2024,4,April,928,Samantha Wright,49,Other,Chicago,4025
f0ea2651,2024-04-04 13:00:00,dccb9e,Clothing,Laptop,4,331,1324,Cash,2024,4,April,1324,Heather Francis,48,Other,Miami,2542
c542e575,2024-04-04 14:00:00,684ae2,Clothing,Novel,1,128,128,Cash,2024,4,April,128,Scott Hernandez,58,Other,Miami,2872
1f3190fd,2024-04-04 15:00:00,22adfd,Beauty,Laptop,4,133,532,UPI,2024,4,April,532,Connie Mills,55,Other,Houston,2184
8f3d81e6,2024-04-04 16:00:00,1718ff,Home Decor,Lipstick,1,11,11,Cash,2024,4,April,11,Danielle Walker,45,Male,Miami,2435
b1da08a3,2024-04-04 17:00:00,f3a502,Beauty,Laptop,1,349,349,Cash,2024,4,April,349,Tanner Berger,68,Male,Houston,285
2440903b,2024-04-04 18:00:00,9353e8,Beauty,Laptop,3,72,216,Debit Card,2024,4,April,216,John Francis,40,Female,New York,4276
a0a158c6,2024-04-04 19:00:00,c87119,Home Decor,Sofa,1,428,428,Cash,2024,4,April,428,Jay Hancock,69,Other,New York,4090
70c3ac34,2024-04-04 20:00:00,8ecd26,Books,Novel,1,278,278,Cash,2024,4,April,278,Kendra Hess DDS,62,Other,Chicago,3485
7047b30f,2024-04-04 21:00:00,fea76e,Books,Laptop,1,351,351,Debit Card,2024,4,April,351,David Wagner,29,Other,Los Angeles,918
8b33bebe,2024-04-04 22:00:00,7f03a0,Clothing,Sofa,3,318,954,UPI,2024,4,April,954,Ronald Simpson,44,Other,Houston,4258
75bf0c2b,2024-04-04 23:00:00,ad14a2,Beauty,Lipstick,4,62,248,Debit Card,2024,4,April,248,Antonio Morales DVM,29,Male,Miami,4898
07871b85,2024-04-05 00:00:00,7270dd,Books,Lipstick,3,202,606,Debit Card,2024,4,April,606,Christopher Roberts,64,Female,Miami,850
c1ddcb63,2024-04-05 01:00:00,db7bff,Books,Sofa,4,210,840,Credit Card,2024,4,April,840,Gary Arroyo,66,Female,Chicago,4267
3ed3c2d5,2024-04-05 02:00:00,75d8b9,Clothing,Lipstick,3,401,1203,Debit Card,2024,4,April,1203,Mary Bailey,22,Male,New York,3680
20c20e52,2024-04-05 03:00:00,0f572d,Beauty,T-Shirt,3,433,1299,Credit Card,2024,4,April,1299,Michael Shaw,59,Other,Houston,1002
a76fc080,2024-04-05 04:00:00,2a7cd7,Books,T-Shirt,2,268,536,Cash,2024,4,April,536,Brandon Johnson,18,Male,Miami,4670
2b575808,2024-04-05 05:00:00,67cf85,Books,Sofa,4,120,480,Debit Card,2024,4,April,480,Shannon Jackson,50,Female,Houston,4183
20d481c2,2024-04-05 06:00:00,f96d13,Clothing,Novel,1,472,472,Cash,2024,4,April,472,Ryan Carter,31,Other,New York,1536
15492814,2024-04-05 07:00:00,6a2856,Home Decor,Laptop,2,430,860,UPI,2024,4,April,860,Alexander Nelson,29,Other,New York,4426
1fe8b8e4,2024-04-05 08:00:00,13e8e2,Clothing,T-Shirt,3,470,1410,UPI,2024,4,April,1410,Daniel Johnson,39,Other,New York,1955
5d982bff,2024-04-05 09:00:00,1b5abd,Books,Novel,3,45,135,UPI,2024,4,April,135,Daniel Mcmillan,22,Male,Chicago,743
b9726237,2024-04-05 10:00:00,1e3c19,Clothing,Lipstick,3,346,1038,Credit Card,2024,4,April,1038,Christopher Raymond,61,Female,Chicago,1037
44e69833,2024-04-05 11:00:00,6b81a8,Electronics,Laptop,4,80,320,UPI,2024,4,April,320,Jonathan Donovan,25,Other,New York,3771
a6d7dba0,2024-04-05 12:00:00,567ab3,Beauty,Novel,4,362,1448,Debit Card,2024,4,April,1448,Stephen Wilson,41,Male,Houston,1037
08d10f5d,2024-04-05 13:00:00,d28ef1,Books,Novel,1,217,217,Debit Card,2024,4,April,217,Alicia Wilcox,46,Other,New York,3127
94751240,2024-04-05 14:00:00,452346,Home Decor,Sofa,1,416,416,Debit Card,2024,4,April,416,James Hartman,51,Female,Houston,1506
d12baf8a,2024-04-05 15:00:00,f4a7dd,Electronics,Lipstick,2,151,302,UPI,2024,4,April,302,Larry Dorsey,33,Female,Los Angeles,3551
cf403199,2024-04-05 16:00:00,2573ba,Home Decor,Novel,4,105,420,Debit Card,2024,4,April,420,Amber Steele,25,Other,Miami,1816
119b3d26,2024-04-05 17:00:00,a3633d,Books,Novel,3,175,525,UPI,2024,4,April,525,Tina Horne,30,Other,Miami,3484
c6862fa9,2024-04-05 18:00:00,60a719,Electronics,Sofa,2,77,154,Debit Card,2024,4,April,154,David Reyes MD,34,Other,Los Angeles,4776
5cb6c8be,2024-04-05 19:00:00,1ef710,Books,T-Shirt,3,430,1290,Debit Card,2024,4,April,1290,Jennifer Butler,23,Male,Chicago,2478
cc718571,2024-04-05 20:00:00,eb83ec,Home Decor,Lipstick,3,478,1434,Cash,2024,4,April,1434,Taylor Ramirez,45,Female,Houston,2228
c701265d,2024-04-05 21:00:00,231443,Books,Lipstick,1,128,128,Cash,2024,4,April,128,Megan Martin,26,Male,Los Angeles,1338
4e15bd42,2024-04-05 22:00:00,db7a6a,Books,T-Shirt,2,343,686,Debit Card,2024,4,April,686,Michael Parsons,20,Other,New York,1907
40c4c9b8,2024-04-05 23:00:00,fea76e,Electronics,Lipstick,4,217,868,UPI,2024,4,April,868,David Wagner,29,Other,Los Angeles,918
08be68d3,2024-04-06 00:00:00,6d82aa,Clothing,Laptop,4,443,1772,Cash,2024,4,April,1772,Jose Martin,67,Other,Chicago,1753
61530a58,2024-04-06 01:00:00,9de4c7,Home Decor,T-Shirt,4,126,504,Cash,2024,4,April,504,Kevin White,56,Male,New York,2918
d6f7d774,2024-04-06 02:00:00,903a0f,Books,Laptop,4,290,1160,Debit Card,2024,4,April,1160,Tony Graves,33,Other,Los Angeles,4920
c181d0f0,2024-04-06 03:00:00,1efff5,Home Decor,Laptop,3,307,921,Cash,2024,4,April,921,Terry Gonzalez,53,Female,Miami,1997
63111fe2,2024-04-06 04:00:00,3e7677,Clothing,Sofa,1,330,330,Cash,2024,4,April,330,Gerald Escobar,23,Other,Chicago,1279
e750b1e3,2024-04-06 05:00:00,959052,Books,Novel,2,93,186,Credit Card,2024,4,April,186,Alicia Ramirez,50,Other,Houston,835
cf85164e,2024-04-06 06:00:00,cdaebd,Beauty,Lipstick,4,70,280,Credit Card,2024,4,April,280,Joan Taylor,42,Male,Los Angeles,548
c996fbaa,2024-04-06 07:00:00,d16086,Home Decor,Lipstick,3,219,657,Credit Card,2024,4,April,657,David Fox,32,Female,New York,1405
e29b6a31,2024-04-06 08:00:00,cd1aeb,Clothing,T-Shirt,4,477,1908,UPI,2024,4,April,1908,Margaret Williams,64,Female,Miami,394
e30355ee,2024-04-06 09:00:00,a93bd0,Books,Novel,1,172,172,Credit Card,2024,4,April,172,Janet Buckley,33,Other,Los Angeles,3506
0a2a51af,2024-04-06 10:00:00,9df3ae,Beauty,Lipstick,4,445,1780,Credit Card,2024,4,April,1780,Kristen Myers,42,Male,Houston,205
2a90031e,2024-04-06 11:00:00,1ef710,Electronics,Lipstick,4,146,584,Credit Card,2024,4,April,584,Jennifer Butler,23,Male,Chicago,2478
adfb61a7,2024-04-06 12:00:00,8ecd26,Electronics,Novel,2,271,542,Credit Card,2024,4,April,542,Kendra Hess DDS,62,Other,Chicago,3485
cf6e3b14,2024-04-06 13:00:00,0a694c,Home Decor,Laptop,3,279,837,Credit Card,2024,4,April,837,Caitlin Martinez,66,Male,New York,755
2629dc84,2024-04-06 14:00:00,b48490,Clothing,Laptop,4,350,1400,Cash,2024,4,April,1400,Amy Callahan,18,Female,Los Angeles,2653
90cf419d,2024-04-06 15:00:00,6776ac,Electronics,Laptop,3,99,297,UPI,2024,4,April,297,Cheryl Welch,41,Male,New York,3392
3f25405e,2024-04-06 16:00:00,21bb3c,Electronics,Novel,4,484,1936,Cash,2024,4,April,1936,Michael Glenn,42,Male,New York,4888
95a6725c,2024-04-06 17:00:00,31a237,Books,T-Shirt,4,135,540,Cash,2024,4,April,540,Cynthia Solomon,56,Female,Miami,4462
b7619b08,2024-04-06 18:00:00,3b936d,Beauty,Lipstick,3,219,657,Credit Card,2024,4,April,657,Lori Hall,43,Male,Los Angeles,815
c798556b,2024-04-06 19:00:00,628f76,Books,T-Shirt,2,72,144,Credit Card,2024,4,April,144,Nichole Gould,45,Female,Chicago,1575
81b38fa7,2024-04-06 20:00:00,d26049,Books,Novel,4,347,1388,Credit Card,2024,4,April,1388,Jonathan French,62,Male,Miami,2429
be1d2423,2024-04-06 21:00:00,c5940a,Clothing,Laptop,4,488,1952,UPI,2024,4,April,1952,Robin Ford,53,Male,New York,654
19663f97,2024-04-06 22:00:00,ca7942,Beauty,Sofa,3,485,1455,Debit Card,2024,4,April,1455,Michael Smith,64,Male,New York,3320
d58f7ec9,2024-04-06 23:00:00,ee00cf,Home Decor,Laptop,2,13,26,Cash,2024,4,April,26,Daniel Brown,53,Male,New York,4093
e3ee0c4a,2024-04-07 00:00:00,39788c,Home Decor,Sofa,1,235,235,Credit Card,2024,4,April,235,Jose Rodriguez,66,Female,Miami,4527
2b29fe00,2024-04-07 01:00:00,cdfbac,Electronics,Sofa,4,324,1296,Cash,2024,4,April,1296,Kristen Ferguson,42,Other,Los Angeles,478
5afc774e,2024-04-07 02:00:00,9ef8fa,Books,Novel,4,147,588,UPI,2024,4,April,588,April Baird,40,Female,Los Angeles,3851
8af05983,2024-04-07 03:00:00,76c8fb,Beauty,T-Shirt,3,160,480,Cash,2024,4,April,480,Marvin Figueroa,43,Other,New York,4572
a5b6f08f,2024-04-07 04:00:00,a4c166,Home Decor,Lipstick,2,346,692,UPI,2024,4,April,692,Carlos Doyle,64,Other,Los Angeles,902
8ea0f10c,2024-04-07 05:00:00,d8b630,Books,Sofa,3,33,99,Cash,2024,4,April,99,Natasha Ray,53,Other,Chicago,4322
c4eda995,2024-04-07 06:00:00,9d1b18,Books,Lipstick,1,149,149,UPI,2024,4,April,149,Jeffrey Vincent,37,Female,Miami,3462
c65df9c3,2024-04-07 07:00:00,20f79d,Books,Lipstick,2,61,122,Credit Card,2024,4,April,122,Daniel Kim,54,Female,Houston,2277
40b60cf9,2024-04-07 08:00:00,71536a,Clothing,Sofa,1,401,401,Debit Card,2024,4,April,401,Sarah Johnson,46,Male,Los Angeles,2604
2dcfed2f,2024-04-07 09:00:00,d17cfd,Books,Sofa,1,38,38,Credit Card,2024,4,April,38,Rebecca David,52,Other,Los Angeles,1950
31080a8a,2024-04-07 10:00:00,b21113,Electronics,Novel,4,136,544,UPI,2024,4,April,544,Steven Levy,23,Female,Miami,4960
392976d2,2024-04-07 11:00:00,a6b61d,Electronics,Sofa,3,244,732,UPI,2024,4,April,732,Nancy Campbell,41,Male,Houston,2115
5bcbb8fa,2024-04-07 12:00:00,2cc2a9,Electronics,T-Shirt,3,495,1485,Cash,2024,4,April,1485,James Rivera,48,Female,Houston,2839
e32ccd10,2024-04-07 13:00:00,62990d,Electronics,Laptop,4,276,1104,UPI,2024,4,April,1104,Christopher Clayton,50,Male,Houston,1171
0a352d60,2024-04-07 14:00:00,058198,Electronics,Novel,4,418,1672,Cash,2024,4,April,1672,Hannah Santana,24,Female,Los Angeles,497
a3a80f85,2024-04-07 15:00:00,d35b1d,Beauty,Sofa,2,102,204,UPI,2024,4,April,204,Sarah Johns,39,Other,Los Angeles,3064
587efb67,2024-04-07 16:00:00,89b95c,Books,Laptop,2,461,922,Debit Card,2024,4,April,922,Mark Hanson,41,Other,Miami,2832
dbad69f0,2024-04-07 17:00:00,0583d6,Home Decor,T-Shirt,3,257,771,Cash,2024,4,April,771,Kevin Hanna,22,Female,Los Angeles,4179
0aa0cdc8,2024-04-07 18:00:00,d19cca,Books,T-Shirt,1,55,55,Cash,2024,4,April,55,Wayne Sutton,32,Other,New York,4207
2f2543d2,2024-04-07 19:00:00,6776ac,Electronics,T-Shirt,1,398,398,UPI,2024,4,April,398,Cheryl Welch,41,Male,New York,3392
839391f8,2024-04-07 20:00:00,11027e,Clothing,Laptop,1,90,90,Cash,2024,4,April,90,Stephanie James,31,Female,Miami,4520
b02b13a2,2024-04-07 21:00:00,580dca,Books,Sofa,1,99,99,Debit Card,2024,4,April,99,Sarah Gonzalez,63,Female,New York,1741
2741cb7c,2024-04-07 22:00:00,1cb934,Beauty,Lipstick,4,215,860,UPI,2024,4,April,860,Ashley Smith,68,Male,Miami,1068
404f7165,2024-04-07 23:00:00,ca7942,Books,Sofa,3,63,189,Credit Card,2024,4,April,189,Michael Smith,64,Male,New York,3320
ec7b90d9,2024-04-08 00:00:00,ef93a4,Clothing,Lipstick,2,286,572,Cash,2024,4,April,572,Richard Blackburn,31,Other,Chicago,2851
b2ebcd77,2024-04-08 01:00:00,ac0060,Clothing,Lipstick,1,382,382,UPI,2024,4,April,382,Jacqueline Rowe,64,Female,Miami,1903
c9715b97,2024-04-08 02:00:00,75428d,Clothing,Laptop,1,76,76,Credit Card,2024,4,April,76,Derrick Johnson,63,Female,Miami,4588
3d8f24a5,2024-04-08 03:00:00,9ea783,Electronics,T-Shirt,4,100,400,Debit Card,2024,4,April,400,Linda Patterson,58,Female,Miami,3624
62cb43c8,2024-04-08 04:00:00,d70515,Electronics,T-Shirt,3,48,144,UPI,2024,4,April,144,Diana Pierce,66,Male,New York,2792
56d58ba3,2024-04-08 05:00:00,485e3b,Beauty,T-Shirt,3,145,435,Cash,2024,4,April,435,Shane Leon,18,Female,New York,3148
b7edadce,2024-04-08 06:00:00,e1b97f,Clothing,Laptop,3,41,123,Debit Card,2024,4,April,123,Samuel Mitchell,42,Female,Los Angeles,3039
2ceef654,2024-04-08 07:00:00,36e794,Home Decor,Lipstick,1,27,27,Credit Card,2024,4,April,27,Holly Vasquez,36,Male,Los Angeles,1554
691b7688,2024-04-08 08:00:00,10ce2b,Electronics,Lipstick,3,334,1002,Cash,2024,4,April,1002,Derek Cox,51,Female,Chicago,427
728b1c0b,2024-04-08 09:00:00,49faaf,Beauty,Sofa,3,242,726,Cash,2024,4,April,726,Carl Chen,50,Male,Chicago,4426
e669b9b6,2024-04-08 10:00:00,64dda7,Books,Lipstick,2,157,314,UPI,2024,4,April,314,Steven Ramirez,42,Female,New York,3979
d23dac78,2024-04-08 11:00:00,d8f0a4,Books,Sofa,2,440,880,Debit Card,2024,4,April,880,Mr. Shaun Nelson,65,Female,Houston,304
6031cf43,2024-04-08 12:00:00,4fcc8a,Electronics,Novel,1,64,64,Debit Card,2024,4,April,64,Thomas Tran,31,Other,Los Angeles,3756
eb75c609,2024-04-08 13:00:00,14d85a,Beauty,Laptop,2,36,72,Debit Card,2024,4,April,72,Stephanie Barton,36,Male,New York,3560
e8153ac5,2024-04-08 14:00:00,628f76,Home Decor,Lipstick,1,51,51,Credit Card,2024,4,April,51,Nichole Gould,45,Female,Chicago,1575
86bc90a8,2024-04-08 15:00:00,446290,Electronics,Laptop,1,394,394,Credit Card,2024,4,April,394,Terry Smith,20,Male,Miami,3896
91286798,2024-04-08 16:00:00,41bc7a,Beauty,Sofa,2,196,392,Cash,2024,4,April,392,Sarah Tate,65,Other,Miami,1496
088d8dd8,2024-04-08 17:00:00,d3b955,Home Decor,Sofa,1,302,302,Credit Card,2024,4,April,302,William Moore,26,Male,Chicago,2440
7e52a1e5,2024-04-08 18:00:00,9b8cee,Books,Novel,4,415,1660,Cash,2024,4,April,1660,Matthew Stout,57,Female,Miami,1705
882c85bf,2024-04-08 19:00:00,9ea783,Beauty,T-Shirt,1,333,333,Cash,2024,4,April,333,Linda Patterson,58,Female,Miami,3624
f153223b,2024-04-08 20:00:00,647657,Books,Sofa,3,291,873,Credit Card,2024,4,April,873,Raymond Perry,62,Other,Los Angeles,2857
f438412c,2024-04-08 21:00:00,b48490,Books,Laptop,1,65,65,Debit Card,2024,4,April,65,Amy Callahan,18,Female,Los Angeles,2653
32aafd4f,2024-04-08 22:00:00,10ce2b,Electronics,Sofa,1,418,418,Credit Card,2024,4,April,418,Derek Cox,51,Female,Chicago,427
41177211,2024-04-08 23:00:00,39e917,Beauty,Laptop,2,314,628,UPI,2024,4,April,628,Kristin Reed,65,Male,New York,2976
3a2efc16,2024-04-09 00:00:00,e2d32e,Home Decor,T-Shirt,2,329,658,Cash,2024,4,April,658,Edwin Mason,27,Female,Houston,3482
237e93b9,2024-04-09 01:00:00,bea91a,Home Decor,Lipstick,3,286,858,UPI,2024,4,April,858,Alicia Edwards,66,Male,Chicago,3334
57935f34,2024-04-09 02:00:00,006294,Home Decor,Sofa,4,329,1316,UPI,2024,4,April,1316,Rebecca Clark,29,Female,Miami,102
9d0fb8e0,2024-04-09 03:00:00,40987f,Beauty,Laptop,4,11,44,Cash,2024,4,April,44,Teresa Hart MD,61,Female,Houston,4121
b417b982,2024-04-09 04:00:00,e948d6,Books,Lipstick,4,164,656,Debit Card,2024,4,April,656,Andrew Schaefer,67,Male,Chicago,4292
72dba9e1,2024-04-09 05:00:00,d8b630,Clothing,Novel,1,403,403,Credit Card,2024,4,April,403,Natasha Ray,53,Other,Chicago,4322
350cc352,2024-04-09 06:00:00,cb1b4b,Electronics,Novel,4,61,244,Cash,2024,4,April,244,Dennis Parker,58,Other,Chicago,2479
0519b8b3,2024-04-09 07:00:00,b5b7da,Electronics,Novel,3,451,1353,Credit Card,2024,4,April,1353,Susan Rogers,59,Other,Chicago,3494
e898eafd,2024-04-09 08:00:00,a82434,Home Decor,Laptop,4,493,1972,Debit Card,2024,4,April,1972,Clifford Smith,23,Male,New York,1704
c0e041c8,2024-04-09 09:00:00,fa3119,Books,T-Shirt,2,478,956,Debit Card,2024,4,April,956,Jason Whitaker,67,Male,Chicago,4762
8a023a27,2024-04-09 10:00:00,5802d9,Home Decor,Laptop,2,158,316,Credit Card,2024,4,April,316,Jason Thomas,39,Other,Miami,4915
af0ed1de,2024-04-09 11:00:00,065958,Books,Lipstick,2,221,442,Cash,2024,4,April,442,Kathleen Mccoy,50,Other,Los Angeles,3972
4ec3129b,2024-04-09 12:00:00,8af74d,Beauty,T-Shirt,1,469,469,UPI,2024,4,April,469,Sophia Proctor,25,Male,Los Angeles,1646
69becdc1,2024-04-09 13:00:00,3fe6f2,Beauty,T-Shirt,3,219,657,Credit Card,2024,4,April,657,Gail Gutierrez,46,Female,Chicago,2097
47ef76aa,2024-04-09 14:00:00,73d905,Books,Laptop,4,114,456,Debit Card,2024,4,April,456,Jason Singh,53,Female,Los Angeles,2845
460fa0dd,2024-04-09 15:00:00,1ae409,Books,Novel,1,102,102,UPI,2024,4,April,102,Doris Nixon,66,Other,Los Angeles,3317
1b2753dc,2024-04-09 16:00:00,6ce74b,Beauty,T-Shirt,2,113,226,UPI,2024,4,April,226,Tanya Hebert,24,Other,Los Angeles,4704
cbf51442,2024-04-09 17:00:00,ca7942,Electronics,T-Shirt,2,40,80,Debit Card,2024,4,April,80,Michael Smith,64,Male,New York,3320
a9f81894,2024-04-09 18:00:00,2540a6,Clothing,Sofa,1,189,189,UPI,2024,4,April,189,Anna Butler,31,Other,New York,533
f4cdf6ce,2024-04-09 19:00:00,48ca82,Beauty,Laptop,4,267,1068,Cash,2024,4,April,1068,Dean Brown,68,Female,Chicago,439
69492875,2024-04-09 20:00:00,464392,Home Decor,Lipstick,3,301,903,UPI,2024,4,April,903,Michael Brown,64,Female,Chicago,757
aece4549,2024-04-09 21:00:00,1e8504,Beauty,Lipstick,3,102,306,Credit Card,2024,4,April,306,Mike Dawson,54,Other,Los Angeles,3891
01b52d9f,2024-04-09 22:00:00,2a7cd7,Books,Lipstick,2,313,626,Cash,2024,4,April,626,Brandon Johnson,18,Male,Miami,4670
5fdfbf0f,2024-04-09 23:00:00,9f5132,Books,Novel,3,469,1407,UPI,2024,4,April,1407,Matthew Williams,66,Male,Los Angeles,3847
db61baf5,2024-04-10 00:00:00,328221,Electronics,Novel,2,83,166,Debit Card,2024,4,April,166,Veronica Shea,29,Other,Houston,3158
75745033,2024-04-10 01:00:00,464c90,Clothing,Novel,2,406,812,Cash,2024,4,April,812,Jose Stuart,45,Other,Houston,408
59619b28,2024-04-10 02:00:00,70c078,Beauty,Lipstick,3,116,348,Debit Card,2024,4,April,348,Charles Escobar,36,Female,New York,622
fb357639,2024-04-10 03:00:00,a769ab,Clothing,Novel,4,74,296,Debit Card,2024,4,April,296,David Reyes,65,Other,Houston,1179
21ff9112,2024-04-10 04:00:00,686e35,Books,Sofa,3,362,1086,Debit Card,2024,4,April,1086,Gwendolyn Barron,66,Female,Los Angeles,1865
96c513f3,2024-04-10 05:00:00,39e917,Electronics,T-Shirt,1,77,77,Cash,2024,4,April,77,Kristin Reed,65,Male,New York,2976
4b01b34d,2024-04-10 06:00:00,bf128f,Clothing,Laptop,4,67,268,Debit Card,2024,4,April,268,Deborah James,45,Other,Houston,1036
63244b0d,2024-04-10 07:00:00,3e1b48,Books,Laptop,1,473,473,UPI,2024,4,April,473,Taylor Richardson,44,Other,Chicago,4193
5e20fced,2024-04-10 08:00:00,1e903c,Electronics,T-Shirt,4,420,1680,Debit Card,2024,4,April,1680,Michael Marsh,24,Male,Los Angeles,1617
c5c3f10b,2024-04-10 09:00:00,064624,Books,Laptop,4,202,808,Cash,2024,4,April,808,Russell Martin,31,Other,Houston,4317
c2693692,2024-04-10 10:00:00,51f9e6,Beauty,Sofa,4,163,652,Credit Card,2024,4,April,652,Michelle Moreno DDS,42,Other,Miami,2333
0205e265,2024-04-10 11:00:00,66acf0,Electronics,Novel,2,70,140,UPI,2024,4,April,140,Kelli Willis,34,Female,Miami,3986
66da7a52,2024-04-10 12:00:00,3125a6,Clothing,T-Shirt,3,426,1278,UPI,2024,4,April,1278,Nicole Sawyer,23,Other,New York,3485
ea83f60b,2024-04-10 13:00:00,0fb4bf,Electronics,Sofa,4,363,1452,Cash,2024,4,April,1452,Jessica Oconnor,62,Other,New York,1287
78d9e478,2024-04-10 14:00:00,5f7b2e,Clothing,Laptop,2,412,824,Debit Card,2024,4,April,824,Christopher Nichols,49,Other,Los Angeles,838
f5572588,2024-04-10 15:00:00,092c22,Electronics,T-Shirt,4,442,1768,Cash,2024,4,April,1768,Stephanie Flores,44,Other,Houston,3314
6b41ff72,2024-04-10 16:00:00,fd1cfb,Electronics,Novel,1,233,233,UPI,2024,4,April,233,Anthony Anderson,37,Female,Los Angeles,805
4dd3ae2d,2024-04-10 17:00:00,9f5492,Beauty,Laptop,3,168,504,Cash,2024,4,April,504,Daniel Owens,33,Male,Los Angeles,2343
259470cd,2024-04-10 18:00:00,605ac5,Books,Sofa,1,239,239,UPI,2024,4,April,239,Kimberly Marshall,34,Female,Los Angeles,238
be1786e5,2024-04-10 19:00:00,8b77b6,Beauty,Lipstick,3,198,594,UPI,2024,4,April,594,Molly Ford,36,Male,Chicago,4370
d221d65e,2024-04-10 20:00:00,2e6228,Electronics,Lipstick,4,313,1252,Cash,2024,4,April,1252,Edward Brown,42,Male,Chicago,4029
4f8b6e44,2024-04-10 21:00:00,fe2f1d,Electronics,Novel,4,260,1040,Cash,2024,4,April,1040,Jacqueline Henderson,45,Other,Houston,2798
b60cefaa,2024-04-10 22:00:00,d19cca,Clothing,Laptop,4,387,1548,Cash,2024,4,April,1548,Wayne Sutton,32,Other,New York,4207
0d8e6309,2024-04-10 23:00:00,4b117d,Clothing,Lipstick,1,385,385,UPI,2024,4,April,385,Zachary Green,68,Other,Miami,3812
df61d63c,2024-04-11 00:00:00,4e8d63,Books,T-Shirt,1,451,451,Credit Card,2024,4,April,451,Jesus English,60,Other,New York,1673
aa953bd5,2024-04-11 01:00:00,f92445,Electronics,Laptop,2,492,984,Cash,2024,4,April,984,Julie Harris,34,Male,Los Angeles,1372
f96ddf05,2024-04-11 02:00:00,00c7a0,Beauty,Laptop,4,335,1340,UPI,2024,4,April,1340,Steven Hernandez Jr.,42,Female,New York,689
3054957e,2024-04-11 03:00:00,389383,Home Decor,Laptop,4,300,1200,Credit Card,2024,4,April,1200,Michele Yang,51,Female,Chicago,709
864ad0a9,2024-04-11 04:00:00,7e5624,Beauty,T-Shirt,3,332,996,Debit Card,2024,4,April,996,Angela Riley,57,Male,Los Angeles,3135
67ef388d,2024-04-11 05:00:00,af8a35,Electronics,Laptop,2,76,152,Debit Card,2024,4,April,152,Jill Morgan,49,Female,Chicago,4346
3a6f4d80,2024-04-11 06:00:00,1efff5,Electronics,Laptop,3,358,1074,UPI,2024,4,April,1074,Terry Gonzalez,53,Female,Miami,1997
c0b294e7,2024-04-11 07:00:00,a47bab,Books,Novel,4,118,472,Debit Card,2024,4,April,472,Joshua Rodriguez,28,Other,Chicago,2093
570aa4a9,2024-04-11 08:00:00,deabb3,Beauty,Sofa,2,402,804,UPI,2024,4,April,804,Cody Barnes,38,Female,Houston,2671
319be8da,2024-04-11 09:00:00,00c7a0,Beauty,Sofa,4,33,132,UPI,2024,4,April,132,Steven Hernandez Jr.,42,Female,New York,689
e3067fa7,2024-04-11 10:00:00,d94e1a,Books,Novel,2,186,372,Cash,2024,4,April,372,Jennifer English,52,Male,Miami,4731
babef63d,2024-04-11 11:00:00,56b912,Beauty,Novel,4,148,592,Credit Card,2024,4,April,592,Rebecca Mann,22,Other,Miami,4839
abad932d,2024-04-11 12:00:00,13dcc8,Clothing,T-Shirt,4,287,1148,Credit Card,2024,4,April,1148,Philip Hudson,55,Male,Chicago,797
b8ab69e3,2024-04-11 13:00:00,a2a17c,Clothing,Sofa,1,167,167,Debit Card,2024,4,April,167,Troy Bond,25,Other,Houston,572
6511e5d5,2024-04-11 14:00:00,26c89a,Beauty,Laptop,3,15,45,Cash,2024,4,April,45,Jordan Brown,19,Male,Chicago,414
a3b9d697,2024-04-11 15:00:00,065958,Books,Sofa,3,287,861,Credit Card,2024,4,April,861,Kathleen Mccoy,50,Other,Los Angeles,3972
810fb04d,2024-04-11 16:00:00,550b13,Home Decor,T-Shirt,3,353,1059,UPI,2024,4,April,1059,Paul Gibson,24,Male,Houston,1204
f9cd8782,2024-04-11 17:00:00,2a7cd7,Home Decor,Laptop,4,394,1576,Cash,2024,4,April,1576,Brandon Johnson,18,Male,Miami,4670
5893e74d,2024-04-11 18:00:00,7064f8,Electronics,T-Shirt,1,271,271,Credit Card,2024,4,April,271,Evelyn Palmer,54,Male,New York,2386
338883d7,2024-04-11 19:00:00,c0b07d,Clothing,Novel,1,313,313,Cash,2024,4,April,313,Joshua Lee,62,Female,Los Angeles,2269
af558553,2024-04-11 20:00:00,6e6bc3,Electronics,Sofa,3,450,1350,UPI,2024,4,April,1350,Michael Byrd,43,Other,Miami,1971
0087c207,2024-04-11 21:00:00,62a73d,Home Decor,Lipstick,4,370,1480,Debit Card,2024,4,April,1480,Joseph Martinez,43,Male,Houston,502
e68c30cd,2024-04-11 22:00:00,1be281,Electronics,Novel,2,498,996,Cash,2024,4,April,996,Danielle Garza,60,Male,Los Angeles,3483
208fe4c2,2024-04-11 23:00:00,a7156f,Beauty,Novel,2,251,502,Debit Card,2024,4,April,502,Joshua Santos,42,Male,Miami,1428
19aaf95e,2024-04-12 00:00:00,a12651,Home Decor,Sofa,4,446,1784,UPI,2024,4,April,1784,Michael Steele,24,Male,Houston,1196
2c998e28,2024-04-12 01:00:00,20f79d,Clothing,Lipstick,1,398,398,Cash,2024,4,April,398,Daniel Kim,54,Female,Houston,2277
20639c01,2024-04-12 02:00:00,e32768,Beauty,Lipstick,3,376,1128,Debit Card,2024,4,April,1128,Terry Allen,53,Other,Chicago,3349
efd630e7,2024-04-12 03:00:00,e5e89c,Home Decor,Lipstick,2,32,64,Cash,2024,4,April,64,Jesse Downs,41,Female,Chicago,1812
10069074,2024-04-12 04:00:00,991cf9,Beauty,Novel,3,82,246,Credit Card,2024,4,April,246,Phillip Mckay,58,Male,New York,4576
41a95228,2024-04-12 05:00:00,6d82aa,Beauty,Novel,1,207,207,Debit Card,2024,4,April,207,Jose Martin,67,Other,Chicago,1753
96d213c4,2024-04-12 06:00:00,ea5046,Electronics,Sofa,1,123,123,Debit Card,2024,4,April,123,Ryan Short,35,Other,Houston,2476
bba138ac,2024-04-12 07:00:00,b0f232,Books,Lipstick,1,52,52,UPI,2024,4,April,52,Meghan Baker,19,Female,Los Angeles,3639
24e8b1a4,2024-04-12 08:00:00,d17cfd,Home Decor,Sofa,4,213,852,UPI,2024,4,April,852,Rebecca David,52,Other,Los Angeles,1950
09293c36,2024-04-12 09:00:00,14d85a,Beauty,Laptop,1,240,240,Cash,2024,4,April,240,Stephanie Barton,36,Male,New York,3560
1eab7a2e,2024-04-12 10:00:00,15ba0d,Clothing,Sofa,4,444,1776,UPI,2024,4,April,1776,Lacey Smith,69,Male,Chicago,4457
21cfcc97,2024-04-12 11:00:00,4f01a0,Clothing,T-Shirt,1,171,171,UPI,2024,4,April,171,Gwendolyn Bailey,21,Male,Chicago,3490
1e3f1062,2024-04-12 12:00:00,452346,Home Decor,Lipstick,3,190,570,UPI,2024,4,April,570,James Hartman,51,Female,Houston,1506
3e375627,2024-04-12 13:00:00,158a7f,Beauty,Sofa,3,454,1362,UPI,2024,4,April,1362,Amy Jones,22,Other,Houston,2942
0f37f9c9,2024-04-12 14:00:00,ca7942,Beauty,Lipstick,1,68,68,UPI,2024,4,April,68,Michael Smith,64,Male,New York,3320
f850c2f1,2024-04-12 15:00:00,45811b,Home Decor,T-Shirt,4,361,1444,Debit Card,2024,4,April,1444,Makayla Lewis,46,Male,Houston,4830
32c39a42,2024-04-12 16:00:00,dc88ae,Books,Laptop,1,399,399,Debit Card,2024,4,April,399,Jessica Brown,55,Male,Houston,4861
313b83c8,2024-04-12 17:00:00,181bb0,Books,Sofa,3,411,1233,UPI,2024,4,April,1233,Erica Davis DDS,45,Male,Miami,1977
d1673714,2024-04-12 18:00:00,6a2856,Books,Sofa,1,115,115,Cash,2024,4,April,115,Alexander Nelson,29,Other,New York,4426
e1e8cec3,2024-04-12 19:00:00,f0a89d,Home Decor,T-Shirt,3,219,657,Debit Card,2024,4,April,657,Natalie Nguyen,41,Male,Houston,2350
112904b5,2024-04-12 20:00:00,d10352,Books,T-Shirt,3,33,99,UPI,2024,4,April,99,Jordan Jones,43,Female,Chicago,280
d7c98e2b,2024-04-12 21:00:00,5f5fb5,Home Decor,Laptop,3,189,567,Cash,2024,4,April,567,Keith Johnson,30,Male,New York,2135
c0e237d4,2024-04-12 22:00:00,4b5844,Beauty,Lipstick,4,362,1448,Credit Card,2024,4,April,1448,Breanna Hatfield,44,Male,New York,862
11480a71,2024-04-12 23:00:00,fa6447,Books,T-Shirt,1,305,305,Debit Card,2024,4,April,305,Luis Murphy,34,Other,Chicago,1568
c9912b52,2024-04-13 00:00:00,122a5c,Electronics,Laptop,3,20,60,UPI,2024,4,April,60,Angela Butler,41,Female,New York,3838
d2555cd1,2024-04-13 01:00:00,9d4cce,Beauty,Sofa,2,196,392,Credit Card,2024,4,April,392,James Burton,65,Female,Miami,933
a6301254,2024-04-13 02:00:00,bd36a2,Books,Sofa,4,358,1432,Debit Card,2024,4,April,1432,Mrs. Wanda Rogers,53,Female,Miami,1119
765fc291,2024-04-13 03:00:00,647657,Clothing,Novel,4,187,748,Debit Card,2024,4,April,748,Raymond Perry,62,Other,Los Angeles,2857
9d4b2619,2024-04-13 04:00:00,3c6a35,Books,T-Shirt,1,456,456,Cash,2024,4,April,456,Erik Scott,68,Female,Los Angeles,1275
cbcd7045,2024-04-13 05:00:00,f4a7dd,Beauty,Sofa,4,395,1580,Debit Card,2024,4,April,1580,Larry Dorsey,33,Female,Los Angeles,3551
0e32a1e8,2024-04-13 06:00:00,4b3ab7,Electronics,Lipstick,4,232,928,Cash,2024,4,April,928,Amanda Rhodes DVM,32,Other,New York,2494
0c71ec55,2024-04-13 07:00:00,ba6084,Books,Laptop,2,293,586,Credit Card,2024,4,April,586,Annette Grant,66,Male,Miami,1275
302dfcd4,2024-04-13 08:00:00,452506,Electronics,Lipstick,4,200,800,Credit Card,2024,4,April,800,Christopher Johnson,66,Female,Los Angeles,2519
56aaafe7,2024-04-13 09:00:00,8e6541,Home Decor,T-Shirt,4,178,712,Credit Card,2024,4,April,712,Adrian Manning,62,Female,Chicago,4688
30c44352,2024-04-13 10:00:00,59fe4a,Electronics,Laptop,3,471,1413,Credit Card,2024,4,April,1413,Cynthia Guzman,26,Other,New York,4606
4cad6e17,2024-04-13 11:00:00,6f742e,Home Decor,Lipstick,4,68,272,UPI,2024,4,April,272,Beth Hutchinson,62,Other,Chicago,1100
985f3ac2,2024-04-13 12:00:00,51d319,Books,Lipstick,2,28,56,Cash,2024,4,April,56,John Holt,26,Female,New York,4996
06fe12a2,2024-04-13 13:00:00,6d2563,Home Decor,Novel,3,99,297,Cash,2024,4,April,297,Joseph Reyes,53,Female,New York,4290
ea641f28,2024-04-13 14:00:00,532e11,Home Decor,Lipstick,4,269,1076,Debit Card,2024,4,April,1076,Stephanie Wells,60,Other,Chicago,1268
928f921f,2024-04-13 15:00:00,46bd28,Home Decor,Sofa,4,378,1512,Credit Card,2024,4,April,1512,Christopher Campbell,18,Male,Miami,4066
320f8159,2024-04-13 16:00:00,13dcc8,Electronics,Sofa,4,186,744,UPI,2024,4,April,744,Philip Hudson,55,Male,Chicago,797
cd6e15ff,2024-04-13 17:00:00,e93673,Books,Laptop,3,392,1176,Debit Card,2024,4,April,1176,Mary Frye,39,Other,Houston,2364
52fcb326,2024-04-13 18:00:00,001faa,Electronics,Laptop,3,100,300,UPI,2024,4,April,300,Shirley Allen,32,Female,Houston,3500
a1220a67,2024-04-13 19:00:00,2a7cd7,Home Decor,Sofa,2,349,698,Cash,2024,4,April,698,Brandon Johnson,18,Male,Miami,4670
ac62e0fc,2024-04-13 20:00:00,afe135,Books,Novel,1,14,14,Credit Card,2024,4,April,14,Omar Adams,46,Other,Houston,1795
6efbc1ac,2024-04-13 21:00:00,6f4024,Books,Laptop,4,477,1908,Cash,2024,4,April,1908,Mark Nichols,35,Female,Los Angeles,327
f9a2cbc5,2024-04-13 22:00:00,37c8ce,Beauty,Laptop,3,481,1443,UPI,2024,4,April,1443,Tyler Sanchez,33,Female,Houston,651
c72c5b68,2024-04-13 23:00:00,e7a15f,Beauty,Novel,1,341,341,Credit Card,2024,4,April,341,Wendy Nash,33,Female,Miami,3776
3f35f5e3,2024-04-14 00:00:00,689804,Electronics,Sofa,1,108,108,Debit Card,2024,4,April,108,Nicole Hayes,23,Female,Chicago,4347
a9b29a34,2024-04-14 01:00:00,e1b97f,Clothing,Novel,2,194,388,Credit Card,2024,4,April,388,Samuel Mitchell,42,Female,Los Angeles,3039
4688a984,2024-04-14 02:00:00,1d7a65,Beauty,Lipstick,1,56,56,Debit Card,2024,4,April,56,Sharon Brown,27,Male,Houston,4968
a5e486d3,2024-04-14 03:00:00,c5df74,Beauty,Laptop,4,445,1780,Credit Card,2024,4,April,1780,Donna Bonilla,69,Other,New York,4310
3b3ba4da,2024-02-06 12:28:30,98c017,Electronics,Novel,5,73,365,Debit Card,2024,2,February,365,Michael Campbell,29,Female,Miami,3116
e4b11b8d,2024-04-11 13:46:02,98c017,Beauty,T-Shirt,4,258,1032,Cash,2024,4,April,1032,Michael Campbell,29,Female,Miami,3116
843274f8,2024-01-15 19:27:47,98c017,Clothing,Sofa,5,485,2425,Cash,2024,1,January,2425,Michael Campbell,29,Female,Miami,3116
0026745b,2024-02-21 23:48:32,ea5024,Clothing,Laptop,3,452,1356,Debit Card,2024,2,February,1356,Katherine Wood,35,Male,Houston,3176
ec6397db,2024-04-03 17:06:37,ea5024,Clothing,Sofa,4,399,1596,Debit Card,2024,4,April,1596,Katherine Wood,35,Male,Houston,3176
377df485,2024-02-24 00:07:45,8739c9,Beauty,Lipstick,3,124,372,UPI,2024,2,February,372,Mr. Tyler Mendoza,53,Other,New York,3929
5d3cd8ef,2024-03-09 20:07:55,8739c9,Beauty,T-Shirt,4,246,984,Debit Card,2024,3,March,984,Mr. Tyler Mendoza,53,Other,New York,3929
82ee52f1,2024-03-21 20:49:10,8739c9,Books,T-Shirt,3,372,1116,UPI,2024,3,March,1116,Mr. Tyler Mendoza,53,Other,New York,3929
b9d3639c,2024-02-07 20:43:58,2f397f,Home Decor,Laptop,1,91,91,UPI,2024,2,February,91,Joyce Gross,65,Male,New York,3314
085c659e,2024-03-14 16:32:15,2f397f,Books,Novel,4,79,316,Debit Card,2024,3,March,316,Joyce Gross,65,Male,New York,3314
4215a948,2024-01-08 01:41:07,2f397f,Electronics,Sofa,5,397,1985,Debit Card,2024,1,January,1985,Joyce Gross,65,Male,New York,3314
ce62627e,2024-02-20 21:34:53,e21595,Clothing,Lipstick,4,53,212,Debit Card,2024,2,February,212,Sandra Collins,36,Male,Houston,2777
121c1059,2024-03-26 17:35:37,e21595,Beauty,T-Shirt,4,61,244,Debit Card,2024,3,March,244,Sandra Collins,36,Male,Houston,2777
c030fb5e,2024-01-26 02:43:50,e21595,Books,Novel,1,88,88,UPI,2024,1,January,88,Sandra Collins,36,Male,Houston,2777
28132cbe,2024-02-06 17:04:50,e11cbc,Electronics,Novel,1,379,379,Debit Card,2024,2,February,379,Jeffrey Calhoun,49,Male,Chicago,1693
6672962c,2024-01-14 22:08:41,e11cbc,Electronics,T-Shirt,4,334,1336,UPI,2024,1,January,1336,Jeffrey Calhoun,49,Male,Chicago,1693
5253ee27,2024-01-12 01:58:07,bafce5,Beauty,Novel,2,288,576,Debit Card,2024,1,January,576,John Williams,45,Other,Chicago,420
32e82be3,2024-04-05 04:38:39,bafce5,Books,Sofa,1,61,61,Cash,2024,4,April,61,John Williams,45,Other,Chicago,420
a44d1948,2024-02-13 12:11:57,a4de02,Beauty,Sofa,3,421,1263,Debit Card,2024,2,February,1263,Jonathan Hayes,68,Female,Chicago,1692
7c372e17,2024-03-19 09:57:51,a4de02,Clothing,T-Shirt,3,234,702,Credit Card,2024,3,March,702,Jonathan Hayes,68,Female,Chicago,1692
d649cfa6,2024-04-07 18:57:24,a4de02,Books,Lipstick,1,139,139,Cash,2024,4,April,139,Jonathan Hayes,68,Female,Chicago,1692
498a1f6f,2024-03-14 01:31:07,f85bc2,Clothing,Lipstick,3,237,711,Credit Card,2024,3,March,711,Gabriel Wong,47,Female,Los Angeles,4544
90ab1d6d,2024-02-11 22:45:40,f85bc2,Home Decor,T-Shirt,3,301,903,UPI,2024,2,February,903,Gabriel Wong,47,Female,Los Angeles,4544
f21ad94c,2024-04-01 00:32:14,631a95,Beauty,Lipstick,1,381,381,Credit Card,2024,4,April,381,Franklin Johnson,41,Male,Houston,1328
526c09a4,2024-01-26 16:06:37,631a95,Clothing,Sofa,2,314,628,Cash,2024,1,January,628,Franklin Johnson,41,Male,Houston,1328
354e1990,2024-02-06 20:07:32,110ef6,Beauty,Sofa,1,176,176,Credit Card,2024,2,February,176,Mark Jenkins,40,Female,Los Angeles,2038
0dff0b8b,2024-03-26 18:01:48,110ef6,Electronics,Laptop,3,325,975,Debit Card,2024,3,March,975,Mark Jenkins,40,Female,Los Angeles,2038
9378034e,2024-03-29 01:25:54,b6893f,Clothing,Sofa,2,441,882,Cash,2024,3,March,882,Daniel Cross,41,Other,New York,4450
4db306a2,2024-02-01 05:50:32,b6893f,Beauty,Sofa,1,447,447,Credit Card,2024,2,February,447,Daniel Cross,41,Other,New York,4450
851605f9,2024-03-29 23:42:20,acd031,Home Decor,Sofa,3,153,459,Debit Card,2024,3,March,459,Mario Mcdonald,45,Male,New York,3019
f54faf0d,2024-01-10 02:12:45,acd031,Electronics,Sofa,4,77,308,Credit Card,2024,1,January,308,Mario Mcdonald,45,Male,New York,3019
c6f92b8c,2024-04-11 23:25:24,acd031,Beauty,Novel,4,268,1072,Debit Card,2024,4,April,1072,Mario Mcdonald,45,Male,New York,3019
d9ac9d63,2024-04-05 02:27:41,cf5388,Electronics,Sofa,2,460,920,Cash,2024,4,April,920,Stephen Smith,33,Female,Chicago,4892
8bfbd474,2024-01-17 21:08:17,cf5388,Electronics,T-Shirt,1,84,84,Cash,2024,1,January,84,Stephen Smith,33,Female,Chicago,4892
d49b44e8,2024-01-02 03:47:03,cf5388,Clothing,Sofa,2,109,218,Debit Card,2024,1,January,218,Stephen Smith,33,Female,Chicago,4892
8788600a,2024-01-02 13:58:15,3c694f,Electronics,Novel,4,157,628,Debit Card,2024,1,January,628,Jonathan Kim,56,Female,Los Angeles,3322
71fa7ec4,2024-03-05 13:21:55,3c694f,Home Decor,Lipstick,3,401,1203,UPI,2024,3,March,1203,Jonathan Kim,56,Female,Los Angeles,3322
65e3ebf7,2024-02-06 12:21:30,995c47,Books,Novel,3,363,1089,Debit Card,2024,2,February,1089,Natalie Krause,55,Other,Los Angeles,4029
c24829db,2024-01-18 23:48:45,995c47,Electronics,Novel,4,337,1348,Credit Card,2024,1,January,1348,Natalie Krause,55,Other,Los Angeles,4029
a317ab0e,2024-01-04 01:42:27,995c47,Home Decor,Novel,3,420,1260,UPI,2024,1,January,1260,Natalie Krause,55,Other,Los Angeles,4029
4719363c,2024-03-06 07:14:30,5fa418,Books,Novel,3,361,1083,Cash,2024,3,March,1083,Kevin Kelly,20,Female,Miami,212
fc01e3b0,2024-03-07 22:48:24,5fa418,Electronics,Laptop,4,164,656,Cash,2024,3,March,656,Kevin Kelly,20,Female,Miami,212
76aeb9c6,2024-04-02 11:34:03,5fa418,Electronics,T-Shirt,5,228,1140,UPI,2024,4,April,1140,Kevin Kelly,20,Female,Miami,212
cffbb34b,2024-01-19 05:07:57,3dd337,Books,Novel,4,359,1436,Cash,2024,1,January,1436,Donna Brown,43,Other,Los Angeles,899
54c186e2,2024-01-31 04:47:28,3dd337,Home Decor,Lipstick,1,78,78,UPI,2024,1,January,78,Donna Brown,43,Other,Los Angeles,899
157819d2,2024-04-03 23:55:56,3dd337,Beauty,Novel,3,375,1125,Cash,2024,4,April,1125,Donna Brown,43,Other,Los Angeles,899
2755f288,2024-02-08 23:36:22,0f1d91,Books,Novel,2,122,244,Credit Card,2024,2,February,244,Christina Kelly,56,Male,Los Angeles,3367
2e2bc639,2024-03-19 16:29:54,0f1d91,Electronics,Novel,1,397,397,Cash,2024,3,March,397,Christina Kelly,56,Male,Los Angeles,3367
499adc3d,2024-02-26 13:01:12,e5c3ec,Beauty,Novel,4,203,812,Credit Card,2024,2,February,812,Vickie Horton,23,Male,Los Angeles,401
94c6a8bd,2024-03-04 10:56:38,e5c3ec,Books,Lipstick,2,319,638,UPI,2024,3,March,638,Vickie Horton,23,Male,Los Angeles,401
bdeb1b5c,2024-01-05 03:20:56,63ba0e,Clothing,Novel,1,259,259,Credit Card,2024,1,January,259,Heidi Guerra,33,Female,Houston,516
f62335d8,2024-04-13 18:54:35,63ba0e,Clothing,T-Shirt,3,346,1038,UPI,2024,4,April,1038,Heidi Guerra,33,Female,Houston,516
b8365934,2024-04-06 02:25:06,63ba0e,Beauty,Sofa,5,165,825,UPI,2024,4,April,825,Heidi Guerra,33,Female,Houston,516
424e6fe3,2024-01-15 19:45:18,02164a,Beauty,Lipstick,4,406,1624,UPI,2024,1,January,1624,Jason Hansen,44,Female,New York,2246
a1171c9b,2024-02-16 17:30:36,02164a,Electronics,Sofa,4,169,676,Debit Card,2024,2,February,676,Jason Hansen,44,Female,New York,2246
a8645952,2024-04-09 13:34:23,02164a,Clothing,Sofa,2,75,150,Debit Card,2024,4,April,150,Jason Hansen,44,Female,New York,2246
ab68c11f,2024-01-31 04:35:05,2ef2e9,Beauty,Novel,2,500,1000,Debit Card,2024,1,January,1000,Patrick Price,63,Female,Miami,4592
120b9f9b,2024-01-10 21:11:36,2ef2e9,Beauty,T-Shirt,1,421,421,Cash,2024,1,January,421,Patrick Price,63,Female,Miami,4592
d649e3af,2024-03-26 07:15:08,2ef2e9,Beauty,Sofa,4,372,1488,Debit Card,2024,3,March,1488,Patrick Price,63,Female,Miami,4592
4a893259,2024-03-22 23:24:18,887443,Electronics,Novel,1,252,252,Debit Card,2024,3,March,252,Austin Terry,38,Male,Miami,3729
baa61733,2024-01-19 12:06:44,887443,Books,Novel,1,272,272,Debit Card,2024,1,January,272,Austin Terry,38,Male,Miami,3729
56146fed,2024-03-10 01:57:07,4b0d6a,Beauty,Lipstick,1,487,487,Debit Card,2024,3,March,487,Kimberly White,62,Other,Houston,4773
b1fa1ef9,2024-03-21 01:55:44,4b0d6a,Clothing,Lipstick,5,125,625,UPI,2024,3,March,625,Kimberly White,62,Other,Houston,4773
73c2cc39,2024-01-04 00:45:57,4b0d6a,Books,Laptop,1,260,260,Credit Card,2024,1,January,260,Kimberly White,62,Other,Houston,4773
fc752c15,2024-03-16 10:46:53,00eab1,Clothing,Laptop,2,250,500,UPI,2024,3,March,500,Samantha Jones,62,Other,Chicago,436
d450f6c4,2024-02-25 12:27:25,00eab1,Home Decor,Sofa,5,264,1320,Credit Card,2024,2,February,1320,Samantha Jones,62,Other,Chicago,436
8003b465,2024-01-31 12:00:58,00eab1,Electronics,T-Shirt,1,69,69,UPI,2024,1,January,69,Samantha Jones,62,Other,Chicago,436
c2eb8397,2024-02-14 04:07:40,48a7b4,Clothing,Lipstick,4,121,484,Credit Card,2024,2,February,484,Rodney Carey,26,Female,Miami,1778
1f106080,2024-04-07 13:09:42,48a7b4,Beauty,Lipstick,2,321,642,Credit Card,2024,4,April,642,Rodney Carey,26,Female,Miami,1778
982c518e,2024-01-17 21:20:35,48a7b4,Books,Novel,4,188,752,Cash,2024,1,January,752,Rodney Carey,26,Female,Miami,1778
45c9cb7a,2024-01-07 18:05:28,9bcca4,Clothing,Sofa,4,196,784,Debit Card,2024,1,January,784,Stephen Russell,48,Female,Houston,2823
8987b4fc,2024-03-31 11:22:12,9bcca4,Electronics,Novel,5,377,1885,Credit Card,2024,3,March,1885,Stephen Russell,48,Female,Houston,2823
d2498065,2024-01-30 18:50:25,34c489,Clothing,T-Shirt,2,133,266,Debit Card,2024,1,January,266,Matthew Trevino,54,Female,New York,2119
8da53498,2024-03-13 10:41:48,34c489,Beauty,Sofa,2,238,476,Cash,2024,3,March,476,Matthew Trevino,54,Female,New York,2119
68e075c6,2024-01-17 20:25:11,da598a,Clothing,Sofa,3,151,453,Debit Card,2024,1,January,453,Brianna Lopez,32,Female,Houston,3123
8a6a3037,2024-02-22 05:00:39,da598a,Electronics,Lipstick,1,295,295,Debit Card,2024,2,February,295,Brianna Lopez,32,Female,Houston,3123
26c20fd6,2024-01-13 08:09:09,da598a,Books,Laptop,4,151,604,Debit Card,2024,1,January,604,Brianna Lopez,32,Female,Houston,3123
285a5303,2024-04-10 02:04:21,fe00ab,Electronics,T-Shirt,5,393,1965,UPI,2024,4,April,1965,Tracy Boyd,35,Female,New York,2430
0b440614,2024-02-26 14:44:27,fe00ab,Clothing,Novel,3,487,1461,Cash,2024,2,February,1461,Tracy Boyd,35,Female,New York,2430
f77a8497,2024-03-30 21:01:03,cd76b8,Electronics,Laptop,2,355,710,Credit Card,2024,3,March,710,Christopher Cooper,50,Male,Miami,1306
100086a7,2024-03-07 13:53:38,cd76b8,Clothing,Sofa,4,465,1860,Debit Card,2024,3,March,1860,Christopher Cooper,50,Male,Miami,1306
ff1b3e23,2024-03-14 22:38:30,cd76b8,Beauty,Novel,2,401,802,UPI,2024,3,March,802,Christopher Cooper,50,Male,Miami,1306
7cf659c8,2024-01-18 07:38:32,057d26,Beauty,Laptop,3,297,891,UPI,2024,1,January,891,Nicholas Dillon,29,Female,Los Angeles,2874
6f322ab0,2024-03-08 12:13:46,057d26,Electronics,T-Shirt,4,62,248,Cash,2024,3,March,248,Nicholas Dillon,29,Female,Los Angeles,2874
9c2f0452,2024-01-14 17:48:00,057d26,Clothing,T-Shirt,5,127,635,Debit Card,2024,1,January,635,Nicholas Dillon,29,Female,Los Angeles,2874
c6f29a76,2024-02-26 00:30:06,66db05,Electronics,Novel,4,275,1100,UPI,2024,2,February,1100,Melissa Hernandez,41,Female,Los Angeles,2325
26c02a91,2024-03-15 16:31:48,66db05,Beauty,Lipstick,1,166,166,Cash,2024,3,March,166,Melissa Hernandez,41,Female,Los Angeles,2325
7081dffa,2024-04-02 23:18:20,7512bb,Clothing,Lipstick,5,472,2360,Debit Card,2024,4,April,2360,Jessica Dawson,66,Male,Los Angeles,1017
a842f2f1,2024-02-20 09:59:37,7512bb,Beauty,Novel,3,406,1218,Credit Card,2024,2,February,1218,Jessica Dawson,66,Male,Los Angeles,1017
4ac025c2,2024-02-19 03:17:53,d1646b,Home Decor,T-Shirt,3,177,531,Debit Card,2024,2,February,531,Dakota Jimenez,36,Other,Miami,3983
19e99af0,2024-03-22 23:13:56,d1646b,Clothing,Sofa,2,176,352,Credit Card,2024,3,March,352,Dakota Jimenez,36,Other,Miami,3983
f156b152,2024-03-02 20:29:05,d1646b,Home Decor,Novel,3,70,210,Credit Card,2024,3,March,210,Dakota Jimenez,36,Other,Miami,3983
063c9432,2024-01-22 07:51:50,01e50d,Electronics,T-Shirt,2,439,878,Cash,2024,1,January,878,Julie Lynch,43,Male,Houston,3554
5828346b,2024-02-27 08:26:53,01e50d,Home Decor,Sofa,2,89,178,Cash,2024,2,February,178,Julie Lynch,43,Male,Houston,3554
55cdfa90,2024-03-29 04:56:58,01e50d,Beauty,T-Shirt,4,69,276,Cash,2024,3,March,276,Julie Lynch,43,Male,Houston,3554
4610a9a5,2024-01-15 23:15:28,74127e,Beauty,Laptop,2,491,982,Debit Card,2024,1,January,982,Pamela Hill,36,Male,New York,1876
8661b945,2024-01-10 15:18:27,74127e,Books,Sofa,4,140,560,UPI,2024,1,January,560,Pamela Hill,36,Male,New York,1876
c01d45b6,2024-04-05 16:10:16,f51987,Books,T-Shirt,5,175,875,Cash,2024,4,April,875,Garrett Johns,63,Male,Los Angeles,4269
fcea1956,2024-03-07 20:54:41,f51987,Beauty,Novel,3,321,963,UPI,2024,3,March,963,Garrett Johns,63,Male,Los Angeles,4269
19fb1dd8,2024-02-05 12:00:17,f51987,Electronics,Lipstick,1,486,486,Credit Card,2024,2,February,486,Garrett Johns,63,Male,Los Angeles,4269
552740a0,2024-04-12 21:04:04,c57065,Home Decor,Laptop,1,298,298,Cash,2024,4,April,298,Rebecca Cline,19,Male,Miami,2097
8fcfd3b8,2024-03-05 10:34:04,c57065,Beauty,T-Shirt,4,64,256,UPI,2024,3,March,256,Rebecca Cline,19,Male,Miami,2097
abd8be72,2024-03-26 03:55:18,c57065,Clothing,Sofa,2,109,218,Cash,2024,3,March,218,Rebecca Cline,19,Male,Miami,2097
9e360fa5,2024-03-26 23:55:06,8aab90,Electronics,Laptop,2,299,598,Cash,2024,3,March,598,Charles Scott,51,Male,Chicago,3175
f34cb6aa,2024-02-22 14:43:09,8aab90,Home Decor,T-Shirt,5,408,2040,Credit Card,2024,2,February,2040,Charles Scott,51,Male,Chicago,3175
409c9ee9,2024-01-19 20:15:08,667393,Clothing,Sofa,5,428,2140,Cash,2024,1,January,2140,Rachel Schaefer,23,Male,New York,4111
5c17f299,2024-01-24 16:24:06,667393,Electronics,Lipstick,4,151,604,Credit Card,2024,1,January,604,Rachel Schaefer,23,Male,New York,4111
ffaaf52a,2024-03-06 02:39:47,81183e,Books,Laptop,1,269,269,UPI,2024,3,March,269,Olivia White,54,Other,Los Angeles,2786
2f435570,2024-01-23 04:53:16,81183e,Books,Sofa,3,78,234,Credit Card,2024,1,January,234,Olivia White,54,Other,Los Angeles,2786
10f69ace,2024-04-05 09:43:18,f378a4,Books,Lipstick,5,348,1740,UPI,2024,4,April,1740,Donna Anderson,18,Other,Los Angeles,1328
cb8d7825,2024-02-11 14:24:55,f378a4,Electronics,Sofa,2,253,506,UPI,2024,2,February,506,Donna Anderson,18,Other,Los Angeles,1328
3c864066,2024-02-04 21:37:59,8f4bf4,Books,Laptop,3,256,768,UPI,2024,2,February,768,Kimberly Nguyen,23,Female,Miami,4336
f9eaa726,2024-01-07 18:43:45,8f4bf4,Electronics,Novel,2,264,528,Debit Card,2024,1,January,528,Kimberly Nguyen,23,Female,Miami,4336
2311769f,2024-04-12 06:17:06,8f4bf4,Books,Laptop,3,401,1203,Cash,2024,4,April,1203,Kimberly Nguyen,23,Female,Miami,4336
7abb3f59,2024-03-16 01:55:24,08107d,Books,Novel,5,284,1420,Debit Card,2024,3,March,1420,Cassandra Nichols,20,Other,Miami,2308
2d4f72ca,2024-03-29 10:12:40,08107d,Home Decor,Laptop,4,406,1624,Cash,2024,3,March,1624,Cassandra Nichols,20,Other,Miami,2308
2d0495ae,2024-04-13 12:13:38,005735,Home Decor,Laptop,5,269,1345,Cash,2024,4,April,1345,Aaron Barnes,35,Male,Chicago,310
bcc27097,2024-01-01 19:16:25,005735,Beauty,Lipstick,3,191,573,UPI,2024,1,January,573,Aaron Barnes,35,Male,Chicago,310
2d4c9234,2024-03-11 15:06:41,e5faed,Electronics,Laptop,4,250,1000,UPI,2024,3,March,1000,Melissa Delgado,21,Male,Los Angeles,3993
5b941ff0,2024-01-11 13:06:30,e5faed,Electronics,T-Shirt,2,478,956,Debit Card,2024,1,January,956,Melissa Delgado,21,Male,Los Angeles,3993
d08c8cbf,2024-03-05 01:42:37,e5faed,Electronics,Laptop,3,442,1326,Debit Card,2024,3,March,1326,Melissa Delgado,21,Male,Los Angeles,3993
ab4e39af,2024-03-26 02:29:03,1280be,Electronics,Lipstick,4,78,312,Debit Card,2024,3,March,312,Angela Sanford,38,Female,Chicago,1767
37fe4646,2024-03-18 03:26:35,1280be,Beauty,Laptop,5,314,1570,Debit Card,2024,3,March,1570,Angela Sanford,38,Female,Chicago,1767
cda78232,2024-03-05 12:53:34,2190c2,Clothing,Laptop,4,206,824,Debit Card,2024,3,March,824,Lisa Kline,49,Male,New York,899
4b4e12a6,2024-01-27 05:08:23,2190c2,Electronics,Laptop,3,357,1071,Credit Card,2024,1,January,1071,Lisa Kline,49,Male,New York,899
52fdb9cf,2024-04-09 01:38:41,f977b5,Beauty,Novel,5,209,1045,Credit Card,2024,4,April,1045,Courtney Taylor,60,Male,Houston,4690
45034ff8,2024-01-06 05:21:07,f977b5,Electronics,Laptop,2,265,530,Debit Card,2024,1,January,530,Courtney Taylor,60,Male,Houston,4690
617a33af,2024-03-20 18:35:41,f977b5,Books,T-Shirt,2,326,652,UPI,2024,3,March,652,Courtney Taylor,60,Male,Houston,4690
2200dda6,2024-04-06 13:25:30,84b0db,Books,Novel,5,301,1505,UPI,2024,4,April,1505,Sandra Peck,61,Female,Houston,2086
c6887c4c,2024-03-08 11:00:38,84b0db,Books,Sofa,5,287,1435,UPI,2024,3,March,1435,Sandra Peck,61,Female,Houston,2086
10693dff,2024-01-12 16:26:23,84b0db,Books,Novel,2,335,670,Credit Card,2024,1,January,670,Sandra Peck,61,Female,Houston,2086
ea03bc9e,2024-01-04 03:35:11,22d979,Clothing,Novel,1,81,81,Debit Card,2024,1,January,81,Jordan Martin,18,Male,New York,2141
988c380b,2024-03-19 02:24:37,22d979,Home Decor,Novel,5,54,270,Cash,2024,3,March,270,Jordan Martin,18,Male,New York,2141
0d56a966,2024-01-24 13:51:00,6cd596,Books,Laptop,1,100,100,Cash,2024,1,January,100,April Riggs,37,Female,Miami,1344
9d8cbdae,2024-01-17 11:20:49,6cd596,Clothing,T-Shirt,5,215,1075,Cash,2024,1,January,1075,April Riggs,37,Female,Miami,1344
6144605a,2024-01-12 23:07:47,52320c,Books,Lipstick,2,424,848,UPI,2024,1,January,848,Ryan Gonzalez,23,Male,Houston,2640
14085d79,2024-03-04 21:05:26,52320c,Home Decor,T-Shirt,3,451,1353,Debit Card,2024,3,March,1353,Ryan Gonzalez,23,Male,Houston,2640
4c741377,2024-03-10 04:50:49,5f286e,Books,Lipstick,5,258,1290,Credit Card,2024,3,March,1290,Crystal Maldonado,38,Other,Houston,1217
6db0b7f4,2024-02-12 07:09:12,5f286e,Clothing,T-Shirt,2,356,712,Debit Card,2024,2,February,712,Crystal Maldonado,38,Other,Houston,1217
5af7136b,2024-03-15 03:58:29,5f286e,Clothing,Novel,4,477,1908,Credit Card,2024,3,March,1908,Crystal Maldonado,38,Other,Houston,1217
ea4380b0,2024-01-31 19:33:21,8a6e45,Books,Laptop,4,256,1024,Debit Card,2024,1,January,1024,Connie Franklin,31,Female,Houston,1246
8cdbfa51,2024-03-25 01:14:31,8a6e45,Electronics,T-Shirt,1,99,99,Cash,2024,3,March,99,Connie Franklin,31,Female,Houston,1246
8540d601,2024-02-08 16:11:26,9121d5,Books,Novel,1,236,236,Debit Card,2024,2,February,236,Ryan Skinner,62,Other,Miami,3496
640717ca,2024-01-07 19:29:01,9121d5,Electronics,Sofa,4,390,1560,Debit Card,2024,1,January,1560,Ryan Skinner,62,Other,Miami,3496
2fb282ab,2024-01-14 05:47:30,917bf9,Home Decor,Lipstick,1,396,396,Cash,2024,1,January,396,Brian Richmond,22,Female,Houston,4227
2a6c9f2a,2024-03-29 12:52:52,917bf9,Home Decor,Sofa,2,73,146,Cash,2024,3,March,146,Brian Richmond,22,Female,Houston,4227
2bd44278,2024-02-26 16:36:24,ddbad0,Home Decor,Laptop,4,386,1544,Debit Card,2024,2,February,1544,Anthony Anderson,21,Female,New York,2277
72c1a5b1,2024-03-15 19:00:05,ddbad0,Beauty,Laptop,2,225,450,Cash,2024,3,March,450,Anthony Anderson,21,Female,New York,2277
26696093,2024-02-17 18:59:09,ddbad0,Home Decor,Lipstick,1,358,358,UPI,2024,2,February,358,Anthony Anderson,21,Female,New York,2277
a60b367d,2024-02-03 18:43:30,2e30b5,Clothing,Lipstick,4,110,440,Debit Card,2024,2,February,440,Dr. Ronald Montgomery,34,Female,Chicago,4457
8b0672ae,2024-03-18 15:31:32,2e30b5,Beauty,Lipstick,4,326,1304,Debit Card,2024,3,March,1304,Dr. Ronald Montgomery,34,Female,Chicago,4457
507ebac5,2024-02-01 23:49:58,2e30b5,Home Decor,Sofa,5,316,1580,UPI,2024,2,February,1580,Dr. Ronald Montgomery,34,Female,Chicago,4457
0a942eea,2024-01-27 08:10:49,61d485,Clothing,Novel,2,224,448,Credit Card,2024,1,January,448,John Green,60,Other,New York,1608
74811dd3,2024-03-24 09:56:38,61d485,Home Decor,Lipstick,1,424,424,UPI,2024,3,March,424,John Green,60,Other,New York,1608
cc5a4e09,2024-01-28 03:27:09,243f7a,Electronics,Novel,1,460,460,UPI,2024,1,January,460,Samantha Shelton,66,Other,Chicago,2440
efc50466,2024-03-26 16:14:33,243f7a,Home Decor,Lipstick,3,230,690,Cash,2024,3,March,690,Samantha Shelton,66,Other,Chicago,2440
b0ef9b8f,2024-03-12 05:27:58,243f7a,Home Decor,Sofa,5,224,1120,Cash,2024,3,March,1120,Samantha Shelton,66,Other,Chicago,2440
814d96b2,2024-01-23 12:06:39,760701,Books,Laptop,1,207,207,Cash,2024,1,January,207,Adrian Carlson,26,Male,Los Angeles,3985
6ff12329,2024-01-31 12:31:36,760701,Electronics,Sofa,5,447,2235,Debit Card,2024,1,January,2235,Adrian Carlson,26,Male,Los Angeles,3985
46764120,2024-01-14 15:23:02,760701,Beauty,Laptop,1,183,183,Credit Card,2024,1,January,183,Adrian Carlson,26,Male,Los Angeles,3985
0335482d,2024-02-09 14:43:44,0fe502,Books,Lipstick,4,489,1956,Debit Card,2024,2,February,1956,Erika Manning,52,Other,New York,546
43f6c8b6,2024-01-28 18:29:31,0fe502,Home Decor,T-Shirt,4,63,252,UPI,2024,1,January,252,Erika Manning,52,Other,New York,546
59bac301,2024-01-01 15:37:51,0fe502,Home Decor,Lipstick,5,432,2160,Credit Card,2024,1,January,2160,Erika Manning,52,Other,New York,546
f7576e1a,2024-04-11 07:57:02,87150e,Electronics,T-Shirt,5,272,1360,Cash,2024,4,April,1360,Jeffrey Schwartz,39,Male,New York,1130
584a86a8,2024-02-14 17:43:40,87150e,Electronics,Lipstick,2,199,398,UPI,2024,2,February,398,Jeffrey Schwartz,39,Male,New York,1130
e3984e4b,2024-03-26 16:26:35,87150e,Books,Sofa,1,213,213,Credit Card,2024,3,March,213,Jeffrey Schwartz,39,Male,New York,1130
ea898cfc,2024-03-26 11:17:08,ff2606,Home Decor,Laptop,2,487,974,Cash,2024,3,March,974,Roy Clark,64,Male,New York,2599
30a37806,2024-01-03 01:48:56,ff2606,Books,Lipstick,5,438,2190,Debit Card,2024,1,January,2190,Roy Clark,64,Male,New York,2599
66a5ff20,2024-02-22 18:22:17,ff2606,Beauty,Novel,1,336,336,UPI,2024,2,February,336,Roy Clark,64,Male,New York,2599
a7c85c23,2024-01-10 19:09:16,dbc688,Clothing,Sofa,3,164,492,Credit Card,2024,1,January,492,Sarah Castaneda,41,Female,Los Angeles,3938
47c6954c,2024-03-26 12:49:17,dbc688,Beauty,T-Shirt,1,247,247,Credit Card,2024,3,March,247,Sarah Castaneda,41,Female,Los Angeles,3938
e8f6f90c,2024-03-17 09:12:45,dbc688,Home Decor,Lipstick,5,359,1795,Cash,2024,3,March,1795,Sarah Castaneda,41,Female,Los Angeles,3938
370403bb,2024-01-24 13:38:53,eb72c0,Beauty,Laptop,2,363,726,UPI,2024,1,January,726,Stephen Duncan,40,Other,Los Angeles,4206
a5e53436,2024-01-31 10:55:44,eb72c0,Beauty,Sofa,2,396,792,Credit Card,2024,1,January,792,Stephen Duncan,40,Other,Los Angeles,4206
2be367ab,2024-04-06 05:18:18,eb72c0,Beauty,T-Shirt,3,339,1017,Credit Card,2024,4,April,1017,Stephen Duncan,40,Other,Los Angeles,4206
6bd27a19,2024-01-07 22:31:22,38bb13,Home Decor,Lipstick,3,335,1005,Cash,2024,1,January,1005,Todd Morris,69,Other,Los Angeles,4495
0191d776,2024-04-08 08:05:22,38bb13,Beauty,Novel,4,292,1168,Cash,2024,4,April,1168,Todd Morris,69,Other,Los Angeles,4495
ccaf82ec,2024-02-16 19:01:48,51b2ac,Beauty,Novel,4,351,1404,UPI,2024,2,February,1404,Meghan Johnson,21,Other,New York,1557
39975960,2024-03-10 17:03:21,51b2ac,Beauty,Novel,3,67,201,UPI,2024,3,March,201,Meghan Johnson,21,Other,New York,1557
55bf3af3,2024-02-03 05:13:39,51b2ac,Electronics,Novel,3,374,1122,UPI,2024,2,February,1122,Meghan Johnson,21,Other,New York,1557
0ef7d9e4,2024-01-11 09:15:09,605d62,Electronics,Laptop,3,243,729,Credit Card,2024,1,January,729,Jill Allison,19,Female,New York,1526
64a9efa0,2024-02-25 03:03:19,605d62,Home Decor,T-Shirt,4,126,504,UPI,2024,2,February,504,Jill Allison,19,Female,New York,1526
52039b44,2024-03-27 19:26:48,605d62,Electronics,Novel,1,299,299,Cash,2024,3,March,299,Jill Allison,19,Female,New York,1526
1fdf4188,2024-01-28 23:59:29,47c718,Electronics,T-Shirt,2,268,536,UPI,2024,1,January,536,Jacob Hall,48,Other,New York,1630
3e7ddc5b,2024-01-11 18:38:34,47c718,Clothing,Lipstick,5,147,735,Credit Card,2024,1,January,735,Jacob Hall,48,Other,New York,1630
db76cf96,2024-02-18 11:06:31,47c718,Electronics,T-Shirt,3,158,474,Credit Card,2024,2,February,474,Jacob Hall,48,Other,New York,1630
b9607a4b,2024-03-31 05:22:00,74d3d7,Books,Laptop,1,279,279,Debit Card,2024,3,March,279,Amanda Johnson,35,Female,Chicago,1558
4a843302,2024-01-17 11:52:05,74d3d7,Home Decor,T-Shirt,1,133,133,Cash,2024,1,January,133,Amanda Johnson,35,Female,Chicago,1558
ca7a99fd,2024-03-24 11:22:17,74d3d7,Home Decor,T-Shirt,5,403,2015,Cash,2024,3,March,2015,Amanda Johnson,35,Female,Chicago,1558
d3b1de35,2024-04-05 19:04:17,54d4d0,Clothing,Laptop,5,472,2360,Credit Card,2024,4,April,2360,Stacy Payne,26,Other,New York,248
c132780c,2024-02-24 08:34:51,54d4d0,Beauty,Sofa,3,235,705,Cash,2024,2,February,705,Stacy Payne,26,Other,New York,248
b0c5143d,2024-02-05 13:19:54,54d4d0,Clothing,Laptop,4,272,1088,Cash,2024,2,February,1088,Stacy Payne,26,Other,New York,248
b9c978f7,2024-01-02 22:58:57,6d51c9,Clothing,T-Shirt,5,156,780,Cash,2024,1,January,780,James Banks,25,Other,Houston,1083
92eba96c,2024-03-22 10:41:54,6d51c9,Clothing,T-Shirt,4,404,1616,Cash,2024,3,March,1616,James Banks,25,Other,Houston,1083
6ceb74a0,2024-02-11 10:29:56,76b638,Electronics,T-Shirt,3,292,876,Debit Card,2024,2,February,876,Nicholas Phillips,36,Male,Houston,193
aa061bff,2024-03-15 01:42:18,76b638,Electronics,Lipstick,3,458,1374,UPI,2024,3,March,1374,Nicholas Phillips,36,Male,Houston,193
eda96fa4,2024-01-18 02:28:04,76b638,Electronics,Laptop,1,260,260,Credit Card,2024,1,January,260,Nicholas Phillips,36,Male,Houston,193
57068398,2024-02-03 22:34:44,e0d8ef,Electronics,Novel,2,156,312,UPI,2024,2,February,312,Sandra Allen,67,Male,Miami,1879
5d95a0d6,2024-04-04 15:03:20,e0d8ef,Electronics,T-Shirt,5,231,1155,Credit Card,2024,4,April,1155,Sandra Allen,67,Male,Miami,1879
0e7302ea,2024-02-17 23:15:47,e0d8ef,Beauty,Novel,1,203,203,Debit Card,2024,2,February,203,Sandra Allen,67,Male,Miami,1879
9df927c6,2024-04-02 15:39:52,69e501,Electronics,Novel,2,206,412,Debit Card,2024,4,April,412,Alice Stone,55,Other,Houston,421
37845c95,2024-03-23 00:56:08,69e501,Books,Lipstick,4,379,1516,Debit Card,2024,3,March,1516,Alice Stone,55,Other,Houston,421
085bb6f4,2024-02-16 12:39:55,69e501,Clothing,T-Shirt,5,193,965,UPI,2024,2,February,965,Alice Stone,55,Other,Houston,421
30e9cd02,2024-03-21 05:31:31,8c9b40,Electronics,Sofa,4,389,1556,Credit Card,2024,3,March,1556,Sara Everett,27,Female,Chicago,2790
54613054,2024-01-27 13:17:32,8c9b40,Electronics,Novel,3,388,1164,Cash,2024,1,January,1164,Sara Everett,27,Female,Chicago,2790
