Transaction_ID,Date,Customer_ID,Product_Category,Product_Name,Quantity,Unit_Price,Total_Amount,Payment_Method,Year,Month,Month_Name,Revenue
f3daa723,2024-01-01 00:00:00,0583d6,Clothing,Sofa,4,412,1648,Credit Card,2024,1,January,1648
9e5061b5,2024-01-01 01:00:00,4c0f1b,Home Decor,Novel,3,201,603,Cash,2024,1,January,603
a5da9276,2024-01-01 02:00:00,00b49a,Home Decor,T-Shirt,1,480,480,Credit Card,2024,1,January,480
b72e138c,2024-01-01 03:00:00,e093b6,Books,Laptop,2,16,32,Credit Card,2024,1,January,32
c6010e46,2024-01-01 04:00:00,7c817c,Home Decor,Laptop,4,342,1368,Debit Card,2024,1,January,1368
5900ce5a,2024-01-01 05:00:00,aaeb81,Books,T-Shirt,2,292,584,Credit Card,2024,1,January,584
ae1911cf,2024-01-01 06:00:00,b1a4f4,Beauty,T-Shirt,3,52,156,Credit Card,2024,1,January,156
19900f1a,2024-01-01 07:00:00,4ddebc,Books,Laptop,3,123,369,Cash,2024,1,January,369
6bb7a05a,2024-01-01 08:00:00,8215fb,Clothing,Lipstick,1,180,180,Credit Card,2024,1,January,180
b2a82b7f,2024-01-01 09:00:00,deb177,Books,Lipstick,2,287,574,Debit Card,2024,1,January,574
c45eb978,2024-01-01 10:00:00,59fe4a,Clothing,Novel,2,197,394,Credit Card,2024,1,January,394
0076ef3c,2024-01-01 11:00:00,f59c2a,Electronics,T-Shirt,2,482,964,UPI,2024,1,January,964
6205c188,2024-01-01 12:00:00,f415cd,Beauty,Laptop,1,346,346,UPI,2024,1,January,346
6e773218,2024-01-01 13:00:00,0a16fe,Beauty,Novel,3,218,654,Cash,2024,1,January,654
933a61f0,2024-01-01 14:00:00,f59c2a,Books,T-Shirt,2,189,378,Cash,2024,1,January,378
75890618,2024-01-01 15:00:00,c5940a,Home Decor,Novel,2,196,392,UPI,2024,1,January,392
78d65353,2024-01-01 16:00:00,0ae342,Electronics,Laptop,4,426,1704,UPI,2024,1,January,1704
90f561c3,2024-01-01 17:00:00,c984e3,Books,Laptop,3,220,660,Cash,2024,1,January,660
d828521a,2024-01-01 18:00:00,197942,Beauty,T-Shirt,1,270,270,UPI,2024,1,January,270
659a53a0,2024-01-01 19:00:00,e15d65,Beauty,T-Shirt,4,82,328,Cash,2024,1,January,328
04529cab,2024-01-01 20:00:00,2a6646,Clothing,Lipstick,1,458,458,UPI,2024,1,January,458
3ea17ba9,2024-01-01 21:00:00,96ff57,Clothing,Novel,1,138,138,Credit Card,2024,1,January,138
feb0d563,2024-01-01 22:00:00,38d9b9,Home Decor,Novel,2,74,148,Credit Card,2024,1,January,148
1492892c,2024-01-01 23:00:00,9a1148,Beauty,Sofa,2,286,572,UPI,2024,1,January,572
9f076e2d,2024-01-02 00:00:00,5d31de,Beauty,Novel,2,338,676,Cash,2024,1,January,676
6abe1d71,2024-01-02 01:00:00,780364,Electronics,Lipstick,3,77,231,Cash,2024,1,January,231
bc397061,2024-01-02 02:00:00,4700d8,Clothing,Novel,4,188,752,Cash,2024,1,January,752
a7bb4386,2024-01-02 03:00:00,cb2083,Clothing,Novel,4,99,396,Debit Card,2024,1,January,396
dd67e4c1,2024-01-02 04:00:00,d5fa58,Books,Sofa,1,337,337,Credit Card,2024,1,January,337
1c63202d,2024-01-02 05:00:00,7c9826,Electronics,Novel,2,482,964,Debit Card,2024,1,January,964
19f900bd,2024-01-02 06:00:00,a82434,Books,Lipstick,3,444,1332,Debit Card,2024,1,January,1332
2e1699ad,2024-01-02 07:00:00,446290,Home Decor,Laptop,4,389,1556,Credit Card,2024,1,January,1556
d4cebf27,2024-01-02 08:00:00,85ae39,Beauty,Lipstick,2,273,546,Debit Card,2024,1,January,546
77e331a9,2024-01-02 09:00:00,e0053e,Electronics,T-Shirt,3,251,753,Debit Card,2024,1,January,753
4fd96fe7,2024-01-02 10:00:00,7b91fc,Home Decor,Laptop,4,219,876,Cash,2024,1,January,876
96f60e16,2024-01-02 11:00:00,55721d,Books,Lipstick,2,211,422,Credit Card,2024,1,January,422
b916ec42,2024-01-02 12:00:00,5f7b2e,Beauty,T-Shirt,2,493,986,Cash,2024,1,January,986
7eae6f84,2024-01-02 13:00:00,e3dbd3,Books,Laptop,2,394,788,Cash,2024,1,January,788
10ac4675,2024-01-02 14:00:00,6d82aa,Electronics,Laptop,3,273,819,Cash,2024,1,January,819
b26c42b8,2024-01-02 15:00:00,c768fe,Beauty,Novel,4,30,120,UPI,2024,1,January,120
a2046203,2024-01-02 16:00:00,c768fe,Beauty,Sofa,2,335,670,UPI,2024,1,January,670
55a2605f,2024-01-02 17:00:00,54fab6,Home Decor,Novel,1,292,292,Credit Card,2024,1,January,292
9df483f8,2024-01-02 18:00:00,cef8e5,Clothing,Novel,2,14,28,Cash,2024,1,January,28
388cb79b,2024-01-02 19:00:00,ae70df,Clothing,Novel,1,57,57,Debit Card,2024,1,January,57
5f8df828,2024-01-02 20:00:00,83e133,Beauty,Sofa,1,408,408,Debit Card,2024,1,January,408
de561a83,2024-01-02 21:00:00,bfb7c7,Electronics,Sofa,1,307,307,Debit Card,2024,1,January,307
505dade2,2024-01-02 22:00:00,aaf3d9,Beauty,Novel,1,195,195,Credit Card,2024,1,January,195
a2aee816,2024-01-02 23:00:00,346072,Electronics,Novel,4,458,1832,UPI,2024,1,January,1832
4ab11ada,2024-01-03 00:00:00,7f03a0,Electronics,Novel,3,120,360,Cash,2024,1,January,360
bad9b96f,2024-01-03 01:00:00,db7a6a,Clothing,Sofa,3,458,1374,Credit Card,2024,1,January,1374
d60fda39,2024-01-03 02:00:00,e5c33e,Electronics,Novel,3,302,906,Cash,2024,1,January,906
b7dc1044,2024-01-03 03:00:00,e948d6,Clothing,Sofa,1,186,186,Credit Card,2024,1,January,186
24af83ad,2024-01-03 04:00:00,292f84,Home Decor,Novel,1,452,452,Credit Card,2024,1,January,452
599bf69d,2024-01-03 05:00:00,da21ea,Beauty,Laptop,1,56,56,Debit Card,2024,1,January,56
7e6ad6df,2024-01-03 06:00:00,83722d,Books,Laptop,1,16,16,Credit Card,2024,1,January,16
e18625cb,2024-01-03 07:00:00,206687,Home Decor,Novel,4,174,696,UPI,2024,1,January,696
d08a9ecd,2024-01-03 08:00:00,a3633d,Books,Sofa,4,202,808,Credit Card,2024,1,January,808
13fa7288,2024-01-03 09:00:00,02d9ab,Home Decor,Lipstick,1,63,63,Credit Card,2024,1,January,63
da43174f,2024-01-03 10:00:00,d9e3eb,Electronics,Lipstick,2,96,192,Credit Card,2024,1,January,192
972b88a2,2024-01-03 11:00:00,48d760,Beauty,Sofa,4,34,136,Cash,2024,1,January,136
ecbff613,2024-01-03 12:00:00,a96e72,Home Decor,Novel,4,185,740,Cash,2024,1,January,740
96a237c9,2024-01-03 13:00:00,5c69ae,Clothing,T-Shirt,1,366,366,Debit Card,2024,1,January,366
92a85262,2024-01-03 14:00:00,b9e5a6,Clothing,Lipstick,4,122,488,Debit Card,2024,1,January,488
ecbd95b1,2024-01-03 15:00:00,e69c2c,Electronics,Sofa,1,286,286,Cash,2024,1,January,286
48ca3b23,2024-01-03 16:00:00,5503aa,Home Decor,Sofa,2,224,448,Credit Card,2024,1,January,448
f979ef13,2024-01-03 17:00:00,fb048f,Books,Laptop,4,322,1288,Credit Card,2024,1,January,1288
c6a8a08b,2024-01-03 18:00:00,6adf7d,Books,Laptop,2,104,208,Debit Card,2024,1,January,208
bf1c56e0,2024-01-03 19:00:00,60ea12,Electronics,Sofa,1,323,323,UPI,2024,1,January,323
57854643,2024-01-03 20:00:00,a40a26,Books,T-Shirt,3,196,588,Debit Card,2024,1,January,588
344ed16f,2024-01-03 21:00:00,15ba0d,Home Decor,Sofa,1,101,101,UPI,2024,1,January,101
5cb386ef,2024-01-03 22:00:00,c55e03,Beauty,Novel,1,478,478,Cash,2024,1,January,478
4925075d,2024-01-03 23:00:00,43f946,Clothing,Sofa,4,124,496,Cash,2024,1,January,496
daee8050,2024-01-04 00:00:00,c2c497,Clothing,T-Shirt,1,458,458,Cash,2024,1,January,458
833a4f82,2024-01-04 01:00:00,4f27cc,Home Decor,Lipstick,1,391,391,Cash,2024,1,January,391
549c18d6,2024-01-04 02:00:00,90bf99,Electronics,Novel,1,311,311,UPI,2024,1,January,311
74fcf894,2024-01-04 03:00:00,3f4a3e,Clothing,Lipstick,2,50,100,Debit Card,2024,1,January,100
0139dbc9,2024-01-04 04:00:00,11027e,Home Decor,Laptop,4,443,1772,Cash,2024,1,January,1772
07a80ffd,2024-01-04 05:00:00,8c6e13,Beauty,Novel,4,346,1384,Credit Card,2024,1,January,1384
a8dab266,2024-01-04 06:00:00,2abf6e,Home Decor,T-Shirt,4,486,1944,UPI,2024,1,January,1944
be8a68b0,2024-01-04 07:00:00,9d3f4b,Clothing,Sofa,1,172,172,Cash,2024,1,January,172
ba254a85,2024-01-04 08:00:00,f415cd,Electronics,Novel,4,242,968,Debit Card,2024,1,January,968
4f40567a,2024-01-04 09:00:00,3230b4,Beauty,Lipstick,3,42,126,Debit Card,2024,1,January,126
c504a762,2024-01-04 10:00:00,cf0070,Clothing,Sofa,4,279,1116,Cash,2024,1,January,1116
9b26c273,2024-01-04 11:00:00,780364,Books,T-Shirt,4,423,1692,Cash,2024,1,January,1692
5ee12434,2024-01-04 12:00:00,ff2f04,Beauty,Laptop,2,384,768,UPI,2024,1,January,768
f0e8019c,2024-01-04 13:00:00,dd1d33,Beauty,Novel,3,309,927,Cash,2024,1,January,927
057d94ee,2024-01-04 14:00:00,4f27cc,Clothing,T-Shirt,4,333,1332,Credit Card,2024,1,January,1332
d9d12227,2024-01-04 15:00:00,6bdb4a,Electronics,Lipstick,1,29,29,Credit Card,2024,1,January,29
0a1c373e,2024-01-04 16:00:00,65f7e4,Clothing,Lipstick,1,256,256,Debit Card,2024,1,January,256
9146de80,2024-01-04 17:00:00,3e520e,Home Decor,Novel,3,84,252,Credit Card,2024,1,January,252
ca5b3be2,2024-01-04 18:00:00,917c1b,Electronics,Laptop,3,200,600,Credit Card,2024,1,January,600
835cf300,2024-01-04 19:00:00,4a8434,Beauty,Sofa,3,428,1284,Cash,2024,1,January,1284
96083f88,2024-01-04 20:00:00,ac505f,Electronics,Sofa,2,259,518,Credit Card,2024,1,January,518
5c4ddfaa,2024-01-04 21:00:00,9ddbe1,Electronics,Novel,2,83,166,UPI,2024,1,January,166
91a57fdc,2024-01-04 22:00:00,b6dfe6,Clothing,Novel,3,13,39,UPI,2024,1,January,39
f63db669,2024-01-04 23:00:00,c511a8,Books,Novel,1,299,299,Debit Card,2024,1,January,299
44a6d59c,2024-01-05 00:00:00,09aaef,Electronics,Sofa,1,262,262,Debit Card,2024,1,January,262
29b16d1d,2024-01-05 01:00:00,d7ba78,Home Decor,Laptop,4,331,1324,UPI,2024,1,January,1324
25e5c96f,2024-01-05 02:00:00,d14e0c,Clothing,T-Shirt,2,147,294,Cash,2024,1,January,294
3cfad7a1,2024-01-05 03:00:00,a6f09a,Electronics,Laptop,4,429,1716,Credit Card,2024,1,January,1716
a57e1c62,2024-01-05 04:00:00,a9b434,Home Decor,Sofa,3,277,831,Credit Card,2024,1,January,831
db1910f7,2024-01-05 05:00:00,64ed02,Beauty,Sofa,3,267,801,UPI,2024,1,January,801
2712b913,2024-01-05 06:00:00,37e5d4,Clothing,T-Shirt,3,216,648,Credit Card,2024,1,January,648
2c6f8293,2024-01-05 07:00:00,73fbf5,Home Decor,Novel,1,334,334,Credit Card,2024,1,January,334
7479609d,2024-01-05 08:00:00,9b70eb,Clothing,Lipstick,1,11,11,UPI,2024,1,January,11
6fb23fb5,2024-01-05 09:00:00,c511a8,Clothing,Sofa,4,227,908,Credit Card,2024,1,January,908
ffe1dbdf,2024-01-05 10:00:00,1e2aca,Books,T-Shirt,1,195,195,Debit Card,2024,1,January,195
411019d9,2024-01-05 11:00:00,7db8bc,Beauty,Lipstick,2,37,74,UPI,2024,1,January,74
e14fdb3b,2024-01-05 12:00:00,605ac5,Beauty,Sofa,2,435,870,Cash,2024,1,January,870
2a2e9a05,2024-01-05 13:00:00,a55c33,Books,T-Shirt,4,487,1948,Credit Card,2024,1,January,1948
5f79c022,2024-01-05 14:00:00,a12651,Electronics,Novel,4,20,80,UPI,2024,1,January,80
620399e4,2024-01-05 15:00:00,d9e3eb,Clothing,Sofa,1,150,150,Credit Card,2024,1,January,150
e1d65489,2024-01-05 16:00:00,d7ba78,Books,Novel,1,429,429,Cash,2024,1,January,429
92fed56f,2024-01-05 17:00:00,3977f6,Home Decor,Laptop,2,113,226,Credit Card,2024,1,January,226
6bc4e7dc,2024-01-05 18:00:00,6f4024,Home Decor,Novel,3,293,879,Debit Card,2024,1,January,879
fc7f76e0,2024-01-05 19:00:00,0b9e10,Home Decor,Lipstick,2,189,378,UPI,2024,1,January,378
9c5759ef,2024-01-05 20:00:00,246cc6,Books,T-Shirt,1,401,401,UPI,2024,1,January,401
9a787180,2024-01-05 21:00:00,22f1a7,Home Decor,Novel,3,275,825,Cash,2024,1,January,825
af8d9200,2024-01-05 22:00:00,8215fb,Electronics,T-Shirt,1,276,276,Debit Card,2024,1,January,276
70915b22,2024-01-05 23:00:00,e2494b,Home Decor,Sofa,2,158,316,UPI,2024,1,January,316
f7b2251f,2024-01-06 00:00:00,2b8bd1,Clothing,Novel,3,358,1074,Cash,2024,1,January,1074
acdb4bfd,2024-01-06 01:00:00,a769ab,Beauty,Novel,1,186,186,UPI,2024,1,January,186
43964c80,2024-01-06 02:00:00,83722d,Beauty,Laptop,1,348,348,UPI,2024,1,January,348
ed70ea83,2024-01-06 03:00:00,7fa91b,Books,Lipstick,4,34,136,Cash,2024,1,January,136
85a8e410,2024-01-06 04:00:00,d35b1d,Books,Lipstick,1,31,31,UPI,2024,1,January,31
0a82e4b6,2024-01-06 05:00:00,a3633d,Clothing,T-Shirt,2,118,236,Cash,2024,1,January,236
1c754762,2024-01-06 06:00:00,98fb8a,Beauty,Novel,1,188,188,Debit Card,2024,1,January,188
6968615e,2024-01-06 07:00:00,4a2f5b,Books,Novel,4,323,1292,UPI,2024,1,January,1292
d9e620f9,2024-01-06 08:00:00,aaeb81,Home Decor,Laptop,4,326,1304,Cash,2024,1,January,1304
d77bce0e,2024-01-06 09:00:00,169123,Beauty,T-Shirt,4,137,548,UPI,2024,1,January,548
e193e326,2024-01-06 10:00:00,e940d4,Clothing,Sofa,2,127,254,Debit Card,2024,1,January,254
9bb40ea6,2024-01-06 11:00:00,1ef710,Books,Sofa,4,73,292,Debit Card,2024,1,January,292
bac226df,2024-01-06 12:00:00,436ca6,Home Decor,Lipstick,2,436,872,Debit Card,2024,1,January,872
a659ae1e,2024-01-06 13:00:00,e3dbd3,Clothing,Novel,1,259,259,UPI,2024,1,January,259
81043d11,2024-01-06 14:00:00,1513de,Books,Novel,1,292,292,Credit Card,2024,1,January,292
04c1b060,2024-01-06 15:00:00,8e01c2,Electronics,T-Shirt,2,209,418,Debit Card,2024,1,January,418
49b5c2c1,2024-01-06 16:00:00,4f27cc,Electronics,T-Shirt,1,80,80,UPI,2024,1,January,80
c7e6e5a0,2024-01-06 17:00:00,ef87cb,Books,Novel,3,219,657,UPI,2024,1,January,657
74616828,2024-01-06 18:00:00,3fc53f,Beauty,Sofa,3,99,297,UPI,2024,1,January,297
b442e49f,2024-01-06 19:00:00,126ba9,Books,Sofa,3,147,441,UPI,2024,1,January,441
a5ca8d52,2024-01-06 20:00:00,6a9c9e,Home Decor,T-Shirt,2,105,210,UPI,2024,1,January,210
a11fe41f,2024-01-06 21:00:00,1f98e3,Clothing,T-Shirt,1,223,223,Credit Card,2024,1,January,223
ca1181cb,2024-01-06 22:00:00,5538a3,Beauty,Novel,4,63,252,UPI,2024,1,January,252
5eba2bfc,2024-01-06 23:00:00,959052,Home Decor,Sofa,2,377,754,UPI,2024,1,January,754
cadd5a74,2024-01-07 00:00:00,be0fb8,Beauty,T-Shirt,3,220,660,Credit Card,2024,1,January,660
0844d4fe,2024-01-07 01:00:00,a47bab,Home Decor,Sofa,4,155,620,Debit Card,2024,1,January,620
f0f914fe,2024-01-07 02:00:00,3e96e7,Home Decor,Laptop,3,248,744,UPI,2024,1,January,744
e8c8e88e,2024-01-07 03:00:00,13da0f,Books,Laptop,1,218,218,Cash,2024,1,January,218
1e457a1c,2024-01-07 04:00:00,96a538,Electronics,T-Shirt,3,180,540,UPI,2024,1,January,540
0bef1dff,2024-01-07 05:00:00,c80e99,Clothing,Lipstick,2,455,910,Debit Card,2024,1,January,910
23e3ae88,2024-01-07 06:00:00,c0b07d,Electronics,T-Shirt,4,37,148,UPI,2024,1,January,148
53ffe9e6,2024-01-07 07:00:00,9cfeab,Home Decor,T-Shirt,3,253,759,UPI,2024,1,January,759
a198eb37,2024-01-07 08:00:00,005f82,Clothing,Laptop,2,245,490,Credit Card,2024,1,January,490
54171a6e,2024-01-07 09:00:00,d16086,Home Decor,Laptop,1,251,251,Cash,2024,1,January,251
36ceff3f,2024-01-07 10:00:00,4e1657,Books,Laptop,2,21,42,Credit Card,2024,1,January,42
c84664a2,2024-01-07 11:00:00,fb048f,Books,Lipstick,1,175,175,Credit Card,2024,1,January,175
9bae37b5,2024-01-07 12:00:00,55721d,Books,Laptop,3,308,924,Debit Card,2024,1,January,924
b472e297,2024-01-07 13:00:00,7bc79f,Home Decor,Sofa,2,27,54,Credit Card,2024,1,January,54
6f95bfb8,2024-01-07 14:00:00,d1948e,Books,Sofa,2,348,696,Cash,2024,1,January,696
a0127721,2024-01-07 15:00:00,8e6541,Clothing,Laptop,4,21,84,Debit Card,2024,1,January,84
0e280a15,2024-01-07 16:00:00,b55e0e,Electronics,Sofa,1,352,352,UPI,2024,1,January,352
0557f477,2024-01-07 17:00:00,33d718,Books,Laptop,1,61,61,Debit Card,2024,1,January,61
db45e379,2024-01-07 18:00:00,656752,Books,Sofa,1,99,99,UPI,2024,1,January,99
1b6178f7,2024-01-07 19:00:00,0d766b,Beauty,Lipstick,4,144,576,UPI,2024,1,January,576
7e8b6976,2024-01-07 20:00:00,00ad60,Electronics,Novel,3,206,618,Credit Card,2024,1,January,618
be835375,2024-01-07 21:00:00,7d5842,Books,T-Shirt,1,19,19,Credit Card,2024,1,January,19
1dfe9982,2024-01-07 22:00:00,cb4ba5,Books,Laptop,2,74,148,Credit Card,2024,1,January,148
5b0b19b9,2024-01-07 23:00:00,aac587,Electronics,Laptop,3,27,81,Debit Card,2024,1,January,81
92b6bfdf,2024-01-08 00:00:00,9df3ae,Home Decor,Sofa,1,337,337,Debit Card,2024,1,January,337
a80013ee,2024-01-08 01:00:00,f96d13,Beauty,T-Shirt,3,369,1107,Debit Card,2024,1,January,1107
6e81eb35,2024-01-08 02:00:00,dfcadc,Clothing,Laptop,3,256,768,UPI,2024,1,January,768
b5b9b791,2024-01-08 03:00:00,e7c862,Home Decor,Novel,2,157,314,Credit Card,2024,1,January,314
ac388cee,2024-01-08 04:00:00,656752,Beauty,T-Shirt,1,31,31,UPI,2024,1,January,31
9618298c,2024-01-08 05:00:00,7d5842,Home Decor,Laptop,2,91,182,Debit Card,2024,1,January,182
30b83de1,2024-01-08 06:00:00,b92b74,Electronics,Laptop,2,179,358,Debit Card,2024,1,January,358
cc83ca23,2024-01-08 07:00:00,57345f,Clothing,Lipstick,4,272,1088,Debit Card,2024,1,January,1088
40ac328a,2024-01-08 08:00:00,3850d4,Home Decor,T-Shirt,4,489,1956,Cash,2024,1,January,1956
fefa3c35,2024-01-08 09:00:00,f7ce1f,Books,Novel,2,429,858,Cash,2024,1,January,858
2830c8e0,2024-01-08 10:00:00,665ea1,Home Decor,Lipstick,3,302,906,Debit Card,2024,1,January,906
212cda61,2024-01-08 11:00:00,a3633d,Books,Lipstick,3,190,570,Credit Card,2024,1,January,570
9516e814,2024-01-08 12:00:00,55721d,Beauty,Novel,3,133,399,Cash,2024,1,January,399
d0c989e4,2024-01-08 13:00:00,2573ba,Beauty,Sofa,1,367,367,UPI,2024,1,January,367
88a8e90d,2024-01-08 14:00:00,bdcd45,Books,T-Shirt,3,148,444,UPI,2024,1,January,444
a12ba4f1,2024-01-08 15:00:00,b5b7da,Clothing,Laptop,3,441,1323,UPI,2024,1,January,1323
5b9aad5a,2024-01-08 16:00:00,3f84b9,Clothing,Novel,2,457,914,Debit Card,2024,1,January,914
123d4bae,2024-01-08 17:00:00,f7dcee,Electronics,Novel,1,65,65,Debit Card,2024,1,January,65
c68592ae,2024-01-08 18:00:00,2403f1,Electronics,Lipstick,1,459,459,Cash,2024,1,January,459
f249ec00,2024-01-08 19:00:00,221e7a,Electronics,Lipstick,2,448,896,Debit Card,2024,1,January,896
0e879533,2024-01-08 20:00:00,2f2ae6,Books,Novel,4,223,892,Cash,2024,1,January,892
ba672ed9,2024-01-08 21:00:00,1b4acc,Beauty,Novel,3,246,738,Credit Card,2024,1,January,738
549a9da3,2024-01-08 22:00:00,4b117d,Books,Sofa,1,326,326,UPI,2024,1,January,326
3012342e,2024-01-08 23:00:00,2a6646,Electronics,Novel,1,293,293,Debit Card,2024,1,January,293
a5dd4003,2024-01-09 00:00:00,065958,Home Decor,T-Shirt,1,90,90,UPI,2024,1,January,90
b3150d7f,2024-01-09 01:00:00,dad6df,Beauty,Lipstick,2,259,518,UPI,2024,1,January,518
8b224a61,2024-01-09 02:00:00,4b3ab7,Electronics,Novel,1,75,75,Cash,2024,1,January,75
7a2a2122,2024-01-09 03:00:00,76c8fb,Beauty,Novel,3,278,834,UPI,2024,1,January,834
1f9bbb8a,2024-01-09 04:00:00,8ccac6,Home Decor,Sofa,2,142,284,UPI,2024,1,January,284
b7eb340b,2024-01-09 05:00:00,bb2360,Clothing,Lipstick,3,180,540,Credit Card,2024,1,January,540
d8d6b9e0,2024-01-09 06:00:00,acb4b3,Electronics,Novel,2,51,102,Credit Card,2024,1,January,102
26f987ed,2024-01-09 07:00:00,9aefbc,Clothing,Sofa,4,342,1368,UPI,2024,1,January,1368
db72601e,2024-01-09 08:00:00,3e96e7,Home Decor,Laptop,1,160,160,Debit Card,2024,1,January,160
5edcfc48,2024-01-09 09:00:00,8b8062,Books,Sofa,2,479,958,Debit Card,2024,1,January,958
14f3d1c4,2024-01-09 10:00:00,5b109e,Electronics,T-Shirt,1,386,386,Credit Card,2024,1,January,386
c4752a81,2024-01-09 11:00:00,1d5e7c,Books,Novel,2,327,654,Cash,2024,1,January,654
0a057a22,2024-01-09 12:00:00,df5cf3,Home Decor,Sofa,4,53,212,UPI,2024,1,January,212
c70934fa,2024-01-09 13:00:00,09f096,Clothing,T-Shirt,4,499,1996,Cash,2024,1,January,1996
57185f1c,2024-01-09 14:00:00,17e1d4,Books,Lipstick,2,24,48,Credit Card,2024,1,January,48
f9a5c38f,2024-01-09 15:00:00,74031c,Electronics,Novel,4,339,1356,Credit Card,2024,1,January,1356
d21bee79,2024-01-09 16:00:00,4b5844,Clothing,Laptop,1,99,99,Credit Card,2024,1,January,99
e93790f0,2024-01-09 17:00:00,c0bbda,Clothing,Lipstick,1,389,389,UPI,2024,1,January,389
05cf77d6,2024-01-09 18:00:00,485e3b,Home Decor,Laptop,4,68,272,Debit Card,2024,1,January,272
43f06a07,2024-01-09 19:00:00,ecfd8e,Electronics,Laptop,1,64,64,Credit Card,2024,1,January,64
0ddc22a5,2024-01-09 20:00:00,6b4132,Electronics,T-Shirt,2,159,318,Cash,2024,1,January,318
3ccd9589,2024-01-09 21:00:00,148b08,Electronics,Laptop,4,497,1988,Cash,2024,1,January,1988
6f08eb88,2024-01-09 22:00:00,fa17b4,Electronics,Novel,2,211,422,UPI,2024,1,January,422
a6787f98,2024-01-09 23:00:00,0d28a1,Books,Novel,3,128,384,Credit Card,2024,1,January,384
83ba9ff3,2024-01-10 00:00:00,a7ef21,Books,T-Shirt,3,396,1188,Cash,2024,1,January,1188
58a81e1f,2024-01-10 01:00:00,8ad450,Electronics,Novel,1,197,197,Credit Card,2024,1,January,197
87f23dda,2024-01-10 02:00:00,8e01c2,Beauty,Sofa,3,114,342,UPI,2024,1,January,342
62c192e7,2024-01-10 03:00:00,6341df,Clothing,T-Shirt,2,43,86,Credit Card,2024,1,January,86
7a0f8bf1,2024-01-10 04:00:00,2c35b7,Electronics,Novel,1,347,347,UPI,2024,1,January,347
78105c62,2024-01-10 05:00:00,16f3bf,Books,Sofa,2,288,576,Debit Card,2024,1,January,576
ce1f738d,2024-01-10 06:00:00,9e05c6,Clothing,Laptop,1,212,212,UPI,2024,1,January,212
6460fd38,2024-01-10 07:00:00,d3b955,Books,T-Shirt,4,173,692,Cash,2024,1,January,692
82aa41b5,2024-01-10 08:00:00,9f2660,Electronics,Laptop,3,103,309,Cash,2024,1,January,309
0d80aca4,2024-01-10 09:00:00,fc25e7,Books,T-Shirt,1,344,344,Debit Card,2024,1,January,344
de3be522,2024-01-10 10:00:00,e15d65,Electronics,Sofa,4,196,784,Credit Card,2024,1,January,784
b2cc5157,2024-01-10 11:00:00,d94e1a,Beauty,T-Shirt,3,72,216,UPI,2024,1,January,216
fc6177db,2024-01-10 12:00:00,ae95e4,Books,Novel,2,458,916,Debit Card,2024,1,January,916
53a4a857,2024-01-10 13:00:00,613ae3,Electronics,T-Shirt,4,339,1356,UPI,2024,1,January,1356
f5797025,2024-01-10 14:00:00,ef06ed,Home Decor,Novel,1,141,141,UPI,2024,1,January,141
c2d5e7b4,2024-01-10 15:00:00,a4ab91,Clothing,Laptop,4,81,324,Cash,2024,1,January,324
d3f769dd,2024-01-10 16:00:00,7e8063,Books,Novel,2,343,686,Cash,2024,1,January,686
c1f44dd1,2024-01-10 17:00:00,a77707,Books,Lipstick,2,475,950,UPI,2024,1,January,950
4da99d5b,2024-01-10 18:00:00,70c078,Beauty,Novel,2,336,672,Credit Card,2024,1,January,672
97511fed,2024-01-10 19:00:00,a658a4,Beauty,T-Shirt,3,418,1254,Debit Card,2024,1,January,1254
1bbe14e9,2024-01-10 20:00:00,827a0b,Beauty,Sofa,3,362,1086,Cash,2024,1,January,1086
282dfbcb,2024-01-10 21:00:00,6b6067,Electronics,Lipstick,4,398,1592,Cash,2024,1,January,1592
91fe809d,2024-01-10 22:00:00,26b6c9,Beauty,T-Shirt,4,325,1300,Cash,2024,1,January,1300
a3ff4b6d,2024-01-10 23:00:00,36a9a4,Home Decor,Novel,2,71,142,Debit Card,2024,1,January,142
d2e5540e,2024-01-11 00:00:00,b8e59b,Home Decor,Laptop,1,53,53,Cash,2024,1,January,53
f890ef85,2024-01-11 01:00:00,a453b1,Electronics,Sofa,3,342,1026,Credit Card,2024,1,January,1026
ee4dec04,2024-01-11 02:00:00,7ee0ca,Clothing,Novel,1,241,241,UPI,2024,1,January,241
9fb7435f,2024-01-11 03:00:00,919c87,Beauty,Laptop,3,473,1419,Cash,2024,1,January,1419
aa9d8661,2024-01-11 04:00:00,8588e6,Clothing,T-Shirt,3,172,516,Debit Card,2024,1,January,516
d065c835,2024-01-11 05:00:00,e948d6,Beauty,Sofa,3,220,660,Cash,2024,1,January,660
1990048a,2024-01-11 06:00:00,549a6d,Electronics,Sofa,3,377,1131,Cash,2024,1,January,1131
04b8ec05,2024-01-11 07:00:00,bd36a2,Books,Lipstick,2,320,640,Credit Card,2024,1,January,640
47d84083,2024-01-11 08:00:00,9a1148,Clothing,T-Shirt,1,302,302,UPI,2024,1,January,302
108f8092,2024-01-11 09:00:00,1c6a85,Beauty,Laptop,1,429,429,Cash,2024,1,January,429
b4aa5bc3,2024-01-11 10:00:00,9fdf14,Clothing,Laptop,1,314,314,Cash,2024,1,January,314
bcb6098d,2024-01-11 11:00:00,197942,Home Decor,Novel,4,362,1448,Debit Card,2024,1,January,1448
09110a2a,2024-01-11 12:00:00,ef06ed,Electronics,Novel,2,250,500,Debit Card,2024,1,January,500
a3f65693,2024-01-11 13:00:00,9b08b4,Clothing,Laptop,3,146,438,UPI,2024,1,January,438
40e5c845,2024-01-11 14:00:00,c80b50,Electronics,Laptop,2,153,306,Debit Card,2024,1,January,306
ca61bb81,2024-01-11 15:00:00,ef93a4,Electronics,Laptop,4,332,1328,Debit Card,2024,1,January,1328
eeb999f0,2024-01-11 16:00:00,ad14a2,Electronics,Laptop,2,304,608,UPI,2024,1,January,608
bc781a1e,2024-01-11 17:00:00,e361fc,Beauty,Laptop,4,231,924,Credit Card,2024,1,January,924
53e27e53,2024-01-11 18:00:00,8e01c2,Books,Laptop,3,131,393,Cash,2024,1,January,393
fc32a9de,2024-01-11 19:00:00,1e2aca,Books,T-Shirt,4,435,1740,UPI,2024,1,January,1740
34fc3b2c,2024-01-11 20:00:00,8c6e13,Books,Novel,3,329,987,UPI,2024,1,January,987
bcb87576,2024-01-11 21:00:00,0f4e60,Beauty,Laptop,1,127,127,UPI,2024,1,January,127
bd45e303,2024-01-11 22:00:00,9b08b4,Electronics,Laptop,4,235,940,Debit Card,2024,1,January,940
f87924c1,2024-01-11 23:00:00,f70d91,Beauty,Lipstick,4,106,424,Cash,2024,1,January,424
a046572b,2024-01-12 00:00:00,eb354d,Clothing,Laptop,4,434,1736,UPI,2024,1,January,1736
4f4ce99e,2024-01-12 01:00:00,d9a24a,Electronics,Novel,2,16,32,Cash,2024,1,January,32
0764b25a,2024-01-12 02:00:00,e15a0f,Clothing,Novel,2,317,634,Debit Card,2024,1,January,634
d303868b,2024-01-12 03:00:00,bb2360,Books,Lipstick,3,187,561,Cash,2024,1,January,561
d1b20e3b,2024-01-12 04:00:00,e0cc69,Electronics,Novel,2,90,180,UPI,2024,1,January,180
d68943b4,2024-01-12 05:00:00,d7ba78,Beauty,T-Shirt,3,116,348,UPI,2024,1,January,348
84b9b6d3,2024-01-12 06:00:00,96c37e,Clothing,Laptop,2,380,760,Credit Card,2024,1,January,760
b2bb922b,2024-01-12 07:00:00,642d5e,Home Decor,Laptop,3,348,1044,Credit Card,2024,1,January,1044
c28731f4,2024-01-12 08:00:00,060b58,Electronics,Lipstick,4,295,1180,Debit Card,2024,1,January,1180
1b26c8c8,2024-01-12 09:00:00,63dc2a,Home Decor,Sofa,1,310,310,Cash,2024,1,January,310
30bd6aa2,2024-01-12 10:00:00,549a6d,Beauty,T-Shirt,3,331,993,Cash,2024,1,January,993
78071941,2024-01-12 11:00:00,ed43c8,Books,Laptop,1,103,103,Credit Card,2024,1,January,103
42e2d5f6,2024-01-12 12:00:00,d36e00,Electronics,Novel,4,269,1076,Credit Card,2024,1,January,1076
ca8be1ba,2024-01-12 13:00:00,064624,Clothing,Sofa,3,299,897,Debit Card,2024,1,January,897
f7bc2a07,2024-01-12 14:00:00,f3a502,Books,Lipstick,1,240,240,Cash,2024,1,January,240
42f1bf13,2024-01-12 15:00:00,a87c8d,Home Decor,T-Shirt,2,484,968,UPI,2024,1,January,968
ec3f77dc,2024-01-12 16:00:00,a96e72,Electronics,Sofa,1,287,287,Cash,2024,1,January,287
54110cdd,2024-01-12 17:00:00,3b936d,Electronics,Novel,1,331,331,Debit Card,2024,1,January,331
b127dbfd,2024-01-12 18:00:00,f3a502,Clothing,Laptop,2,417,834,Cash,2024,1,January,834
be3ad122,2024-01-12 19:00:00,e15777,Beauty,Sofa,4,418,1672,Debit Card,2024,1,January,1672
094807c6,2024-01-12 20:00:00,525387,Electronics,Novel,4,61,244,Credit Card,2024,1,January,244
86d38e01,2024-01-12 21:00:00,68cd22,Electronics,Novel,4,232,928,Cash,2024,1,January,928
68953bc4,2024-01-12 22:00:00,647657,Electronics,Novel,3,168,504,Credit Card,2024,1,January,504
60fb4070,2024-01-12 23:00:00,3f8cb1,Clothing,Laptop,1,318,318,UPI,2024,1,January,318
a7faabd9,2024-01-13 00:00:00,e15777,Home Decor,Laptop,1,76,76,UPI,2024,1,January,76
010ca50b,2024-01-13 01:00:00,7fb211,Home Decor,Lipstick,4,486,1944,Credit Card,2024,1,January,1944
a4e4455b,2024-01-13 02:00:00,2c0f09,Clothing,Sofa,1,415,415,Cash,2024,1,January,415
96ef94f2,2024-01-13 03:00:00,064a47,Electronics,T-Shirt,3,212,636,Credit Card,2024,1,January,636
246193b6,2024-01-13 04:00:00,292f84,Clothing,T-Shirt,2,110,220,UPI,2024,1,January,220
48f75445,2024-01-13 05:00:00,85ae39,Books,Sofa,2,29,58,Debit Card,2024,1,January,58
4976519c,2024-01-13 06:00:00,3418ea,Electronics,Novel,2,44,88,Cash,2024,1,January,88
88c9e96f,2024-01-13 07:00:00,6c8b9f,Electronics,Sofa,1,65,65,Cash,2024,1,January,65
0731fdc4,2024-01-13 08:00:00,d7ba78,Clothing,Laptop,2,113,226,Cash,2024,1,January,226
597e227a,2024-01-13 09:00:00,0a694c,Electronics,Laptop,2,398,796,Credit Card,2024,1,January,796
63eb23a2,2024-01-13 10:00:00,f7dcee,Electronics,Novel,2,491,982,Debit Card,2024,1,January,982
0633c9da,2024-01-13 11:00:00,e26ec3,Beauty,Sofa,1,335,335,Debit Card,2024,1,January,335
19378479,2024-01-13 12:00:00,fa5b82,Electronics,Novel,3,293,879,UPI,2024,1,January,879
fa264e1b,2024-01-13 13:00:00,8b9634,Books,T-Shirt,1,268,268,Debit Card,2024,1,January,268
183156fd,2024-01-13 14:00:00,5538a3,Electronics,Laptop,1,128,128,Credit Card,2024,1,January,128
29d2ee05,2024-01-13 15:00:00,9179cd,Beauty,Lipstick,4,389,1556,Debit Card,2024,1,January,1556
6326df06,2024-01-13 16:00:00,baac2b,Home Decor,T-Shirt,1,472,472,Credit Card,2024,1,January,472
4f299c01,2024-01-13 17:00:00,525387,Books,Lipstick,4,445,1780,Credit Card,2024,1,January,1780
de3ba4f7,2024-01-13 18:00:00,ef5a17,Beauty,Sofa,2,393,786,Cash,2024,1,January,786
d65ab4ca,2024-01-13 19:00:00,62a73d,Home Decor,Sofa,1,206,206,Cash,2024,1,January,206
4d8d3faa,2024-01-13 20:00:00,c47aa1,Beauty,Sofa,4,184,736,UPI,2024,1,January,736
bdeac5df,2024-01-13 21:00:00,4557e1,Books,Sofa,1,91,91,UPI,2024,1,January,91
47c0bf92,2024-01-13 22:00:00,35c723,Home Decor,Lipstick,4,16,64,UPI,2024,1,January,64
8ebf83c4,2024-01-13 23:00:00,a12651,Books,T-Shirt,1,455,455,Credit Card,2024,1,January,455
92d8c3ae,2024-01-14 00:00:00,8d7928,Home Decor,Sofa,1,358,358,Credit Card,2024,1,January,358
ccbb13cb,2024-01-14 01:00:00,f4a7dd,Books,Lipstick,4,351,1404,Cash,2024,1,January,1404
d8713196,2024-01-14 02:00:00,ad8167,Books,Novel,3,264,792,UPI,2024,1,January,792
f13c6342,2024-01-14 03:00:00,381cc6,Home Decor,T-Shirt,2,421,842,UPI,2024,1,January,842
ebfa171b,2024-01-14 04:00:00,d8f0a4,Home Decor,Laptop,4,210,840,Cash,2024,1,January,840
191c96e6,2024-01-14 05:00:00,6776ac,Electronics,Novel,3,311,933,Credit Card,2024,1,January,933
561e9a21,2024-01-14 06:00:00,13e8e2,Clothing,Lipstick,3,12,36,Cash,2024,1,January,36
49ab73d2,2024-01-14 07:00:00,0bbe51,Books,Novel,3,66,198,UPI,2024,1,January,198
210e48ef,2024-01-14 08:00:00,8c376f,Electronics,Sofa,3,229,687,Debit Card,2024,1,January,687
ae0cb5e3,2024-01-14 09:00:00,bffec4,Clothing,T-Shirt,2,225,450,Credit Card,2024,1,January,450
f5730f67,2024-01-14 10:00:00,56b912,Clothing,Novel,3,335,1005,Cash,2024,1,January,1005
81878b0a,2024-01-14 11:00:00,08a16f,Home Decor,Novel,4,104,416,Cash,2024,1,January,416
5fd78518,2024-01-14 12:00:00,d2272f,Electronics,Novel,1,45,45,Credit Card,2024,1,January,45
08dd4529,2024-01-14 13:00:00,7b91fc,Home Decor,T-Shirt,3,421,1263,Cash,2024,1,January,1263
87c41008,2024-01-14 14:00:00,54d483,Clothing,Lipstick,3,146,438,Cash,2024,1,January,438
42e8378a,2024-01-14 15:00:00,d70515,Electronics,Laptop,3,248,744,Credit Card,2024,1,January,744
178fc9eb,2024-01-14 16:00:00,3301f1,Clothing,Lipstick,2,446,892,Credit Card,2024,1,January,892
f34ed2b0,2024-01-14 17:00:00,6a9c9e,Beauty,Lipstick,1,339,339,Cash,2024,1,January,339
20fef5ec,2024-01-14 18:00:00,5652da,Books,T-Shirt,1,273,273,Cash,2024,1,January,273
cd5971ba,2024-01-14 19:00:00,de5c05,Clothing,Sofa,3,257,771,Cash,2024,1,January,771
38b80659,2024-01-14 20:00:00,26b6c9,Clothing,Sofa,3,372,1116,Cash,2024,1,January,1116
988337f3,2024-01-14 21:00:00,c2c497,Electronics,Novel,1,445,445,Debit Card,2024,1,January,445
4cbbd208,2024-01-14 22:00:00,1beced,Home Decor,T-Shirt,1,181,181,UPI,2024,1,January,181
5d4d8434,2024-01-14 23:00:00,b1a4f4,Clothing,Laptop,4,118,472,Debit Card,2024,1,January,472
064d3ba5,2024-01-15 00:00:00,abc772,Home Decor,Novel,1,233,233,Credit Card,2024,1,January,233
dc8951e0,2024-01-15 01:00:00,15ba0d,Clothing,T-Shirt,3,383,1149,Cash,2024,1,January,1149
a49f9559,2024-01-15 02:00:00,c80b50,Electronics,Laptop,1,438,438,Debit Card,2024,1,January,438
a6dd3d88,2024-01-15 03:00:00,3cc777,Electronics,Laptop,2,278,556,Debit Card,2024,1,January,556
9432e6b5,2024-01-15 04:00:00,1cd0c0,Books,T-Shirt,4,372,1488,Cash,2024,1,January,1488
ca269aa1,2024-01-15 05:00:00,43f946,Home Decor,T-Shirt,1,348,348,Credit Card,2024,1,January,348
0cdaf24c,2024-01-15 06:00:00,3fc53f,Clothing,Lipstick,1,376,376,UPI,2024,1,January,376
c4b553a6,2024-01-15 07:00:00,c5dfd5,Home Decor,T-Shirt,1,266,266,Cash,2024,1,January,266
26a70aaa,2024-01-15 08:00:00,e2494b,Books,Lipstick,4,311,1244,Debit Card,2024,1,January,1244
a55539dd,2024-01-15 09:00:00,df0824,Books,Lipstick,3,244,732,Debit Card,2024,1,January,732
edd6b8fb,2024-01-15 10:00:00,63dc2a,Beauty,T-Shirt,4,124,496,UPI,2024,1,January,496
5db1d291,2024-01-15 11:00:00,3850d4,Home Decor,Laptop,2,391,782,Debit Card,2024,1,January,782
e723f390,2024-01-15 12:00:00,d2742a,Electronics,T-Shirt,2,152,304,Debit Card,2024,1,January,304
24f06559,2024-01-15 13:00:00,d5f2e3,Home Decor,T-Shirt,4,131,524,Debit Card,2024,1,January,524
98239701,2024-01-15 14:00:00,d94e1a,Home Decor,T-Shirt,4,321,1284,UPI,2024,1,January,1284
0a38534c,2024-01-15 15:00:00,e69c2c,Books,Laptop,2,59,118,UPI,2024,1,January,118
a56e3314,2024-01-15 16:00:00,79562f,Home Decor,T-Shirt,1,47,47,Cash,2024,1,January,47
d54851a9,2024-01-15 17:00:00,7e3148,Home Decor,Novel,2,41,82,Cash,2024,1,January,82
61c52195,2024-01-15 18:00:00,039139,Clothing,T-Shirt,4,434,1736,Debit Card,2024,1,January,1736
a0bc12c3,2024-01-15 19:00:00,585151,Beauty,Laptop,4,439,1756,Cash,2024,1,January,1756
46895ed7,2024-01-15 20:00:00,4cb6b2,Home Decor,T-Shirt,1,155,155,Debit Card,2024,1,January,155
c1aedace,2024-01-15 21:00:00,094a5a,Home Decor,T-Shirt,1,106,106,Credit Card,2024,1,January,106
525e614f,2024-01-15 22:00:00,3f84b9,Books,T-Shirt,4,435,1740,Credit Card,2024,1,January,1740
b0ed93f3,2024-01-15 23:00:00,d26049,Clothing,Laptop,1,395,395,Credit Card,2024,1,January,395
a1756fd0,2024-01-16 00:00:00,34d625,Home Decor,T-Shirt,1,158,158,Cash,2024,1,January,158
3dbd47f3,2024-01-16 01:00:00,9d1b18,Books,Sofa,1,467,467,Debit Card,2024,1,January,467
6cd15590,2024-01-16 02:00:00,90bf99,Clothing,Laptop,1,89,89,Credit Card,2024,1,January,89
0cc6698d,2024-01-16 03:00:00,68bb34,Books,T-Shirt,2,242,484,Cash,2024,1,January,484
31647b5b,2024-01-16 04:00:00,bfadaf,Beauty,Lipstick,3,50,150,Cash,2024,1,January,150
84a5a41d,2024-01-16 05:00:00,4b51ec,Home Decor,Laptop,4,380,1520,UPI,2024,1,January,1520
3b5bd009,2024-01-16 06:00:00,1d15a4,Beauty,Sofa,1,122,122,Debit Card,2024,1,January,122
3e792ce1,2024-01-16 07:00:00,58d0d4,Beauty,Laptop,1,305,305,Debit Card,2024,1,January,305
d4e695fe,2024-01-16 08:00:00,ae95e4,Clothing,Sofa,4,343,1372,Cash,2024,1,January,1372
ba2bc1af,2024-01-16 09:00:00,6ca609,Beauty,Sofa,3,322,966,Cash,2024,1,January,966
500011c9,2024-01-16 10:00:00,73fbf5,Beauty,Sofa,1,472,472,Debit Card,2024,1,January,472
a50369d7,2024-01-16 11:00:00,7c817c,Home Decor,Laptop,4,399,1596,UPI,2024,1,January,1596
6ac43571,2024-01-16 12:00:00,3521bd,Home Decor,Laptop,1,86,86,UPI,2024,1,January,86
1c33940d,2024-01-16 13:00:00,a55c33,Home Decor,T-Shirt,2,17,34,UPI,2024,1,January,34
5c91eb06,2024-01-16 14:00:00,f93065,Electronics,Laptop,3,15,45,Credit Card,2024,1,January,45
60fab323,2024-01-16 15:00:00,720ce3,Books,Laptop,4,152,608,Debit Card,2024,1,January,608
aa79a5fa,2024-01-16 16:00:00,79e648,Beauty,Novel,1,357,357,UPI,2024,1,January,357
63ede3d6,2024-01-16 17:00:00,d60a81,Electronics,Laptop,4,293,1172,UPI,2024,1,January,1172
2de66200,2024-01-16 18:00:00,39e917,Beauty,Novel,4,92,368,Cash,2024,1,January,368
80d4417e,2024-01-16 19:00:00,b70880,Beauty,Sofa,4,133,532,Credit Card,2024,1,January,532
700eb991,2024-01-16 20:00:00,446290,Clothing,Novel,1,133,133,Cash,2024,1,January,133
15879d6d,2024-01-16 21:00:00,894646,Home Decor,Sofa,2,57,114,UPI,2024,1,January,114
b823ea3d,2024-01-16 22:00:00,87b250,Beauty,Laptop,4,279,1116,UPI,2024,1,January,1116
430bd547,2024-01-16 23:00:00,531de4,Home Decor,Laptop,2,406,812,Debit Card,2024,1,January,812
2a699be9,2024-01-17 00:00:00,667c1a,Electronics,Laptop,1,499,499,UPI,2024,1,January,499
13641c3c,2024-01-17 01:00:00,60ac75,Electronics,Laptop,4,301,1204,Cash,2024,1,January,1204
1dfb316c,2024-01-17 02:00:00,96c37e,Clothing,Lipstick,2,173,346,Cash,2024,1,January,346
a0b1c38e,2024-01-17 03:00:00,16f3bf,Books,Sofa,4,153,612,Debit Card,2024,1,January,612
a46d3119,2024-01-17 04:00:00,21bb3c,Home Decor,T-Shirt,1,441,441,Cash,2024,1,January,441
d05bc33a,2024-01-17 05:00:00,0d28a1,Beauty,Laptop,1,257,257,Credit Card,2024,1,January,257
37bdd229,2024-01-17 06:00:00,ad8167,Electronics,Novel,1,380,380,Credit Card,2024,1,January,380
98fdaceb,2024-01-17 07:00:00,d2742a,Electronics,Lipstick,3,185,555,Credit Card,2024,1,January,555
4bf325f9,2024-01-17 08:00:00,0a694c,Home Decor,Laptop,2,113,226,Credit Card,2024,1,January,226
0d47d05b,2024-01-17 09:00:00,d129cd,Home Decor,Sofa,3,37,111,UPI,2024,1,January,111
722bf878,2024-01-17 10:00:00,d8c1d4,Beauty,Novel,1,395,395,Debit Card,2024,1,January,395
6938dfb8,2024-01-17 11:00:00,1af473,Beauty,T-Shirt,2,168,336,Credit Card,2024,1,January,336
05e52f74,2024-01-17 12:00:00,2aecc3,Books,Novel,1,117,117,Credit Card,2024,1,January,117
c6a59d81,2024-01-17 13:00:00,59035c,Clothing,Lipstick,4,201,804,Debit Card,2024,1,January,804
626d2400,2024-01-17 14:00:00,98fb8a,Home Decor,T-Shirt,2,452,904,Credit Card,2024,1,January,904
b6b62028,2024-01-17 15:00:00,14d85a,Electronics,Novel,4,327,1308,Debit Card,2024,1,January,1308
88bcd790,2024-01-17 16:00:00,184306,Home Decor,Lipstick,4,445,1780,Credit Card,2024,1,January,1780
e43d7488,2024-01-17 17:00:00,d8b630,Books,Lipstick,1,319,319,Debit Card,2024,1,January,319
6fb275ad,2024-01-17 18:00:00,232afc,Books,Laptop,2,436,872,Cash,2024,1,January,872
b192ac52,2024-01-17 19:00:00,43f946,Electronics,Novel,3,58,174,Debit Card,2024,1,January,174
25d8f8b5,2024-01-17 20:00:00,a93bd0,Books,Novel,4,191,764,Debit Card,2024,1,January,764
e3dbffa3,2024-01-17 21:00:00,cedc4d,Beauty,Sofa,4,363,1452,Cash,2024,1,January,1452
cbe96509,2024-01-17 22:00:00,79562f,Electronics,Sofa,4,242,968,Credit Card,2024,1,January,968
bbb8de3a,2024-01-17 23:00:00,dccb9e,Clothing,Lipstick,3,425,1275,Cash,2024,1,January,1275
709e2b4e,2024-01-18 00:00:00,22f1a7,Beauty,Sofa,2,493,986,Cash,2024,1,January,986
9359ae16,2024-01-18 01:00:00,c516b1,Books,Lipstick,4,131,524,Credit Card,2024,1,January,524
2c1d4d38,2024-01-18 02:00:00,e30430,Home Decor,Laptop,4,221,884,Debit Card,2024,1,January,884
dbc3af17,2024-01-18 03:00:00,9df3ae,Books,Novel,1,50,50,UPI,2024,1,January,50
85667e47,2024-01-18 04:00:00,9b8cee,Electronics,Laptop,3,498,1494,UPI,2024,1,January,1494
4b2856da,2024-01-18 05:00:00,72b94a,Electronics,T-Shirt,3,49,147,Cash,2024,1,January,147
a855922f,2024-01-18 06:00:00,f53fbf,Clothing,Lipstick,1,88,88,Cash,2024,1,January,88
83e0c0a8,2024-01-18 07:00:00,9353e8,Books,Laptop,2,403,806,UPI,2024,1,January,806
b09abd14,2024-01-18 08:00:00,1e8504,Clothing,Sofa,4,331,1324,Debit Card,2024,1,January,1324
fc1a8385,2024-01-18 09:00:00,7f8f6e,Books,T-Shirt,1,361,361,Debit Card,2024,1,January,361
45ae2ef4,2024-01-18 10:00:00,ee92a5,Beauty,Novel,4,498,1992,Debit Card,2024,1,January,1992
7fb5b6f4,2024-01-18 11:00:00,90a26b,Home Decor,Sofa,1,98,98,Credit Card,2024,1,January,98
7dbd39a6,2024-01-18 12:00:00,9ea783,Clothing,Lipstick,2,36,72,UPI,2024,1,January,72
9be3e9cf,2024-01-18 13:00:00,381cc6,Clothing,Sofa,1,172,172,Cash,2024,1,January,172
1683cf5a,2024-01-18 14:00:00,8761d7,Beauty,Sofa,3,459,1377,Debit Card,2024,1,January,1377
6a00e2b1,2024-01-18 15:00:00,d5fa58,Electronics,Lipstick,1,412,412,UPI,2024,1,January,412
9e78f00b,2024-01-18 16:00:00,1af473,Beauty,T-Shirt,1,214,214,Credit Card,2024,1,January,214
f5d2a735,2024-01-18 17:00:00,006294,Beauty,Laptop,2,253,506,Debit Card,2024,1,January,506
4e8fb754,2024-01-18 18:00:00,6f4024,Electronics,T-Shirt,2,295,590,Cash,2024,1,January,590
622942b5,2024-01-18 19:00:00,cf4974,Books,Laptop,3,304,912,UPI,2024,1,January,912
12ea883b,2024-01-18 20:00:00,6730ff,Electronics,Novel,3,250,750,Credit Card,2024,1,January,750
39552bdc,2024-01-18 21:00:00,48d760,Books,Laptop,2,88,176,Cash,2024,1,January,176
fcfdb001,2024-01-18 22:00:00,e0cc69,Books,T-Shirt,1,169,169,UPI,2024,1,January,169
f6b9a8a1,2024-01-18 23:00:00,2797c4,Clothing,Sofa,2,103,206,UPI,2024,1,January,206
a89b5166,2024-01-19 00:00:00,64ed02,Electronics,Lipstick,1,251,251,UPI,2024,1,January,251
6658670c,2024-01-19 01:00:00,e0cc69,Home Decor,Laptop,3,75,225,Debit Card,2024,1,January,225
94d21714,2024-01-19 02:00:00,11027e,Electronics,Laptop,4,371,1484,Cash,2024,1,January,1484
147ed306,2024-01-19 03:00:00,16f3bf,Home Decor,Lipstick,2,390,780,Credit Card,2024,1,January,780
8b30d873,2024-01-19 04:00:00,0f572d,Home Decor,T-Shirt,2,197,394,Credit Card,2024,1,January,394
1c4b74ff,2024-01-19 05:00:00,d28ef1,Beauty,T-Shirt,2,103,206,Debit Card,2024,1,January,206
66120c86,2024-01-19 06:00:00,7c817c,Home Decor,Sofa,3,350,1050,Cash,2024,1,January,1050
4eff5156,2024-01-19 07:00:00,a9a2b0,Home Decor,Laptop,2,281,562,Credit Card,2024,1,January,562
a20b26f2,2024-01-19 08:00:00,2573ba,Electronics,T-Shirt,2,398,796,Cash,2024,1,January,796
a1e2cf79,2024-01-19 09:00:00,3e520e,Home Decor,Sofa,2,73,146,Credit Card,2024,1,January,146
13e72ce8,2024-01-19 10:00:00,ea5046,Electronics,T-Shirt,1,329,329,Credit Card,2024,1,January,329
673d0287,2024-01-19 11:00:00,be2366,Electronics,Laptop,4,339,1356,Credit Card,2024,1,January,1356
2dfeae40,2024-01-19 12:00:00,4b908c,Beauty,Novel,4,336,1344,Credit Card,2024,1,January,1344
6b5470ed,2024-01-19 13:00:00,531de4,Books,Lipstick,3,466,1398,Credit Card,2024,1,January,1398
208115bc,2024-01-19 14:00:00,73d905,Clothing,Laptop,1,99,99,UPI,2024,1,January,99
3921f0f3,2024-01-19 15:00:00,9f5492,Beauty,Lipstick,1,285,285,Cash,2024,1,January,285
5d52b917,2024-01-19 16:00:00,19ec52,Clothing,T-Shirt,3,428,1284,Credit Card,2024,1,January,1284
8275465e,2024-01-19 17:00:00,a93f50,Clothing,Laptop,4,46,184,Debit Card,2024,1,January,184
d0db388e,2024-01-19 18:00:00,2d6227,Beauty,Sofa,2,450,900,UPI,2024,1,January,900
f0934d82,2024-01-19 19:00:00,a769ab,Beauty,Novel,2,212,424,Credit Card,2024,1,January,424
72052cde,2024-01-19 20:00:00,229428,Clothing,Lipstick,4,310,1240,Debit Card,2024,1,January,1240
0cbe077d,2024-01-19 21:00:00,7ed96a,Electronics,Lipstick,4,372,1488,Cash,2024,1,January,1488
7478e83e,2024-01-19 22:00:00,9758c0,Clothing,Lipstick,2,457,914,UPI,2024,1,January,914
72b8f20d,2024-01-19 23:00:00,79e648,Books,Laptop,4,67,268,Debit Card,2024,1,January,268
52537a8a,2024-01-20 00:00:00,946502,Clothing,Laptop,1,60,60,Cash,2024,1,January,60
34c00636,2024-01-20 01:00:00,9e382d,Books,Lipstick,2,460,920,Debit Card,2024,1,January,920
e0d9b969,2024-01-20 02:00:00,7fb211,Beauty,Novel,3,236,708,UPI,2024,1,January,708
2fddf568,2024-01-20 03:00:00,e0cc69,Clothing,Lipstick,3,257,771,Debit Card,2024,1,January,771
85d5aba6,2024-01-20 04:00:00,4b5844,Clothing,Laptop,2,291,582,Cash,2024,1,January,582
4e72e28e,2024-01-20 05:00:00,fea76e,Home Decor,Lipstick,1,443,443,Debit Card,2024,1,January,443
7b345833,2024-01-20 06:00:00,c5940a,Beauty,T-Shirt,4,388,1552,UPI,2024,1,January,1552
ef2fb0e1,2024-01-20 07:00:00,08728b,Books,Novel,1,261,261,UPI,2024,1,January,261
3108e02f,2024-01-20 08:00:00,8b8062,Books,Laptop,2,493,986,Cash,2024,1,January,986
e056cfd8,2024-01-20 09:00:00,99d9cc,Home Decor,Sofa,2,108,216,Debit Card,2024,1,January,216
f5df7d38,2024-01-20 10:00:00,6a6079,Books,T-Shirt,1,158,158,Debit Card,2024,1,January,158
730ed630,2024-01-20 11:00:00,8af74d,Clothing,Novel,3,419,1257,Credit Card,2024,1,January,1257
adfe78ab,2024-01-20 12:00:00,847711,Books,Laptop,1,428,428,Credit Card,2024,1,January,428
ba1060a9,2024-01-20 13:00:00,eb354d,Electronics,T-Shirt,4,96,384,Debit Card,2024,1,January,384
67bbbada,2024-01-20 14:00:00,b0e8fa,Home Decor,T-Shirt,4,245,980,Credit Card,2024,1,January,980
993ddf58,2024-01-20 15:00:00,5fecb0,Electronics,Laptop,3,462,1386,UPI,2024,1,January,1386
eafe4328,2024-01-20 16:00:00,19ec52,Beauty,Novel,3,445,1335,Debit Card,2024,1,January,1335
fdf21f28,2024-01-20 17:00:00,064398,Beauty,T-Shirt,3,19,57,Cash,2024,1,January,57
1d876d49,2024-01-20 18:00:00,7ee0ca,Books,Lipstick,2,80,160,Debit Card,2024,1,January,160
a1131335,2024-01-20 19:00:00,636007,Electronics,Laptop,4,319,1276,Credit Card,2024,1,January,1276
57412509,2024-01-20 20:00:00,02e54e,Home Decor,Lipstick,4,218,872,Credit Card,2024,1,January,872
60b40528,2024-01-20 21:00:00,b25446,Electronics,Laptop,3,449,1347,Credit Card,2024,1,January,1347
1f729a69,2024-01-20 22:00:00,d28ef1,Electronics,Lipstick,4,420,1680,UPI,2024,1,January,1680
234e8ab1,2024-01-20 23:00:00,e2494b,Home Decor,Sofa,1,86,86,Debit Card,2024,1,January,86
9587100c,2024-01-21 00:00:00,16d7bc,Clothing,Sofa,4,267,1068,Debit Card,2024,1,January,1068
29bd6227,2024-01-21 01:00:00,98fb8a,Books,T-Shirt,3,29,87,Credit Card,2024,1,January,87
10b6eb63,2024-01-21 02:00:00,5802d9,Books,Lipstick,2,294,588,UPI,2024,1,January,588
cf24bc4c,2024-01-21 03:00:00,00c7a0,Books,Lipstick,1,80,80,Debit Card,2024,1,January,80
df2ac6f5,2024-01-21 04:00:00,d5f2e3,Electronics,Sofa,1,39,39,UPI,2024,1,January,39
a9b838d2,2024-01-21 05:00:00,09abde,Clothing,Sofa,2,293,586,Credit Card,2024,1,January,586
b81dd1eb,2024-01-21 06:00:00,4cb6b2,Electronics,Novel,4,151,604,UPI,2024,1,January,604
7a2336ff,2024-01-21 07:00:00,6776ac,Clothing,Novel,4,410,1640,Credit Card,2024,1,January,1640
55e77c32,2024-01-21 08:00:00,83722d,Home Decor,T-Shirt,2,162,324,UPI,2024,1,January,324
84a26288,2024-01-21 09:00:00,48ca82,Home Decor,Laptop,4,432,1728,Credit Card,2024,1,January,1728
ffb8db9c,2024-01-21 10:00:00,a43eea,Electronics,Novel,4,297,1188,UPI,2024,1,January,1188
b5bbd70d,2024-01-21 11:00:00,3e96e7,Books,T-Shirt,2,152,304,Cash,2024,1,January,304
f3017651,2024-01-21 12:00:00,d9a24a,Clothing,Laptop,2,76,152,Cash,2024,1,January,152
53497c09,2024-01-21 13:00:00,a658a4,Clothing,Novel,4,380,1520,Debit Card,2024,1,January,1520
d710d310,2024-01-21 14:00:00,7ee0ca,Electronics,Lipstick,4,258,1032,Cash,2024,1,January,1032
b6f5bcb7,2024-01-21 15:00:00,ff187f,Clothing,Lipstick,3,214,642,UPI,2024,1,January,642
b1e9272d,2024-01-21 16:00:00,bdcd45,Home Decor,Novel,2,490,980,Credit Card,2024,1,January,980
f126dde7,2024-01-21 17:00:00,4cb6b2,Home Decor,Lipstick,1,41,41,Cash,2024,1,January,41
381ba0f2,2024-01-21 18:00:00,952942,Home Decor,T-Shirt,2,164,328,Credit Card,2024,1,January,328
3c563f47,2024-01-21 19:00:00,ddf97f,Home Decor,Sofa,3,300,900,Debit Card,2024,1,January,900
940ac820,2024-01-21 20:00:00,a38696,Books,T-Shirt,4,413,1652,Debit Card,2024,1,January,1652
dd542494,2024-01-21 21:00:00,b5b7da,Home Decor,Sofa,4,232,928,UPI,2024,1,January,928
32925783,2024-01-21 22:00:00,4e8d63,Electronics,Lipstick,2,51,102,Credit Card,2024,1,January,102
b4b85edc,2024-01-21 23:00:00,62990d,Clothing,T-Shirt,3,204,612,Cash,2024,1,January,612
ff487d03,2024-01-22 00:00:00,a058b8,Books,Sofa,3,420,1260,Debit Card,2024,1,January,1260
3465f8d4,2024-01-22 01:00:00,a453b1,Books,Sofa,3,85,255,Credit Card,2024,1,January,255
ec05669c,2024-01-22 02:00:00,26b6c9,Clothing,Sofa,3,427,1281,UPI,2024,1,January,1281
2697b57d,2024-01-22 03:00:00,3230b4,Home Decor,T-Shirt,4,182,728,UPI,2024,1,January,728
b552520c,2024-01-22 04:00:00,780364,Home Decor,T-Shirt,1,139,139,UPI,2024,1,January,139
d70bade5,2024-01-22 05:00:00,94c3c4,Beauty,Sofa,3,19,57,Credit Card,2024,1,January,57
ed14fdf7,2024-01-22 06:00:00,5503aa,Electronics,Laptop,1,496,496,Cash,2024,1,January,496
5cfde459,2024-01-22 07:00:00,401167,Beauty,Sofa,1,322,322,Debit Card,2024,1,January,322
11d11b98,2024-01-22 08:00:00,90a26b,Clothing,Laptop,3,222,666,Credit Card,2024,1,January,666
05e6a8f6,2024-01-22 09:00:00,bf898e,Beauty,Lipstick,4,81,324,UPI,2024,1,January,324
012c8bbb,2024-01-22 10:00:00,73fbf5,Home Decor,Lipstick,4,268,1072,UPI,2024,1,January,1072
6782cee3,2024-01-22 11:00:00,6b6067,Electronics,Sofa,4,245,980,Credit Card,2024,1,January,980
2eac180b,2024-01-22 12:00:00,1e8504,Home Decor,Laptop,4,231,924,Debit Card,2024,1,January,924
d0ff882c,2024-01-22 13:00:00,335482,Home Decor,T-Shirt,3,194,582,Cash,2024,1,January,582
9978a824,2024-01-22 14:00:00,a9a2b0,Electronics,Novel,1,12,12,Debit Card,2024,1,January,12
3a4b0197,2024-01-22 15:00:00,55721d,Clothing,Lipstick,4,333,1332,Credit Card,2024,1,January,1332
b06d416e,2024-01-22 16:00:00,464392,Electronics,Sofa,2,32,64,Cash,2024,1,January,64
a0c86cd4,2024-01-22 17:00:00,9ea783,Electronics,Laptop,3,135,405,Credit Card,2024,1,January,405
40a133e0,2024-01-22 18:00:00,4e1657,Books,Sofa,3,68,204,UPI,2024,1,January,204
eebbc9c7,2024-01-22 19:00:00,a47564,Books,Novel,3,159,477,Credit Card,2024,1,January,477
a847b8c7,2024-01-22 20:00:00,97707e,Beauty,Sofa,1,153,153,Debit Card,2024,1,January,153
cabde81c,2024-01-22 21:00:00,a66c03,Books,Lipstick,2,52,104,Cash,2024,1,January,104
c99e18c4,2024-01-22 22:00:00,fd70c5,Beauty,T-Shirt,4,169,676,Credit Card,2024,1,January,676
86aed742,2024-01-22 23:00:00,900d8c,Electronics,Lipstick,2,425,850,Debit Card,2024,1,January,850
aef1bfa9,2024-01-23 00:00:00,4b3ab7,Home Decor,T-Shirt,3,315,945,Cash,2024,1,January,945
9630a9b9,2024-01-23 01:00:00,3f84b9,Books,Lipstick,2,364,728,Debit Card,2024,1,January,728
3c5f44a1,2024-01-23 02:00:00,3d5794,Electronics,Sofa,1,406,406,Cash,2024,1,January,406
aa631119,2024-01-23 03:00:00,95c81d,Beauty,Lipstick,4,429,1716,UPI,2024,1,January,1716
17ddfe10,2024-01-23 04:00:00,a058b8,Clothing,Sofa,4,412,1648,UPI,2024,1,January,1648
55694f1c,2024-01-23 05:00:00,92f42e,Electronics,Lipstick,2,398,796,Cash,2024,1,January,796
0867ab99,2024-01-23 06:00:00,1beced,Home Decor,Novel,2,261,522,Debit Card,2024,1,January,522
239a7d4a,2024-01-23 07:00:00,00e1ff,Books,Sofa,4,117,468,Debit Card,2024,1,January,468
b24f5ed4,2024-01-23 08:00:00,c11bcd,Beauty,Laptop,2,369,738,UPI,2024,1,January,738
ca5ab231,2024-01-23 09:00:00,1ef710,Books,Lipstick,3,60,180,UPI,2024,1,January,180
a8dcb0a8,2024-01-23 10:00:00,a5f9cf,Beauty,Sofa,4,377,1508,Credit Card,2024,1,January,1508
c1ec7c02,2024-01-23 11:00:00,d60a81,Beauty,Lipstick,2,278,556,Debit Card,2024,1,January,556
7f754a36,2024-01-23 12:00:00,09abde,Home Decor,Lipstick,2,11,22,Cash,2024,1,January,22
a7854f04,2024-01-23 13:00:00,9179cd,Books,Novel,3,67,201,Debit Card,2024,1,January,201
9e15a286,2024-01-23 14:00:00,1db120,Beauty,Novel,2,211,422,Debit Card,2024,1,January,422
5aee1b30,2024-01-23 15:00:00,0daf3e,Home Decor,Sofa,3,197,591,UPI,2024,1,January,591
2b8363fd,2024-01-23 16:00:00,720ce3,Home Decor,T-Shirt,4,55,220,Debit Card,2024,1,January,220
f40b9e2e,2024-01-23 17:00:00,5d31de,Home Decor,Lipstick,2,68,136,UPI,2024,1,January,136
7d2a7c65,2024-01-23 18:00:00,72b94a,Home Decor,Laptop,4,360,1440,Credit Card,2024,1,January,1440
421d28b8,2024-01-23 19:00:00,13dcc8,Home Decor,Lipstick,1,94,94,Credit Card,2024,1,January,94
1d5c2668,2024-01-23 20:00:00,21bb3c,Beauty,Sofa,1,291,291,Debit Card,2024,1,January,291
ba105aa1,2024-01-23 21:00:00,ef06ed,Books,T-Shirt,3,277,831,Credit Card,2024,1,January,831
c0f109a2,2024-01-23 22:00:00,642d5e,Beauty,Sofa,2,351,702,Debit Card,2024,1,January,702
09180b0e,2024-01-23 23:00:00,2797c4,Electronics,Novel,4,112,448,UPI,2024,1,January,448
069fdde6,2024-01-24 00:00:00,92f42e,Electronics,Laptop,1,38,38,Cash,2024,1,January,38
9cf8e0bf,2024-01-24 01:00:00,8588e6,Beauty,Lipstick,4,291,1164,UPI,2024,1,January,1164
a6b049c8,2024-01-24 02:00:00,68bb34,Clothing,T-Shirt,3,159,477,Debit Card,2024,1,January,477
4c6cbd3f,2024-01-24 03:00:00,7f8f6e,Books,Novel,4,419,1676,Credit Card,2024,1,January,1676
b0695c5f,2024-01-24 04:00:00,4e8d63,Books,T-Shirt,2,221,442,Debit Card,2024,1,January,442
476598e6,2024-01-24 05:00:00,add371,Clothing,Sofa,2,13,26,Debit Card,2024,1,January,26
54100777,2024-01-24 06:00:00,989d13,Electronics,T-Shirt,1,218,218,Debit Card,2024,1,January,218
5ee933e5,2024-01-24 07:00:00,560d35,Electronics,Laptop,4,270,1080,UPI,2024,1,January,1080
17ccd322,2024-01-24 08:00:00,ea3b0a,Home Decor,Sofa,3,149,447,Debit Card,2024,1,January,447
dbceaf84,2024-01-24 09:00:00,d91d4c,Clothing,Sofa,1,415,415,Credit Card,2024,1,January,415
b0787def,2024-01-24 10:00:00,d72dc0,Books,Novel,2,189,378,Cash,2024,1,January,378
bbbac55c,2024-01-24 11:00:00,7db8bc,Clothing,Lipstick,3,314,942,Credit Card,2024,1,January,942
3f067172,2024-01-24 12:00:00,9ef8fa,Clothing,Sofa,3,128,384,Debit Card,2024,1,January,384
ae447198,2024-01-24 13:00:00,a883b9,Home Decor,Laptop,4,449,1796,Cash,2024,1,January,1796
33e8e210,2024-01-24 14:00:00,2540a6,Clothing,Novel,3,70,210,Credit Card,2024,1,January,210
fb62ff5c,2024-01-24 15:00:00,374829,Clothing,T-Shirt,3,244,732,UPI,2024,1,January,732
afc472df,2024-01-24 16:00:00,6ecf87,Clothing,Laptop,2,460,920,Debit Card,2024,1,January,920
fea6e52e,2024-01-24 17:00:00,9179cd,Home Decor,Laptop,4,487,1948,Credit Card,2024,1,January,1948
1c438ede,2024-01-24 18:00:00,7e8063,Books,Laptop,4,121,484,Credit Card,2024,1,January,484
18a6721e,2024-01-24 19:00:00,0e7f83,Electronics,T-Shirt,3,409,1227,Debit Card,2024,1,January,1227
686e50cd,2024-01-24 20:00:00,41b60a,Home Decor,Laptop,1,30,30,Credit Card,2024,1,January,30
8bb3f3fd,2024-01-24 21:00:00,72b94a,Clothing,Lipstick,1,486,486,UPI,2024,1,January,486
dde75b60,2024-01-24 22:00:00,a5e223,Electronics,T-Shirt,3,166,498,UPI,2024,1,January,498
7870b307,2024-01-24 23:00:00,08561f,Electronics,Lipstick,2,344,688,Cash,2024,1,January,688
a0e3370b,2024-01-25 00:00:00,e093b6,Clothing,Sofa,3,306,918,Debit Card,2024,1,January,918
4f180fd4,2024-01-25 01:00:00,c690cb,Beauty,Laptop,3,247,741,Cash,2024,1,January,741
3dcac7cb,2024-01-25 02:00:00,344e6a,Home Decor,Novel,1,166,166,UPI,2024,1,January,166
bc13499e,2024-01-25 03:00:00,43bf8b,Books,Laptop,4,208,832,Debit Card,2024,1,January,832
9df833c7,2024-01-25 04:00:00,a3633d,Beauty,Lipstick,4,90,360,Credit Card,2024,1,January,360
c880ab18,2024-01-25 05:00:00,c91499,Beauty,Novel,1,365,365,Credit Card,2024,1,January,365
ba966f89,2024-01-25 06:00:00,135dd1,Beauty,Sofa,1,334,334,Credit Card,2024,1,January,334
ced84b26,2024-01-25 07:00:00,135dd1,Home Decor,Laptop,4,490,1960,UPI,2024,1,January,1960
9e5bdd03,2024-01-25 08:00:00,acb4b3,Home Decor,Novel,2,271,542,Credit Card,2024,1,January,542
34fa4a15,2024-01-25 09:00:00,bf7f78,Beauty,Lipstick,3,365,1095,Cash,2024,1,January,1095
2f2f14f7,2024-01-25 10:00:00,e15a0f,Home Decor,Novel,1,273,273,Debit Card,2024,1,January,273
a4d2403d,2024-01-25 11:00:00,c5dcf8,Home Decor,Lipstick,1,239,239,Cash,2024,1,January,239
02e4e7ce,2024-01-25 12:00:00,e69c2c,Electronics,Lipstick,2,273,546,Debit Card,2024,1,January,546
b2ca7936,2024-01-25 13:00:00,ceafe5,Beauty,Laptop,4,410,1640,Debit Card,2024,1,January,1640
071e0fe7,2024-01-25 14:00:00,1d5e7c,Electronics,T-Shirt,4,381,1524,Credit Card,2024,1,January,1524
f415913a,2024-01-25 15:00:00,da21ea,Home Decor,Laptop,1,182,182,UPI,2024,1,January,182
57882c4a,2024-01-25 16:00:00,1718ff,Home Decor,Novel,2,421,842,Cash,2024,1,January,842
45772ba8,2024-01-25 17:00:00,8215fb,Home Decor,Sofa,3,445,1335,Cash,2024,1,January,1335
dbaf3ae7,2024-01-25 18:00:00,b96fdb,Clothing,Sofa,3,367,1101,Cash,2024,1,January,1101
fdbacf5a,2024-01-25 19:00:00,cd1aeb,Home Decor,Lipstick,2,262,524,Credit Card,2024,1,January,524
24ffd183,2024-01-25 20:00:00,d97042,Books,T-Shirt,1,176,176,Debit Card,2024,1,January,176
8e90833f,2024-01-25 21:00:00,aea03b,Books,Lipstick,3,81,243,UPI,2024,1,January,243
0f7b1603,2024-01-25 22:00:00,8e01c2,Electronics,T-Shirt,1,488,488,Cash,2024,1,January,488
8d4baf98,2024-01-25 23:00:00,68cd22,Beauty,Laptop,1,378,378,Cash,2024,1,January,378
8021dfdd,2024-01-26 00:00:00,2b8bd1,Electronics,T-Shirt,3,100,300,UPI,2024,1,January,300
f58486ea,2024-01-26 01:00:00,97707e,Books,Laptop,4,339,1356,Cash,2024,1,January,1356
473886f6,2024-01-26 02:00:00,7170d4,Clothing,Lipstick,2,56,112,Credit Card,2024,1,January,112
2c173f96,2024-01-26 03:00:00,1edeaa,Beauty,Laptop,1,160,160,Debit Card,2024,1,January,160
f730b081,2024-01-26 04:00:00,08a16f,Books,Lipstick,4,410,1640,UPI,2024,1,January,1640
0cca81ce,2024-01-26 05:00:00,8dd666,Books,Laptop,3,353,1059,UPI,2024,1,January,1059
aa72f57c,2024-01-26 06:00:00,5964b7,Beauty,Sofa,2,411,822,UPI,2024,1,January,822
2b02c956,2024-01-26 07:00:00,3c23c3,Books,Sofa,2,145,290,Credit Card,2024,1,January,290
5084ab9d,2024-01-26 08:00:00,e4b912,Electronics,Novel,2,395,790,UPI,2024,1,January,790
5517be7a,2024-01-26 09:00:00,dccb1a,Beauty,T-Shirt,3,87,261,UPI,2024,1,January,261
9fae4990,2024-01-26 10:00:00,d94e1a,Books,T-Shirt,2,432,864,Debit Card,2024,1,January,864
18d0a665,2024-01-26 11:00:00,630ccf,Electronics,T-Shirt,2,437,874,Debit Card,2024,1,January,874
9b8eb2fb,2024-01-26 12:00:00,f59c2a,Home Decor,Novel,3,474,1422,Cash,2024,1,January,1422
2ed04bfd,2024-01-26 13:00:00,0d28a1,Books,Lipstick,1,53,53,UPI,2024,1,January,53
7d8c92c5,2024-01-26 14:00:00,acb4b3,Home Decor,T-Shirt,3,369,1107,Cash,2024,1,January,1107
552ff3ad,2024-01-26 15:00:00,a89122,Beauty,Sofa,1,36,36,Debit Card,2024,1,January,36
0d133adc,2024-01-26 16:00:00,08728b,Clothing,T-Shirt,1,492,492,Credit Card,2024,1,January,492
8f4cef50,2024-01-26 17:00:00,50cd47,Beauty,Laptop,4,412,1648,Cash,2024,1,January,1648
9c1f2d79,2024-01-26 18:00:00,989d13,Electronics,Novel,4,223,892,Cash,2024,1,January,892
5c42fc2e,2024-01-26 19:00:00,0f0a4a,Books,Lipstick,4,257,1028,Cash,2024,1,January,1028
0985729d,2024-01-26 20:00:00,3e9b3c,Home Decor,Sofa,1,206,206,Debit Card,2024,1,January,206
86c255a9,2024-01-26 21:00:00,e5e89c,Books,Sofa,4,327,1308,Debit Card,2024,1,January,1308
bf5f15c6,2024-01-26 22:00:00,541935,Books,Sofa,2,498,996,Cash,2024,1,January,996
fe41eefa,2024-01-26 23:00:00,26031c,Electronics,T-Shirt,3,142,426,UPI,2024,1,January,426
bcc43748,2024-01-27 00:00:00,bcea66,Books,Novel,2,411,822,UPI,2024,1,January,822
09156bf8,2024-01-27 01:00:00,a6f09a,Home Decor,Sofa,3,482,1446,UPI,2024,1,January,1446
e367a1d9,2024-01-27 02:00:00,246cc6,Beauty,T-Shirt,1,439,439,Credit Card,2024,1,January,439
5682ea1c,2024-01-27 03:00:00,1cf4fd,Clothing,Novel,4,390,1560,Debit Card,2024,1,January,1560
87fc7c5f,2024-01-27 04:00:00,88c997,Home Decor,Sofa,4,436,1744,UPI,2024,1,January,1744
7ad78ac7,2024-01-27 05:00:00,8b9634,Books,Sofa,4,197,788,Credit Card,2024,1,January,788
10d77f5b,2024-01-27 06:00:00,d8c1d4,Home Decor,Lipstick,3,346,1038,Cash,2024,1,January,1038
798af220,2024-01-27 07:00:00,d5fa58,Electronics,Laptop,2,105,210,UPI,2024,1,January,210
1eaa2d87,2024-01-27 08:00:00,d9e3eb,Electronics,Sofa,4,202,808,Cash,2024,1,January,808
40da814d,2024-01-27 09:00:00,888bce,Clothing,Lipstick,2,224,448,UPI,2024,1,January,448
c31837c7,2024-01-27 10:00:00,bc7eea,Clothing,Novel,4,355,1420,UPI,2024,1,January,1420
ffd59544,2024-01-27 11:00:00,580dca,Beauty,Novel,2,362,724,Credit Card,2024,1,January,724
722d6f24,2024-01-27 12:00:00,3f29cb,Home Decor,Novel,4,359,1436,Debit Card,2024,1,January,1436
0de07e62,2024-01-27 13:00:00,4bcdfc,Electronics,Laptop,4,437,1748,Credit Card,2024,1,January,1748
5e3c650b,2024-01-27 14:00:00,1513de,Books,T-Shirt,2,161,322,Debit Card,2024,1,January,322
44f7d678,2024-01-27 15:00:00,1e3c19,Books,Novel,4,265,1060,Cash,2024,1,January,1060
ee1bd829,2024-01-27 16:00:00,d1bc18,Beauty,Novel,2,248,496,Debit Card,2024,1,January,496
968a54f4,2024-01-27 17:00:00,467ac4,Home Decor,Lipstick,4,310,1240,UPI,2024,1,January,1240
d73a1cbf,2024-01-27 18:00:00,68bb34,Beauty,T-Shirt,1,123,123,Cash,2024,1,January,123
eec8bd1e,2024-01-27 19:00:00,ee92a5,Beauty,Laptop,4,426,1704,Credit Card,2024,1,January,1704
c9c5c4dc,2024-01-27 20:00:00,13da0f,Clothing,T-Shirt,2,157,314,Cash,2024,1,January,314
cc7f27c6,2024-01-27 21:00:00,67f933,Clothing,Laptop,1,128,128,Credit Card,2024,1,January,128
2c97794c,2024-01-27 22:00:00,3fc53f,Beauty,Lipstick,3,87,261,UPI,2024,1,January,261
54a0b41f,2024-01-27 23:00:00,9d106b,Books,Novel,2,439,878,UPI,2024,1,January,878
055bb0a1,2024-01-28 00:00:00,dad6df,Clothing,Lipstick,2,262,524,Credit Card,2024,1,January,524
0a59715f,2024-01-28 01:00:00,85ae39,Books,Sofa,1,104,104,Cash,2024,1,January,104
2ac1d0e5,2024-01-28 02:00:00,ddf97f,Clothing,Lipstick,2,444,888,Cash,2024,1,January,888
2f4feb5b,2024-01-28 03:00:00,a89122,Electronics,Lipstick,3,433,1299,Cash,2024,1,January,1299
6bd85cc1,2024-01-28 04:00:00,08a79b,Beauty,Novel,3,208,624,Cash,2024,1,January,624
20546904,2024-01-28 05:00:00,903a0f,Electronics,Laptop,4,288,1152,UPI,2024,1,January,1152
61cf7a2e,2024-01-28 06:00:00,7d5842,Electronics,Laptop,4,232,928,Credit Card,2024,1,January,928
223d2299,2024-01-28 07:00:00,4b908c,Beauty,Novel,3,459,1377,UPI,2024,1,January,1377
8a3a51f3,2024-01-28 08:00:00,d8b630,Books,Novel,2,295,590,Debit Card,2024,1,January,590
ddec3dc7,2024-01-28 09:00:00,c4d27b,Electronics,Laptop,4,164,656,Debit Card,2024,1,January,656
4cc47a61,2024-01-28 10:00:00,59035c,Beauty,Lipstick,4,161,644,Cash,2024,1,January,644
186a82a2,2024-01-28 11:00:00,10ce2b,Beauty,Lipstick,2,362,724,Credit Card,2024,1,January,724
c95c486c,2024-01-28 12:00:00,d35b1d,Beauty,Sofa,1,140,140,UPI,2024,1,January,140
3aa6d5e1,2024-01-28 13:00:00,b8e59b,Home Decor,Sofa,2,32,64,Debit Card,2024,1,January,64
87ce32cb,2024-01-28 14:00:00,8ad450,Beauty,Novel,2,35,70,UPI,2024,1,January,70
c5606b3d,2024-01-28 15:00:00,5ad076,Books,Sofa,1,178,178,Cash,2024,1,January,178
30b00f83,2024-01-28 16:00:00,9df3ae,Home Decor,Laptop,3,142,426,Cash,2024,1,January,426
cc66756f,2024-01-28 17:00:00,0db9a5,Clothing,Sofa,3,171,513,UPI,2024,1,January,513
cea2b4b7,2024-01-28 18:00:00,575c46,Clothing,T-Shirt,2,285,570,UPI,2024,1,January,570
a9781b6a,2024-01-28 19:00:00,550b13,Beauty,Lipstick,4,219,876,Cash,2024,1,January,876
f4e18848,2024-01-28 20:00:00,575c46,Clothing,Novel,2,252,504,UPI,2024,1,January,504
250ce85e,2024-01-28 21:00:00,7e3148,Clothing,T-Shirt,4,32,128,Cash,2024,1,January,128
d43aa941,2024-01-28 22:00:00,60c2f9,Electronics,Laptop,2,180,360,UPI,2024,1,January,360
f35713d9,2024-01-28 23:00:00,e4b912,Electronics,Novel,3,447,1341,Credit Card,2024,1,January,1341
8469662e,2024-01-29 00:00:00,4ddebc,Electronics,Sofa,2,456,912,Cash,2024,1,January,912
7440dbc5,2024-01-29 01:00:00,1e8504,Home Decor,Sofa,4,432,1728,Debit Card,2024,1,January,1728
13fc5681,2024-01-29 02:00:00,eb6746,Electronics,Lipstick,3,55,165,Cash,2024,1,January,165
c5d192f6,2024-01-29 03:00:00,92cbb9,Clothing,Novel,2,103,206,Debit Card,2024,1,January,206
c56f0b64,2024-01-29 04:00:00,60c508,Books,T-Shirt,4,375,1500,Credit Card,2024,1,January,1500
9a1ed23a,2024-01-29 05:00:00,060b58,Electronics,T-Shirt,2,252,504,UPI,2024,1,January,504
1c03ede3,2024-01-29 06:00:00,d2a3a2,Books,Novel,3,136,408,Cash,2024,1,January,408
ebd225d4,2024-01-29 07:00:00,b1a4f4,Electronics,T-Shirt,3,317,951,Debit Card,2024,1,January,951
ea09fd95,2024-01-29 08:00:00,1322e7,Home Decor,T-Shirt,2,191,382,Debit Card,2024,1,January,382
549c3239,2024-01-29 09:00:00,eeed0d,Electronics,Novel,4,118,472,Cash,2024,1,January,472
d2b2abb6,2024-01-29 10:00:00,ae95e4,Clothing,Novel,1,448,448,UPI,2024,1,January,448
7c921ab0,2024-01-29 11:00:00,a5f9cf,Clothing,T-Shirt,4,128,512,Cash,2024,1,January,512
4082d555,2024-01-29 12:00:00,a12678,Clothing,Sofa,4,130,520,Debit Card,2024,1,January,520
ee58a867,2024-01-29 13:00:00,9353e8,Books,Novel,1,241,241,UPI,2024,1,January,241
e602a85f,2024-01-29 14:00:00,15ba0d,Beauty,Novel,2,97,194,Credit Card,2024,1,January,194
87d34ebc,2024-01-29 15:00:00,cc8604,Beauty,Lipstick,1,118,118,Credit Card,2024,1,January,118
58ba12a4,2024-01-29 16:00:00,f5a254,Electronics,Lipstick,4,173,692,UPI,2024,1,January,692
0fb55fc2,2024-01-29 17:00:00,e69c2c,Electronics,T-Shirt,3,466,1398,Debit Card,2024,1,January,1398
ef14931c,2024-01-29 18:00:00,d19cca,Electronics,Sofa,3,353,1059,Debit Card,2024,1,January,1059
2bfc8bbc,2024-01-29 19:00:00,bf128f,Books,Laptop,3,308,924,UPI,2024,1,January,924
4a73e192,2024-01-29 20:00:00,c0491a,Clothing,Sofa,4,223,892,Cash,2024,1,January,892
a6b79d5b,2024-01-29 21:00:00,8dd224,Electronics,Sofa,4,321,1284,UPI,2024,1,January,1284
2e63ba7e,2024-01-29 22:00:00,7d8fb8,Clothing,Novel,4,241,964,Debit Card,2024,1,January,964
3476eec0,2024-01-29 23:00:00,67f933,Home Decor,Novel,4,324,1296,UPI,2024,1,January,1296
d27b427a,2024-01-30 00:00:00,a9b434,Clothing,Novel,2,198,396,Credit Card,2024,1,January,396
5ca5de5e,2024-01-30 01:00:00,be0fb8,Beauty,Lipstick,3,411,1233,Debit Card,2024,1,January,1233
ce9fcd8d,2024-01-30 02:00:00,8215fb,Home Decor,Novel,4,65,260,Cash,2024,1,January,260
6176754e,2024-01-30 03:00:00,1322e7,Beauty,Laptop,4,68,272,Cash,2024,1,January,272
de1a62d2,2024-01-30 04:00:00,ef1539,Electronics,Laptop,1,274,274,Debit Card,2024,1,January,274
618116e0,2024-01-30 05:00:00,f96d13,Books,Sofa,4,123,492,Credit Card,2024,1,January,492
d4cb016d,2024-01-30 06:00:00,b8e59b,Beauty,T-Shirt,1,365,365,Credit Card,2024,1,January,365
8ea17afc,2024-01-30 07:00:00,1029b3,Clothing,Novel,2,408,816,Debit Card,2024,1,January,816
d4ed1956,2024-01-30 08:00:00,ac0060,Beauty,Novel,3,444,1332,Credit Card,2024,1,January,1332
d21f0d05,2024-01-30 09:00:00,c8c78f,Home Decor,T-Shirt,1,72,72,Credit Card,2024,1,January,72
3b8d2b25,2024-01-30 10:00:00,7c6499,Home Decor,Lipstick,2,476,952,Cash,2024,1,January,952
9b185b2c,2024-01-30 11:00:00,b0af01,Electronics,Laptop,4,262,1048,Debit Card,2024,1,January,1048
88b44b6f,2024-01-30 12:00:00,575c46,Clothing,T-Shirt,2,285,570,Cash,2024,1,January,570
01a6514d,2024-01-30 13:00:00,381cc6,Beauty,Novel,3,281,843,Credit Card,2024,1,January,843
d1ea0909,2024-01-30 14:00:00,c91499,Books,T-Shirt,4,317,1268,UPI,2024,1,January,1268
9bc8a12c,2024-01-30 15:00:00,fdbb3f,Electronics,Lipstick,4,78,312,Credit Card,2024,1,January,312
03b954a8,2024-01-30 16:00:00,5e1657,Electronics,Lipstick,3,11,33,Credit Card,2024,1,January,33
513e7270,2024-01-30 17:00:00,9e382d,Clothing,Lipstick,2,404,808,Debit Card,2024,1,January,808
1e55bc2a,2024-01-30 18:00:00,0db9a5,Home Decor,Laptop,3,110,330,Debit Card,2024,1,January,330
2ec9ee7f,2024-01-30 19:00:00,940c3d,Clothing,Sofa,3,36,108,UPI,2024,1,January,108
69052a34,2024-01-30 20:00:00,309b59,Clothing,T-Shirt,1,471,471,Cash,2024,1,January,471
91d0f397,2024-01-30 21:00:00,37f14f,Beauty,Novel,4,454,1816,Credit Card,2024,1,January,1816
852a818c,2024-01-30 22:00:00,346072,Home Decor,Laptop,3,474,1422,Debit Card,2024,1,January,1422
58b0cef3,2024-01-30 23:00:00,4b5844,Clothing,Novel,4,32,128,Debit Card,2024,1,January,128
28ab81b7,2024-01-31 00:00:00,61e522,Home Decor,Novel,1,360,360,Cash,2024,1,January,360
74fe9f65,2024-01-31 01:00:00,d83b36,Books,Laptop,2,212,424,Credit Card,2024,1,January,424
820ccdd3,2024-01-31 02:00:00,a2a17c,Books,Laptop,4,114,456,UPI,2024,1,January,456
92f14922,2024-01-31 03:00:00,2a9411,Clothing,Laptop,3,367,1101,Cash,2024,1,January,1101
01ac8497,2024-01-31 04:00:00,897d59,Clothing,Sofa,4,37,148,UPI,2024,1,January,148
de049a34,2024-01-31 05:00:00,cd5300,Clothing,Sofa,2,175,350,Cash,2024,1,January,350
0d3b3834,2024-01-31 06:00:00,ef06ed,Beauty,Sofa,4,166,664,UPI,2024,1,January,664
2438d2c7,2024-01-31 07:00:00,9ba44c,Clothing,Sofa,4,413,1652,Debit Card,2024,1,January,1652
e4abf996,2024-01-31 08:00:00,1ad5da,Home Decor,Lipstick,4,352,1408,Debit Card,2024,1,January,1408
301896dd,2024-01-31 09:00:00,40f1ca,Electronics,Novel,4,498,1992,Credit Card,2024,1,January,1992
c0355537,2024-01-31 10:00:00,e6e784,Home Decor,Sofa,2,460,920,Cash,2024,1,January,920
99f0db10,2024-01-31 11:00:00,e15d65,Electronics,Novel,3,374,1122,Debit Card,2024,1,January,1122
c703d54a,2024-01-31 12:00:00,be0fb8,Electronics,Sofa,4,456,1824,UPI,2024,1,January,1824
e7e52124,2024-01-31 13:00:00,0d28a1,Clothing,T-Shirt,2,385,770,Credit Card,2024,1,January,770
1497a82f,2024-01-31 14:00:00,3cc777,Electronics,T-Shirt,2,284,568,Cash,2024,1,January,568
34103a15,2024-01-31 15:00:00,1beced,Books,Lipstick,4,462,1848,Credit Card,2024,1,January,1848
2dce4516,2024-01-31 16:00:00,148b08,Electronics,Sofa,2,50,100,Credit Card,2024,1,January,100
e98d85e9,2024-01-31 17:00:00,59df81,Clothing,Novel,4,396,1584,Cash,2024,1,January,1584
fcadea01,2024-01-31 18:00:00,1ef710,Home Decor,T-Shirt,3,227,681,Cash,2024,1,January,681
aa88a291,2024-01-31 19:00:00,916382,Home Decor,Sofa,2,26,52,Cash,2024,1,January,52
7f52603a,2024-01-31 20:00:00,d8c1d4,Clothing,T-Shirt,4,168,672,UPI,2024,1,January,672
dc2a4d78,2024-01-31 21:00:00,7064f8,Electronics,Laptop,1,21,21,Debit Card,2024,1,January,21
72dededf,2024-01-31 22:00:00,73d905,Clothing,Lipstick,2,406,812,Credit Card,2024,1,January,812
73156ae0,2024-01-31 23:00:00,094a5a,Home Decor,T-Shirt,4,20,80,UPI,2024,1,January,80
1eeedd27,2024-02-01 00:00:00,811593,Beauty,Sofa,4,179,716,Credit Card,2024,2,February,716
50efa239,2024-02-01 01:00:00,26c89a,Home Decor,Lipstick,4,134,536,Cash,2024,2,February,536
9fff64ff,2024-02-01 02:00:00,d07df3,Home Decor,Lipstick,1,78,78,Cash,2024,2,February,78
a4159103,2024-02-01 03:00:00,9f5492,Home Decor,Sofa,1,89,89,UPI,2024,2,February,89
19fad6bd,2024-02-01 04:00:00,c11bcd,Clothing,Novel,1,433,433,Credit Card,2024,2,February,433
abe47b97,2024-02-01 05:00:00,a6b61d,Home Decor,Sofa,1,489,489,UPI,2024,2,February,489
c0e97f27,2024-02-01 06:00:00,37228a,Books,Sofa,3,220,660,Debit Card,2024,2,February,660
66ef35a8,2024-02-01 07:00:00,6ca609,Home Decor,Laptop,4,133,532,Debit Card,2024,2,February,532
9c98972a,2024-02-01 08:00:00,aaf3d9,Books,Lipstick,1,276,276,Credit Card,2024,2,February,276
aba8a7d2,2024-02-01 09:00:00,8312ef,Books,Sofa,4,499,1996,Cash,2024,2,February,1996
74243e65,2024-02-01 10:00:00,8dd224,Clothing,Lipstick,1,241,241,Cash,2024,2,February,241
e8d41b77,2024-02-01 11:00:00,1ad5da,Clothing,T-Shirt,2,111,222,Cash,2024,2,February,222
cb7357ea,2024-02-01 12:00:00,1b2cd5,Books,Lipstick,1,177,177,Credit Card,2024,2,February,177
fdadbfa7,2024-02-01 13:00:00,f0a89d,Books,Novel,3,113,339,UPI,2024,2,February,339
15f51499,2024-02-01 14:00:00,20f79d,Clothing,Lipstick,3,94,282,Debit Card,2024,2,February,282
f21c8db3,2024-02-01 15:00:00,eb54c2,Home Decor,Novel,3,123,369,Cash,2024,2,February,369
eab31a2e,2024-02-01 16:00:00,f59c2a,Beauty,Laptop,2,35,70,UPI,2024,2,February,70
98102aa7,2024-02-01 17:00:00,14d85a,Books,T-Shirt,4,93,372,Cash,2024,2,February,372
c6af575a,2024-02-01 18:00:00,e2494b,Home Decor,Novel,3,411,1233,Debit Card,2024,2,February,1233
a8687b30,2024-02-01 19:00:00,917c1b,Beauty,Sofa,4,281,1124,UPI,2024,2,February,1124
766764b9,2024-02-01 20:00:00,4a2f5b,Books,T-Shirt,4,435,1740,Credit Card,2024,2,February,1740
9bac6c3c,2024-02-01 21:00:00,8936ea,Electronics,Laptop,1,124,124,Credit Card,2024,2,February,124
197e973e,2024-02-01 22:00:00,13e8e2,Electronics,T-Shirt,3,336,1008,UPI,2024,2,February,1008
c56fff99,2024-02-01 23:00:00,cb2083,Books,Lipstick,4,310,1240,Cash,2024,2,February,1240
cae51ce3,2024-02-02 00:00:00,08728b,Electronics,T-Shirt,3,306,918,Debit Card,2024,2,February,918
09b2715a,2024-02-02 01:00:00,2e6228,Beauty,Lipstick,1,186,186,Credit Card,2024,2,February,186
5da4025b,2024-02-02 02:00:00,e948d6,Clothing,T-Shirt,1,54,54,Cash,2024,2,February,54
e142b950,2024-02-02 03:00:00,80d1dc,Books,Laptop,3,86,258,Credit Card,2024,2,February,258
a37cfb18,2024-02-02 04:00:00,fd70c5,Beauty,T-Shirt,4,395,1580,Debit Card,2024,2,February,1580
bb9f76e4,2024-02-02 05:00:00,7e3148,Beauty,T-Shirt,2,29,58,Credit Card,2024,2,February,58
2bb46b72,2024-02-02 06:00:00,847711,Clothing,Lipstick,3,193,579,Cash,2024,2,February,579
83f00db5,2024-02-02 07:00:00,bbfab4,Clothing,Sofa,4,65,260,Debit Card,2024,2,February,260
01056c05,2024-02-02 08:00:00,246cc6,Home Decor,Lipstick,2,79,158,Credit Card,2024,2,February,158
e1fc4104,2024-02-02 09:00:00,36e794,Books,Sofa,1,375,375,Credit Card,2024,2,February,375
f5f3bc8a,2024-02-02 10:00:00,6776ac,Clothing,Laptop,1,499,499,Cash,2024,2,February,499
2769c66e,2024-02-02 11:00:00,0ae342,Electronics,T-Shirt,2,126,252,UPI,2024,2,February,252
a88d445b,2024-02-02 12:00:00,ac54e7,Home Decor,Sofa,2,348,696,Cash,2024,2,February,696
f51a89d2,2024-02-02 13:00:00,ae70df,Electronics,Lipstick,2,452,904,Debit Card,2024,2,February,904
08661338,2024-02-02 14:00:00,8e6541,Clothing,Novel,3,121,363,Debit Card,2024,2,February,363
fdb52d92,2024-02-02 15:00:00,3e7683,Clothing,T-Shirt,3,194,582,Credit Card,2024,2,February,582
cd761956,2024-02-02 16:00:00,f0c87e,Home Decor,Lipstick,3,179,537,Cash,2024,2,February,537
5c6fed00,2024-02-02 17:00:00,1b4acc,Beauty,Sofa,4,323,1292,UPI,2024,2,February,1292
93b51081,2024-02-02 18:00:00,dd1d33,Electronics,Novel,4,247,988,Debit Card,2024,2,February,988
3a0c10f9,2024-02-02 19:00:00,006294,Books,Lipstick,1,116,116,Cash,2024,2,February,116
e2996336,2024-02-02 20:00:00,630ccf,Home Decor,Laptop,1,321,321,UPI,2024,2,February,321
7f41e51d,2024-02-02 21:00:00,791f39,Home Decor,Laptop,3,371,1113,Debit Card,2024,2,February,1113
dd109ef2,2024-02-02 22:00:00,f56c4e,Home Decor,Lipstick,3,169,507,UPI,2024,2,February,507
c4521c84,2024-02-02 23:00:00,346072,Home Decor,Sofa,1,393,393,Debit Card,2024,2,February,393
37286890,2024-02-03 00:00:00,0cfc2b,Home Decor,T-Shirt,3,21,63,UPI,2024,2,February,63
82642e7f,2024-02-03 01:00:00,959052,Clothing,Sofa,2,451,902,Credit Card,2024,2,February,902
e38144a1,2024-02-03 02:00:00,e30430,Electronics,Novel,3,424,1272,Cash,2024,2,February,1272
201cda9c,2024-02-03 03:00:00,1b5abd,Electronics,Lipstick,3,461,1383,Credit Card,2024,2,February,1383
011d3354,2024-02-03 04:00:00,585151,Books,Lipstick,4,318,1272,Credit Card,2024,2,February,1272
031b6298,2024-02-03 05:00:00,ceafe5,Electronics,Sofa,4,436,1744,Credit Card,2024,2,February,1744
6418d2a9,2024-02-03 06:00:00,1cb934,Clothing,T-Shirt,2,241,482,Cash,2024,2,February,482
85d83882,2024-02-03 07:00:00,a5a354,Beauty,Novel,2,458,916,UPI,2024,2,February,916
4117cd79,2024-02-03 08:00:00,9e2389,Electronics,T-Shirt,3,142,426,Credit Card,2024,2,February,426
ea43df7e,2024-02-03 09:00:00,7170d4,Clothing,Laptop,1,286,286,UPI,2024,2,February,286
be317063,2024-02-03 10:00:00,4627f4,Beauty,Novel,3,381,1143,Cash,2024,2,February,1143
df5cfd66,2024-02-03 11:00:00,2b8bd1,Beauty,Sofa,2,174,348,Debit Card,2024,2,February,348
5c17ff0c,2024-02-03 12:00:00,83cdef,Beauty,Lipstick,2,97,194,Cash,2024,2,February,194
aa988028,2024-02-03 13:00:00,54fab6,Home Decor,Laptop,2,304,608,Credit Card,2024,2,February,608
86ddace5,2024-02-03 14:00:00,56a8d9,Beauty,Lipstick,4,221,884,UPI,2024,2,February,884
7bc5155a,2024-02-03 15:00:00,e940d4,Clothing,Laptop,2,159,318,Debit Card,2024,2,February,318
7ae78dd6,2024-02-03 16:00:00,3e1b48,Beauty,Sofa,2,191,382,Cash,2024,2,February,382
4cc94152,2024-02-03 17:00:00,26b6c9,Books,Sofa,4,223,892,Cash,2024,2,February,892
5228a4da,2024-02-03 18:00:00,4e1657,Electronics,Laptop,2,454,908,Cash,2024,2,February,908
c4830b48,2024-02-03 19:00:00,1e2aca,Electronics,Sofa,3,339,1017,UPI,2024,2,February,1017
0ba93fea,2024-02-03 20:00:00,deb177,Clothing,T-Shirt,1,296,296,UPI,2024,2,February,296
995a123a,2024-02-03 21:00:00,309b59,Books,Laptop,3,275,825,Debit Card,2024,2,February,825
10f926e1,2024-02-03 22:00:00,90d7c6,Electronics,Novel,3,450,1350,UPI,2024,2,February,1350
27f53062,2024-02-03 23:00:00,c0f584,Home Decor,Sofa,4,393,1572,Debit Card,2024,2,February,1572
ebc1d5bb,2024-02-04 00:00:00,31a237,Electronics,Sofa,2,176,352,UPI,2024,2,February,352
2a3b85d5,2024-02-04 01:00:00,c87119,Books,Laptop,2,288,576,Debit Card,2024,2,February,576
8da85cd4,2024-02-04 02:00:00,1dd7b1,Home Decor,Lipstick,4,16,64,Cash,2024,2,February,64
d759a261,2024-02-04 03:00:00,8ccac6,Books,Novel,4,255,1020,Cash,2024,2,February,1020
942678a2,2024-02-04 04:00:00,36e794,Beauty,Sofa,2,120,240,Credit Card,2024,2,February,240
c444a201,2024-02-04 05:00:00,00ad60,Beauty,T-Shirt,2,213,426,Cash,2024,2,February,426
9f875597,2024-02-04 06:00:00,120b0f,Books,Laptop,1,484,484,Cash,2024,2,February,484
cedc13ca,2024-02-04 07:00:00,a52d97,Clothing,T-Shirt,1,91,91,Credit Card,2024,2,February,91
a18a70e7,2024-02-04 08:00:00,282154,Clothing,Lipstick,4,29,116,UPI,2024,2,February,116
6c97514c,2024-02-04 09:00:00,37228a,Electronics,Lipstick,4,66,264,Cash,2024,2,February,264
16f3e549,2024-02-04 10:00:00,401167,Beauty,Laptop,2,303,606,UPI,2024,2,February,606
33dc1650,2024-02-04 11:00:00,67e362,Beauty,Lipstick,1,139,139,UPI,2024,2,February,139
58df66cb,2024-02-04 12:00:00,197942,Clothing,Sofa,3,173,519,Credit Card,2024,2,February,519
2e5d2454,2024-02-04 13:00:00,e07b6d,Clothing,Laptop,3,244,732,UPI,2024,2,February,732
492df1f9,2024-02-04 14:00:00,de5c05,Electronics,Sofa,4,54,216,UPI,2024,2,February,216
513a6e50,2024-02-04 15:00:00,a12651,Beauty,T-Shirt,3,444,1332,Cash,2024,2,February,1332
a05518be,2024-02-04 16:00:00,62990d,Books,Lipstick,4,318,1272,UPI,2024,2,February,1272
4253e56b,2024-02-04 17:00:00,667c1a,Home Decor,Lipstick,2,287,574,Debit Card,2024,2,February,574
eb8d37f6,2024-02-04 18:00:00,63001a,Books,Lipstick,3,498,1494,UPI,2024,2,February,1494
bfeceb05,2024-02-04 19:00:00,e7a15f,Home Decor,Lipstick,2,180,360,UPI,2024,2,February,360
a535d77f,2024-02-04 20:00:00,2a9411,Books,Sofa,3,34,102,Debit Card,2024,2,February,102
4eeee5cd,2024-02-04 21:00:00,0289d3,Electronics,Novel,2,153,306,Cash,2024,2,February,306
e2d4b58b,2024-02-04 22:00:00,900d8c,Electronics,Lipstick,2,145,290,Cash,2024,2,February,290
fac28f27,2024-02-04 23:00:00,56b912,Electronics,Novel,3,401,1203,Credit Card,2024,2,February,1203
c0389425,2024-02-05 00:00:00,deb177,Electronics,Sofa,4,484,1936,Credit Card,2024,2,February,1936
59f78b39,2024-02-05 01:00:00,56a8d9,Books,Novel,2,259,518,UPI,2024,2,February,518
c03c3182,2024-02-05 02:00:00,e098d4,Electronics,Laptop,2,341,682,Credit Card,2024,2,February,682
1c588bf4,2024-02-05 03:00:00,e15a0f,Clothing,Sofa,1,98,98,Cash,2024,2,February,98
dd64c638,2024-02-05 04:00:00,aa5ddc,Electronics,Novel,1,465,465,UPI,2024,2,February,465
8d42691c,2024-02-05 05:00:00,4cc3df,Books,T-Shirt,1,444,444,Credit Card,2024,2,February,444
a134ffc1,2024-02-05 06:00:00,62a73d,Electronics,Novel,1,150,150,Credit Card,2024,2,February,150
4d254911,2024-02-05 07:00:00,90a26b,Electronics,Sofa,1,19,19,Credit Card,2024,2,February,19
5c6c0473,2024-02-05 08:00:00,092c22,Clothing,Sofa,3,413,1239,Credit Card,2024,2,February,1239
b7ea596a,2024-02-05 09:00:00,1d15a4,Home Decor,T-Shirt,2,179,358,UPI,2024,2,February,358
1bc0fe02,2024-02-05 10:00:00,6730ff,Clothing,T-Shirt,4,184,736,Credit Card,2024,2,February,736
6038ad2c,2024-02-05 11:00:00,17e1d4,Electronics,Laptop,4,200,800,Credit Card,2024,2,February,800
18fa55a8,2024-02-05 12:00:00,11e14c,Books,Sofa,4,295,1180,Cash,2024,2,February,1180
2e8b764d,2024-02-05 13:00:00,f3a502,Electronics,Novel,2,466,932,Cash,2024,2,February,932
dc8524de,2024-02-05 14:00:00,658cee,Home Decor,Novel,1,236,236,Debit Card,2024,2,February,236
306af021,2024-02-05 15:00:00,8c6e13,Electronics,T-Shirt,1,415,415,Credit Card,2024,2,February,415
76f72dbe,2024-02-05 16:00:00,09aaef,Beauty,Sofa,2,210,420,UPI,2024,2,February,420
39d17c71,2024-02-05 17:00:00,e15d65,Clothing,Laptop,2,147,294,Credit Card,2024,2,February,294
3161aa5e,2024-02-05 18:00:00,99d9cc,Beauty,T-Shirt,4,418,1672,Credit Card,2024,2,February,1672
c6c3aeef,2024-02-05 19:00:00,35c723,Home Decor,T-Shirt,2,63,126,Credit Card,2024,2,February,126
f12b2d4b,2024-02-05 20:00:00,fa3119,Books,Novel,2,131,262,Debit Card,2024,2,February,262
b0ed634f,2024-02-05 21:00:00,8588e6,Electronics,Novel,2,141,282,UPI,2024,2,February,282
2353ff03,2024-02-05 22:00:00,65d18b,Electronics,Lipstick,4,54,216,Credit Card,2024,2,February,216
806e07e7,2024-02-05 23:00:00,60c2f9,Home Decor,Lipstick,3,234,702,Credit Card,2024,2,February,702
38fcaa7e,2024-02-06 00:00:00,dcb83b,Clothing,Novel,3,173,519,Cash,2024,2,February,519
08de6bdb,2024-02-06 01:00:00,df0824,Books,T-Shirt,4,280,1120,Cash,2024,2,February,1120
66ce9acd,2024-02-06 02:00:00,2556f7,Electronics,T-Shirt,2,50,100,Cash,2024,2,February,100
d0aea58c,2024-02-06 03:00:00,65f7e4,Electronics,Sofa,2,156,312,UPI,2024,2,February,312
e3f5fded,2024-02-06 04:00:00,d19cca,Beauty,T-Shirt,3,317,951,UPI,2024,2,February,951
976713bb,2024-02-06 05:00:00,1d15a4,Home Decor,Laptop,3,444,1332,Credit Card,2024,2,February,1332
59d890ed,2024-02-06 06:00:00,360f57,Beauty,Laptop,1,289,289,Credit Card,2024,2,February,289
f541e7a6,2024-02-06 07:00:00,39f33c,Beauty,T-Shirt,4,400,1600,Cash,2024,2,February,1600
ed46ccaf,2024-02-06 08:00:00,73d905,Beauty,Novel,4,215,860,Credit Card,2024,2,February,860
3e7a7da3,2024-02-06 09:00:00,ee00cf,Beauty,Lipstick,4,291,1164,Debit Card,2024,2,February,1164
047a8e25,2024-02-06 10:00:00,d9a24a,Books,T-Shirt,1,10,10,Credit Card,2024,2,February,10
bc55752b,2024-02-06 11:00:00,aea03b,Electronics,Lipstick,3,492,1476,Cash,2024,2,February,1476
95745212,2024-02-06 12:00:00,ad14a2,Beauty,Lipstick,3,414,1242,Credit Card,2024,2,February,1242
36b59709,2024-02-06 13:00:00,5802d9,Clothing,Sofa,1,113,113,Credit Card,2024,2,February,113
4d9882a3,2024-02-06 14:00:00,e1b97f,Beauty,Lipstick,3,240,720,UPI,2024,2,February,720
7591a396,2024-02-06 15:00:00,bbfab4,Home Decor,Novel,2,303,606,Cash,2024,2,February,606
66ff73d1,2024-02-06 16:00:00,ddf97f,Clothing,Novel,3,282,846,Cash,2024,2,February,846
632436a9,2024-02-06 17:00:00,aea03b,Beauty,Novel,3,274,822,UPI,2024,2,February,822
4d79106e,2024-02-06 18:00:00,667c1a,Beauty,Lipstick,1,228,228,Credit Card,2024,2,February,228
b027620b,2024-02-06 19:00:00,d5fa58,Electronics,T-Shirt,1,61,61,Debit Card,2024,2,February,61
cca6b396,2024-02-06 20:00:00,a76950,Beauty,Laptop,2,245,490,UPI,2024,2,February,490
9087320f,2024-02-06 21:00:00,11027e,Home Decor,Laptop,2,130,260,Cash,2024,2,February,260
9bcd4bea,2024-02-06 22:00:00,e07b6d,Beauty,Sofa,2,478,956,Cash,2024,2,February,956
ea7fec73,2024-02-06 23:00:00,5b826e,Books,Laptop,1,358,358,Cash,2024,2,February,358
0ca7465d,2024-02-07 00:00:00,1513de,Electronics,Laptop,1,298,298,UPI,2024,2,February,298
6a89b413,2024-02-07 01:00:00,0db9a5,Beauty,T-Shirt,3,289,867,UPI,2024,2,February,867
668eed28,2024-02-07 02:00:00,bf128f,Electronics,Sofa,4,259,1036,UPI,2024,2,February,1036
1a0f3ffe,2024-02-07 03:00:00,603fe0,Home Decor,Lipstick,4,30,120,Debit Card,2024,2,February,120
0f71c9b4,2024-02-07 04:00:00,60c2f9,Beauty,Laptop,1,259,259,Credit Card,2024,2,February,259
209a3a03,2024-02-07 05:00:00,686e35,Clothing,Novel,1,204,204,UPI,2024,2,February,204
109af3b4,2024-02-07 06:00:00,d59ff4,Beauty,T-Shirt,4,159,636,Credit Card,2024,2,February,636
12f02e17,2024-02-07 07:00:00,0db9a5,Books,Lipstick,1,388,388,Cash,2024,2,February,388
9beff4a3,2024-02-07 08:00:00,73fbf5,Clothing,Novel,2,469,938,Cash,2024,2,February,938
3cc49ea1,2024-02-07 09:00:00,e1b2b1,Clothing,Laptop,2,151,302,Cash,2024,2,February,302
c6c8c715,2024-02-07 10:00:00,9ba44c,Clothing,Novel,3,418,1254,UPI,2024,2,February,1254
4795bb15,2024-02-07 11:00:00,24c8e5,Beauty,T-Shirt,1,113,113,Debit Card,2024,2,February,113
4f93031f,2024-02-07 12:00:00,99d9cc,Beauty,Sofa,3,176,528,Cash,2024,2,February,528
f5df6ffc,2024-02-07 13:00:00,db7bff,Books,Novel,2,87,174,UPI,2024,2,February,174
b204a1d8,2024-02-07 14:00:00,a29381,Home Decor,Laptop,2,195,390,UPI,2024,2,February,390
4dcd6cf9,2024-02-07 15:00:00,c91499,Electronics,Novel,2,306,612,Cash,2024,2,February,612
2c6f6b71,2024-02-07 16:00:00,1cf4fd,Beauty,T-Shirt,3,326,978,Debit Card,2024,2,February,978
a5fdb453,2024-02-07 17:00:00,2e7c73,Books,Novel,4,85,340,UPI,2024,2,February,340
59a55d27,2024-02-07 18:00:00,a89122,Home Decor,Lipstick,1,306,306,UPI,2024,2,February,306
b4507bc1,2024-02-07 19:00:00,fbf9a8,Clothing,Lipstick,1,276,276,UPI,2024,2,February,276
3f1292b2,2024-02-07 20:00:00,7df600,Books,Novel,4,264,1056,Debit Card,2024,2,February,1056
96ae4a9c,2024-02-07 21:00:00,d14e0c,Clothing,Sofa,3,273,819,Debit Card,2024,2,February,819
11ea6731,2024-02-07 22:00:00,90d7c6,Electronics,Sofa,4,272,1088,Credit Card,2024,2,February,1088
e51fd403,2024-02-07 23:00:00,a93bd0,Home Decor,Lipstick,4,145,580,Credit Card,2024,2,February,580
cbac4798,2024-02-08 00:00:00,1e903c,Home Decor,Laptop,1,61,61,Credit Card,2024,2,February,61
835855f4,2024-02-08 01:00:00,9e2389,Electronics,Laptop,4,380,1520,UPI,2024,2,February,1520
80b2cde7,2024-02-08 02:00:00,a76950,Clothing,Lipstick,2,71,142,UPI,2024,2,February,142
c1a6ffd9,2024-02-08 03:00:00,1ad5da,Clothing,Novel,3,291,873,UPI,2024,2,February,873
99a79a63,2024-02-08 04:00:00,96c37e,Home Decor,Novel,4,375,1500,Debit Card,2024,2,February,1500
cf658b8d,2024-02-08 05:00:00,d16086,Books,Novel,2,55,110,Credit Card,2024,2,February,110
12b7739c,2024-02-08 06:00:00,43f946,Electronics,Sofa,1,171,171,UPI,2024,2,February,171
0f4ad301,2024-02-08 07:00:00,9bd39e,Beauty,Laptop,2,343,686,Credit Card,2024,2,February,686
291b2377,2024-02-08 08:00:00,bf128f,Books,Novel,2,92,184,Debit Card,2024,2,February,184
5892a821,2024-02-08 09:00:00,689804,Books,Novel,3,272,816,Cash,2024,2,February,816
52254a81,2024-02-08 10:00:00,64ed02,Beauty,Lipstick,1,302,302,Credit Card,2024,2,February,302
5d2e9917,2024-02-08 11:00:00,9388bb,Electronics,T-Shirt,3,390,1170,Cash,2024,2,February,1170
c587581d,2024-02-08 12:00:00,ffa0c3,Beauty,Lipstick,4,178,712,Debit Card,2024,2,February,712
fcce02d7,2024-02-08 13:00:00,51d319,Books,T-Shirt,1,225,225,UPI,2024,2,February,225
ba3374b4,2024-02-08 14:00:00,c984e3,Beauty,T-Shirt,1,466,466,Debit Card,2024,2,February,466
c2602475,2024-02-08 15:00:00,89b95c,Clothing,Sofa,4,321,1284,Debit Card,2024,2,February,1284
b2baaf18,2024-02-08 16:00:00,c6bb91,Clothing,T-Shirt,4,356,1424,Debit Card,2024,2,February,1424
763aea3a,2024-02-08 17:00:00,f4a7dd,Electronics,Novel,1,438,438,Credit Card,2024,2,February,438
98b5167c,2024-02-08 18:00:00,96c37e,Electronics,Lipstick,3,81,243,Cash,2024,2,February,243
11d944c2,2024-02-08 19:00:00,d36e00,Clothing,Novel,3,479,1437,Debit Card,2024,2,February,1437
a2e4cbf0,2024-02-08 20:00:00,232afc,Clothing,Lipstick,2,96,192,Credit Card,2024,2,February,192
0cdf9e2c,2024-02-08 21:00:00,32699c,Books,Laptop,3,136,408,Credit Card,2024,2,February,408
4cda7e86,2024-02-08 22:00:00,ea3b0a,Home Decor,Lipstick,3,86,258,Credit Card,2024,2,February,258
60223d30,2024-02-08 23:00:00,9388bb,Home Decor,Laptop,4,17,68,Debit Card,2024,2,February,68
456b4158,2024-02-09 00:00:00,9c1e73,Electronics,Laptop,1,135,135,Cash,2024,2,February,135
fc17d8aa,2024-02-09 01:00:00,f5d634,Beauty,Sofa,4,35,140,Cash,2024,2,February,140
99548413,2024-02-09 02:00:00,575c46,Books,Laptop,4,438,1752,UPI,2024,2,February,1752
b6f94935,2024-02-09 03:00:00,53afab,Electronics,Laptop,3,99,297,Debit Card,2024,2,February,297
96b8c43e,2024-02-09 04:00:00,fc25e7,Beauty,Sofa,3,222,666,Credit Card,2024,2,February,666
011149fe,2024-02-09 05:00:00,0b9e10,Beauty,Novel,4,474,1896,UPI,2024,2,February,1896
13ebf055,2024-02-09 06:00:00,fe9e04,Books,Sofa,2,308,616,Debit Card,2024,2,February,616
5daa1b61,2024-02-09 07:00:00,ca68e4,Beauty,T-Shirt,3,316,948,UPI,2024,2,February,948
819ff004,2024-02-09 08:00:00,c0b07d,Clothing,Novel,4,290,1160,UPI,2024,2,February,1160
4b9abe5d,2024-02-09 09:00:00,8ccac6,Electronics,Lipstick,3,321,963,Credit Card,2024,2,February,963
54416431,2024-02-09 10:00:00,2b9564,Beauty,Sofa,3,119,357,Credit Card,2024,2,February,357
2b9d28cc,2024-02-09 11:00:00,5652da,Home Decor,Sofa,4,320,1280,Debit Card,2024,2,February,1280
149c5555,2024-02-09 12:00:00,5aa643,Books,Novel,4,89,356,Credit Card,2024,2,February,356
c7914ea8,2024-02-09 13:00:00,257e66,Beauty,T-Shirt,1,285,285,Credit Card,2024,2,February,285
ff8bbdd2,2024-02-09 14:00:00,88c997,Beauty,Sofa,3,45,135,Credit Card,2024,2,February,135
5929d26b,2024-02-09 15:00:00,5d31de,Beauty,T-Shirt,2,369,738,Credit Card,2024,2,February,738
bdbe6dff,2024-02-09 16:00:00,d72dc0,Clothing,T-Shirt,3,151,453,UPI,2024,2,February,453
dbc060df,2024-02-09 17:00:00,b77f0a,Clothing,Sofa,1,106,106,UPI,2024,2,February,106
bfdd38af,2024-02-09 18:00:00,32c04b,Home Decor,Sofa,4,475,1900,Credit Card,2024,2,February,1900
dc4e7f5f,2024-02-09 19:00:00,683113,Beauty,Lipstick,2,442,884,Debit Card,2024,2,February,884
f6f45b5e,2024-02-09 20:00:00,61e522,Books,Lipstick,1,197,197,Cash,2024,2,February,197
e917c8a9,2024-02-09 21:00:00,95c81d,Home Decor,T-Shirt,4,467,1868,Cash,2024,2,February,1868
8f52f1ef,2024-02-09 22:00:00,ec663d,Beauty,Sofa,2,27,54,Credit Card,2024,2,February,54
91f7892b,2024-02-09 23:00:00,499ab4,Beauty,Sofa,4,447,1788,UPI,2024,2,February,1788
79e2c54b,2024-02-10 00:00:00,67f933,Home Decor,Sofa,4,349,1396,Cash,2024,2,February,1396
42f4a75b,2024-02-10 01:00:00,a9b434,Clothing,T-Shirt,3,265,795,Debit Card,2024,2,February,795
364b9a28,2024-02-10 02:00:00,fe4026,Home Decor,Lipstick,4,333,1332,UPI,2024,2,February,1332
c0a683bf,2024-02-10 03:00:00,a7156f,Clothing,Laptop,1,265,265,Debit Card,2024,2,February,265
817dc84a,2024-02-10 04:00:00,bea91a,Beauty,Sofa,3,64,192,Debit Card,2024,2,February,192
a1fbedde,2024-02-10 05:00:00,282154,Books,Sofa,1,464,464,Debit Card,2024,2,February,464
4f519d87,2024-02-10 06:00:00,6d2563,Books,Lipstick,3,57,171,Debit Card,2024,2,February,171
78b9fda5,2024-02-10 07:00:00,a9b582,Clothing,T-Shirt,4,360,1440,UPI,2024,2,February,1440
9c43ed11,2024-02-10 08:00:00,aac587,Books,Sofa,3,115,345,UPI,2024,2,February,345
476dfad0,2024-02-10 09:00:00,b21113,Books,Sofa,2,217,434,Cash,2024,2,February,434
aeb5464d,2024-02-10 10:00:00,aac587,Electronics,T-Shirt,1,190,190,Credit Card,2024,2,February,190
a41e95d1,2024-02-10 11:00:00,62990d,Home Decor,Lipstick,4,308,1232,Cash,2024,2,February,1232
6f35100e,2024-02-10 12:00:00,deba11,Home Decor,Lipstick,1,499,499,Cash,2024,2,February,499
97270f5a,2024-02-10 13:00:00,50cd47,Clothing,T-Shirt,1,76,76,UPI,2024,2,February,76
720c8a8d,2024-02-10 14:00:00,cc8604,Home Decor,Sofa,2,383,766,Cash,2024,2,February,766
05cd0f1a,2024-02-10 15:00:00,c0090b,Beauty,Sofa,1,200,200,UPI,2024,2,February,200
24ce5a58,2024-02-10 16:00:00,4627f4,Beauty,Novel,1,387,387,Credit Card,2024,2,February,387
cddd5b56,2024-02-10 17:00:00,9d7d39,Home Decor,T-Shirt,4,106,424,Cash,2024,2,February,424
510ff608,2024-02-10 18:00:00,e6bc5a,Electronics,Novel,4,28,112,Cash,2024,2,February,112
7fcdb99b,2024-02-10 19:00:00,4b51ec,Clothing,Sofa,4,488,1952,Cash,2024,2,February,1952
4594945d,2024-02-10 20:00:00,da21ea,Books,Novel,1,298,298,Credit Card,2024,2,February,298
6761ca60,2024-02-10 21:00:00,68f3ee,Clothing,T-Shirt,1,472,472,UPI,2024,2,February,472
89f82394,2024-02-10 22:00:00,ac17d5,Books,Lipstick,2,406,812,Debit Card,2024,2,February,812
5afb6e8c,2024-02-10 23:00:00,7680b8,Books,Laptop,4,42,168,Credit Card,2024,2,February,168
b3a1fc3f,2024-02-11 00:00:00,92348e,Clothing,Sofa,3,254,762,UPI,2024,2,February,762
5bbcbaee,2024-02-11 01:00:00,b70eaa,Books,Lipstick,3,54,162,Cash,2024,2,February,162
83a91eba,2024-02-11 02:00:00,cb773f,Books,Novel,2,270,540,Credit Card,2024,2,February,540
af2b6fc8,2024-02-11 03:00:00,d5fa58,Home Decor,Sofa,3,218,654,Credit Card,2024,2,February,654
0bde5c78,2024-02-11 04:00:00,8761d7,Home Decor,T-Shirt,1,473,473,Cash,2024,2,February,473
f3934abd,2024-02-11 05:00:00,67f933,Beauty,T-Shirt,1,21,21,Credit Card,2024,2,February,21
45fc8a55,2024-02-11 06:00:00,c80b50,Home Decor,Laptop,1,313,313,Credit Card,2024,2,February,313
2a20b947,2024-02-11 07:00:00,bf128f,Beauty,Sofa,4,420,1680,Debit Card,2024,2,February,1680
eee22118,2024-02-11 08:00:00,aaeb81,Electronics,T-Shirt,1,487,487,Credit Card,2024,2,February,487
41f9ad9d,2024-02-11 09:00:00,d538ec,Home Decor,T-Shirt,1,237,237,UPI,2024,2,February,237
e8684ba6,2024-02-11 10:00:00,3c6a35,Books,Lipstick,1,337,337,UPI,2024,2,February,337
7ece2697,2024-02-11 11:00:00,6474f7,Electronics,T-Shirt,3,162,486,Credit Card,2024,2,February,486
0b069f4d,2024-02-11 12:00:00,c91499,Books,T-Shirt,2,493,986,Debit Card,2024,2,February,986
eb30ec5a,2024-02-11 13:00:00,206687,Electronics,Laptop,1,170,170,Debit Card,2024,2,February,170
fd8fa95c,2024-02-11 14:00:00,3e520e,Books,Sofa,1,145,145,Credit Card,2024,2,February,145
6ea6bc15,2024-02-11 15:00:00,fde82f,Home Decor,Novel,4,115,460,Cash,2024,2,February,460
f315077a,2024-02-11 16:00:00,9c1e73,Beauty,Laptop,4,474,1896,Cash,2024,2,February,1896
bd958d1c,2024-02-11 17:00:00,8ad450,Home Decor,Sofa,1,497,497,Cash,2024,2,February,497
ce14eee2,2024-02-11 18:00:00,c91499,Beauty,Lipstick,3,338,1014,Debit Card,2024,2,February,1014
863135da,2024-02-11 19:00:00,26c89a,Home Decor,Laptop,2,25,50,Credit Card,2024,2,February,50
727fab86,2024-02-11 20:00:00,c54e01,Clothing,Sofa,4,190,760,Debit Card,2024,2,February,760
96944f01,2024-02-11 21:00:00,720ce3,Electronics,T-Shirt,1,48,48,Debit Card,2024,2,February,48
7124e452,2024-02-11 22:00:00,68cd22,Clothing,Lipstick,4,437,1748,UPI,2024,2,February,1748
dfafc30c,2024-02-11 23:00:00,a9a2b0,Beauty,Lipstick,2,280,560,Cash,2024,2,February,560
d1526882,2024-02-12 00:00:00,03adb4,Books,Sofa,3,223,669,UPI,2024,2,February,669
6667024d,2024-02-12 01:00:00,c4d27b,Clothing,T-Shirt,3,60,180,Cash,2024,2,February,180
ebc0a7b5,2024-02-12 02:00:00,4b3ab7,Home Decor,Lipstick,1,200,200,Cash,2024,2,February,200
cf3d4844,2024-02-12 03:00:00,0b1953,Beauty,Sofa,1,63,63,Debit Card,2024,2,February,63
697e58ef,2024-02-12 04:00:00,813d4a,Beauty,T-Shirt,4,104,416,Debit Card,2024,2,February,416
fd6174e8,2024-02-12 05:00:00,eb354d,Beauty,Laptop,2,142,284,UPI,2024,2,February,284
134c861d,2024-02-12 06:00:00,9e382d,Books,T-Shirt,3,167,501,Credit Card,2024,2,February,501
ecc54826,2024-02-12 07:00:00,df0824,Electronics,Lipstick,1,259,259,Credit Card,2024,2,February,259
6c0bff4f,2024-02-12 08:00:00,cdaebd,Home Decor,Laptop,1,328,328,Credit Card,2024,2,February,328
6bee1c49,2024-02-12 09:00:00,0f572d,Books,T-Shirt,4,395,1580,Credit Card,2024,2,February,1580
abfa5e28,2024-02-12 10:00:00,9bfc49,Electronics,Novel,3,377,1131,Credit Card,2024,2,February,1131
563d24e4,2024-02-12 11:00:00,69a013,Home Decor,Sofa,2,394,788,Credit Card,2024,2,February,788
1b079b8a,2024-02-12 12:00:00,c47aa1,Electronics,T-Shirt,3,323,969,Credit Card,2024,2,February,969
f002c9a4,2024-02-12 13:00:00,1c5121,Home Decor,T-Shirt,2,475,950,Credit Card,2024,2,February,950
7883412d,2024-02-12 14:00:00,35ec56,Home Decor,Sofa,3,94,282,Debit Card,2024,2,February,282
15cb7ca0,2024-02-12 15:00:00,a76544,Books,Sofa,4,398,1592,UPI,2024,2,February,1592
d98f2206,2024-02-12 16:00:00,729845,Books,Lipstick,2,88,176,UPI,2024,2,February,176
4ae5836c,2024-02-12 17:00:00,7831cb,Beauty,Laptop,2,46,92,Cash,2024,2,February,92
a24dc652,2024-02-12 18:00:00,8b072f,Electronics,Sofa,4,475,1900,Cash,2024,2,February,1900
e07aafb4,2024-02-12 19:00:00,6ecf87,Home Decor,Laptop,3,462,1386,Cash,2024,2,February,1386
c7b30572,2024-02-12 20:00:00,97ddc5,Beauty,Sofa,3,367,1101,Credit Card,2024,2,February,1101
180ff60f,2024-02-12 21:00:00,001faa,Home Decor,T-Shirt,1,360,360,Debit Card,2024,2,February,360
2780b97e,2024-02-12 22:00:00,549a6d,Books,Novel,2,338,676,UPI,2024,2,February,676
f3b36cf4,2024-02-12 23:00:00,1af473,Electronics,Lipstick,4,252,1008,Cash,2024,2,February,1008
da718475,2024-02-13 00:00:00,605ac5,Home Decor,Novel,1,203,203,Cash,2024,2,February,203
fe2a5a35,2024-02-13 01:00:00,cdfbac,Clothing,Sofa,3,350,1050,Debit Card,2024,2,February,1050
60c6a2f3,2024-02-13 02:00:00,b92b74,Clothing,Laptop,1,367,367,Credit Card,2024,2,February,367
2fc5e9fd,2024-02-13 03:00:00,abc772,Clothing,Laptop,1,310,310,Debit Card,2024,2,February,310
50b9586b,2024-02-13 04:00:00,c516b1,Books,Novel,1,448,448,Debit Card,2024,2,February,448
78aa404b,2024-02-13 05:00:00,97707e,Beauty,Sofa,4,429,1716,UPI,2024,2,February,1716
3855c4a5,2024-02-13 06:00:00,ef06ed,Beauty,T-Shirt,2,258,516,Credit Card,2024,2,February,516
3f44bb79,2024-02-13 07:00:00,51fbb2,Clothing,Laptop,3,213,639,Cash,2024,2,February,639
04b75903,2024-02-13 08:00:00,1f98e3,Electronics,T-Shirt,2,399,798,Debit Card,2024,2,February,798
25dfba72,2024-02-13 09:00:00,dadfc7,Home Decor,Sofa,1,229,229,Cash,2024,2,February,229
1270f213,2024-02-13 10:00:00,126ba9,Books,Novel,3,127,381,Credit Card,2024,2,February,381
f61b73d2,2024-02-13 11:00:00,92348e,Clothing,Lipstick,2,212,424,Cash,2024,2,February,424
dc45f877,2024-02-13 12:00:00,135dd1,Clothing,Sofa,4,32,128,UPI,2024,2,February,128
31c2f237,2024-02-13 13:00:00,d1e22d,Beauty,Lipstick,4,360,1440,Cash,2024,2,February,1440
10f80766,2024-02-13 14:00:00,a453b1,Home Decor,Lipstick,1,242,242,Credit Card,2024,2,February,242
14e57d6c,2024-02-13 15:00:00,7f8f6e,Home Decor,T-Shirt,3,14,42,UPI,2024,2,February,42
563c351c,2024-02-13 16:00:00,60ea12,Electronics,T-Shirt,4,37,148,Cash,2024,2,February,148
3b205bcf,2024-02-13 17:00:00,cebc22,Beauty,Sofa,2,159,318,UPI,2024,2,February,318
ba85dbac,2024-02-13 18:00:00,7a76dc,Clothing,Novel,2,432,864,UPI,2024,2,February,864
ee02eafe,2024-02-13 19:00:00,914cae,Clothing,Laptop,3,344,1032,Cash,2024,2,February,1032
5603b1a4,2024-02-13 20:00:00,6d82aa,Books,Laptop,2,457,914,Cash,2024,2,February,914
7a0588ca,2024-02-13 21:00:00,4b3ab7,Electronics,Lipstick,1,294,294,UPI,2024,2,February,294
490af316,2024-02-13 22:00:00,0f0a4a,Clothing,Sofa,4,14,56,Cash,2024,2,February,56
5bbd251e,2024-02-13 23:00:00,d80b1d,Clothing,Lipstick,2,290,580,Cash,2024,2,February,580
9b7719b5,2024-02-14 00:00:00,b25446,Books,Laptop,3,381,1143,Credit Card,2024,2,February,1143
e7b65b8d,2024-02-14 01:00:00,003eb5,Electronics,T-Shirt,3,472,1416,Credit Card,2024,2,February,1416
31162564,2024-02-14 02:00:00,f12f7c,Beauty,Novel,3,190,570,Credit Card,2024,2,February,570
4de52b28,2024-02-14 03:00:00,1dd7b1,Beauty,Lipstick,4,230,920,Debit Card,2024,2,February,920
8db5b134,2024-02-14 04:00:00,120b0f,Books,Novel,1,409,409,UPI,2024,2,February,409
efebb684,2024-02-14 05:00:00,cb66f8,Books,Novel,3,101,303,Debit Card,2024,2,February,303
3cb0ab36,2024-02-14 06:00:00,67e362,Clothing,Novel,1,288,288,Credit Card,2024,2,February,288
66773895,2024-02-14 07:00:00,5f7b2e,Beauty,Lipstick,3,308,924,Credit Card,2024,2,February,924
fe4422d6,2024-02-14 08:00:00,322b62,Clothing,Novel,4,445,1780,UPI,2024,2,February,1780
016d4c9c,2024-02-14 09:00:00,ffa0c3,Electronics,Laptop,1,66,66,Debit Card,2024,2,February,66
342d2da3,2024-02-14 10:00:00,db7a6a,Books,T-Shirt,2,41,82,UPI,2024,2,February,82
cf6416ad,2024-02-14 11:00:00,47cda6,Home Decor,Novel,4,198,792,UPI,2024,2,February,792
5a14e8d0,2024-02-14 12:00:00,039139,Clothing,Sofa,4,67,268,Credit Card,2024,2,February,268
a419726d,2024-02-14 13:00:00,60c508,Electronics,T-Shirt,3,61,183,UPI,2024,2,February,183
6b72bea4,2024-02-14 14:00:00,40e96a,Home Decor,Lipstick,2,278,556,Debit Card,2024,2,February,556
e4950cf5,2024-02-14 15:00:00,00e1ff,Books,Sofa,1,120,120,UPI,2024,2,February,120
9bc701cd,2024-02-14 16:00:00,a93149,Home Decor,Laptop,4,313,1252,UPI,2024,2,February,1252
958d8bcb,2024-02-14 17:00:00,827a0b,Clothing,Novel,4,485,1940,Credit Card,2024,2,February,1940
3283ac9f,2024-02-14 18:00:00,a4ab91,Home Decor,T-Shirt,4,58,232,Credit Card,2024,2,February,232
269bb30c,2024-02-14 19:00:00,381cc6,Home Decor,Novel,1,91,91,UPI,2024,2,February,91
fe5f3326,2024-02-14 20:00:00,360f57,Home Decor,Sofa,4,497,1988,Credit Card,2024,2,February,1988
c33bf59e,2024-02-14 21:00:00,686e35,Books,Laptop,1,25,25,Cash,2024,2,February,25
ed39b89a,2024-02-14 22:00:00,5964b7,Beauty,T-Shirt,1,284,284,Cash,2024,2,February,284
87d50559,2024-02-14 23:00:00,3c6a35,Beauty,Laptop,4,133,532,UPI,2024,2,February,532
c3154c81,2024-02-15 00:00:00,a453b1,Home Decor,T-Shirt,3,22,66,Cash,2024,2,February,66
62b78f39,2024-02-15 01:00:00,d000ed,Clothing,T-Shirt,2,117,234,Cash,2024,2,February,234
68a1f829,2024-02-15 02:00:00,d677d4,Clothing,Laptop,3,204,612,Credit Card,2024,2,February,612
d3704efa,2024-02-15 03:00:00,8c81e9,Beauty,Sofa,2,270,540,Credit Card,2024,2,February,540
f50b1c8b,2024-02-15 04:00:00,e9835a,Beauty,Laptop,1,336,336,Credit Card,2024,2,February,336
744c5b18,2024-02-15 05:00:00,b3a29e,Home Decor,Sofa,2,356,712,Credit Card,2024,2,February,712
8b4d278e,2024-02-15 06:00:00,959052,Clothing,T-Shirt,4,229,916,Cash,2024,2,February,916
f70a3ffb,2024-02-15 07:00:00,ff2f04,Home Decor,Laptop,1,225,225,Credit Card,2024,2,February,225
47dadbb9,2024-02-15 08:00:00,bcec57,Beauty,Novel,1,68,68,Credit Card,2024,2,February,68
735ab824,2024-02-15 09:00:00,622979,Home Decor,T-Shirt,4,364,1456,UPI,2024,2,February,1456
45c694cc,2024-02-15 10:00:00,dc303e,Electronics,Lipstick,1,356,356,Cash,2024,2,February,356
7d23ddaf,2024-02-15 11:00:00,b48490,Books,Laptop,3,23,69,Cash,2024,2,February,69
2e7d738b,2024-02-15 12:00:00,3c4282,Beauty,Sofa,1,385,385,Credit Card,2024,2,February,385
47fb32cc,2024-02-15 13:00:00,532e11,Electronics,Sofa,1,341,341,Debit Card,2024,2,February,341
f868ae12,2024-02-15 14:00:00,a769ab,Clothing,Sofa,2,204,408,Debit Card,2024,2,February,408
dc95a504,2024-02-15 15:00:00,deabb3,Clothing,Sofa,3,444,1332,Debit Card,2024,2,February,1332
9ea8b29d,2024-02-15 16:00:00,20c88e,Electronics,Lipstick,2,353,706,Cash,2024,2,February,706
0ccdb081,2024-02-15 17:00:00,8c81e9,Beauty,Laptop,3,416,1248,Credit Card,2024,2,February,1248
9024651f,2024-02-15 18:00:00,3b936d,Home Decor,Lipstick,4,305,1220,Credit Card,2024,2,February,1220
05bfdb09,2024-02-15 19:00:00,665ea1,Electronics,Lipstick,2,362,724,UPI,2024,2,February,724
b105c112,2024-02-15 20:00:00,a93149,Books,Sofa,1,434,434,UPI,2024,2,February,434
e94dc38d,2024-02-15 21:00:00,229428,Clothing,Sofa,4,234,936,Debit Card,2024,2,February,936
7f0736f6,2024-02-15 22:00:00,0d766b,Books,Novel,3,132,396,Credit Card,2024,2,February,396
1844794f,2024-02-15 23:00:00,36a9a4,Electronics,Sofa,2,381,762,Cash,2024,2,February,762
7466ef24,2024-02-16 00:00:00,232afc,Home Decor,T-Shirt,4,401,1604,Cash,2024,2,February,1604
084ef9fb,2024-02-16 01:00:00,fd70c5,Electronics,T-Shirt,4,385,1540,Debit Card,2024,2,February,1540
68ed3044,2024-02-16 02:00:00,3e9b3c,Clothing,Laptop,4,67,268,Cash,2024,2,February,268
74fe74cc,2024-02-16 03:00:00,c984e3,Electronics,Novel,4,42,168,Cash,2024,2,February,168
4d3521bb,2024-02-16 04:00:00,531de4,Home Decor,Sofa,4,421,1684,Credit Card,2024,2,February,1684
eb35ebf5,2024-02-16 05:00:00,59df81,Electronics,Laptop,4,493,1972,Credit Card,2024,2,February,1972
d62efaa6,2024-02-16 06:00:00,f9e9a1,Books,T-Shirt,2,109,218,UPI,2024,2,February,218
bd8bfdb8,2024-02-16 07:00:00,19ec52,Beauty,Sofa,3,391,1173,Credit Card,2024,2,February,1173
5ca44860,2024-02-16 08:00:00,c54e01,Beauty,Novel,3,46,138,UPI,2024,2,February,138
5b47cdd0,2024-02-16 09:00:00,0ab6ce,Home Decor,Laptop,3,370,1110,UPI,2024,2,February,1110
78446453,2024-02-16 10:00:00,2a7cd7,Electronics,T-Shirt,3,132,396,UPI,2024,2,February,396
57c4c66f,2024-02-16 11:00:00,cd1aeb,Books,T-Shirt,2,143,286,Debit Card,2024,2,February,286
81aee140,2024-02-16 12:00:00,9b1435,Beauty,Sofa,4,294,1176,UPI,2024,2,February,1176
81432570,2024-02-16 13:00:00,541935,Books,Laptop,2,147,294,Debit Card,2024,2,February,294
348e3fc5,2024-02-16 14:00:00,11e14c,Books,Lipstick,3,249,747,UPI,2024,2,February,747
fb746fbc,2024-02-16 15:00:00,96c37e,Home Decor,Lipstick,1,148,148,Cash,2024,2,February,148
af06e027,2024-02-16 16:00:00,3301f1,Electronics,Sofa,3,320,960,UPI,2024,2,February,960
b8b7e1cb,2024-02-16 17:00:00,dff9e8,Electronics,Sofa,3,112,336,Debit Card,2024,2,February,336
3daa568f,2024-02-16 18:00:00,230813,Books,T-Shirt,1,233,233,Debit Card,2024,2,February,233
679d1830,2024-02-16 19:00:00,527fad,Beauty,Lipstick,4,277,1108,Debit Card,2024,2,February,1108
10c2d45f,2024-02-16 20:00:00,8c376f,Clothing,T-Shirt,3,37,111,Cash,2024,2,February,111
7ac45753,2024-02-16 21:00:00,ae70df,Beauty,Laptop,3,451,1353,Credit Card,2024,2,February,1353
0064c20b,2024-02-16 22:00:00,b25446,Electronics,Novel,2,159,318,UPI,2024,2,February,318
ec592f83,2024-02-16 23:00:00,31a237,Home Decor,Lipstick,3,30,90,Credit Card,2024,2,February,90
d229c31a,2024-02-17 00:00:00,6f4024,Beauty,Sofa,3,316,948,Credit Card,2024,2,February,948
0f636c32,2024-02-17 01:00:00,2797c4,Electronics,Lipstick,2,18,36,Credit Card,2024,2,February,36
1a3ac009,2024-02-17 02:00:00,21bbf9,Beauty,Laptop,2,366,732,Cash,2024,2,February,732
8d006356,2024-02-17 03:00:00,0db9a5,Electronics,Laptop,3,51,153,Credit Card,2024,2,February,153
7ce26428,2024-02-17 04:00:00,94c3c4,Home Decor,Lipstick,3,234,702,Debit Card,2024,2,February,702
95dbf451,2024-02-17 05:00:00,360f57,Books,Novel,1,352,352,Credit Card,2024,2,February,352
76c79e66,2024-02-17 06:00:00,61e522,Books,Sofa,1,386,386,Credit Card,2024,2,February,386
a496814f,2024-02-17 07:00:00,90d7c6,Books,Lipstick,4,378,1512,Debit Card,2024,2,February,1512
07b48058,2024-02-17 08:00:00,8936ea,Home Decor,Laptop,4,20,80,Cash,2024,2,February,80
a6bfc492,2024-02-17 09:00:00,94c3c4,Books,T-Shirt,4,144,576,Cash,2024,2,February,576
41559d0f,2024-02-17 10:00:00,8588e6,Beauty,Novel,4,250,1000,Credit Card,2024,2,February,1000
97ef5dd4,2024-02-17 11:00:00,3fe6f2,Books,Novel,1,342,342,Cash,2024,2,February,342
d300c6f6,2024-02-17 12:00:00,9de4c7,Books,Novel,3,300,900,UPI,2024,2,February,900
dc5e81fb,2024-02-17 13:00:00,c5df74,Home Decor,Lipstick,3,369,1107,Credit Card,2024,2,February,1107
896d5427,2024-02-17 14:00:00,4f01a0,Electronics,Lipstick,4,309,1236,Debit Card,2024,2,February,1236
ef90eabe,2024-02-17 15:00:00,351018,Beauty,Sofa,2,414,828,Credit Card,2024,2,February,828
9bcf1216,2024-02-17 16:00:00,9f5132,Electronics,Sofa,1,335,335,UPI,2024,2,February,335
72a0b92e,2024-02-17 17:00:00,c0090b,Books,Novel,4,328,1312,Debit Card,2024,2,February,1312
4e1e9cca,2024-02-17 18:00:00,66ca62,Electronics,Novel,1,202,202,Credit Card,2024,2,February,202
d03913fb,2024-02-17 19:00:00,c5dfd5,Beauty,Sofa,4,44,176,Credit Card,2024,2,February,176
8e708cdc,2024-02-17 20:00:00,cdfbac,Electronics,Novel,1,305,305,Cash,2024,2,February,305
9b15f732,2024-02-17 21:00:00,60c508,Electronics,Novel,2,349,698,Credit Card,2024,2,February,698
9b533595,2024-02-17 22:00:00,fd70c5,Home Decor,Lipstick,4,343,1372,UPI,2024,2,February,1372
cc4326cc,2024-02-17 23:00:00,18e5e1,Books,Sofa,3,129,387,UPI,2024,2,February,387
baa311f8,2024-02-18 00:00:00,4b117d,Beauty,Novel,3,248,744,Debit Card,2024,2,February,744
8005d37f,2024-02-18 01:00:00,1c5121,Books,Laptop,2,341,682,UPI,2024,2,February,682
18482bab,2024-02-18 02:00:00,003eb5,Home Decor,Novel,4,13,52,Debit Card,2024,2,February,52
58734807,2024-02-18 03:00:00,ee92a5,Clothing,T-Shirt,3,182,546,Credit Card,2024,2,February,546
a4d63c4c,2024-02-18 04:00:00,2e2faa,Electronics,Lipstick,4,298,1192,UPI,2024,2,February,1192
d6105659,2024-02-18 05:00:00,8b8062,Electronics,Sofa,3,270,810,Cash,2024,2,February,810
136a9a7b,2024-02-18 06:00:00,b70eaa,Home Decor,Sofa,3,350,1050,Credit Card,2024,2,February,1050
341021a5,2024-02-18 07:00:00,bbfab4,Beauty,Laptop,2,245,490,Debit Card,2024,2,February,490
acb3a73a,2024-02-18 08:00:00,0ab6ce,Electronics,Sofa,4,392,1568,UPI,2024,2,February,1568
fadf8e34,2024-02-18 09:00:00,6f4024,Clothing,Lipstick,3,36,108,Credit Card,2024,2,February,108
77ace2ba,2024-02-18 10:00:00,9b8cee,Clothing,Lipstick,4,335,1340,Debit Card,2024,2,February,1340
70e98748,2024-02-18 11:00:00,7ed96a,Clothing,T-Shirt,3,49,147,UPI,2024,2,February,147
0e4b8b9f,2024-02-18 12:00:00,8d0ef6,Clothing,Novel,1,400,400,Debit Card,2024,2,February,400
2e88b63e,2024-02-18 13:00:00,dc303e,Home Decor,T-Shirt,3,483,1449,Debit Card,2024,2,February,1449
72642cf0,2024-02-18 14:00:00,0db9a5,Electronics,T-Shirt,2,251,502,Credit Card,2024,2,February,502
1a31eec8,2024-02-18 15:00:00,a0eb2a,Electronics,Sofa,3,487,1461,Credit Card,2024,2,February,1461
f305b4cd,2024-02-18 16:00:00,a76544,Clothing,Sofa,4,380,1520,Debit Card,2024,2,February,1520
e3b7a20c,2024-02-18 17:00:00,ceafe5,Beauty,Sofa,1,413,413,Credit Card,2024,2,February,413
81da7a64,2024-02-18 18:00:00,8b9634,Books,Novel,4,187,748,Credit Card,2024,2,February,748
5c9a9a28,2024-02-18 19:00:00,c516b1,Beauty,Laptop,4,332,1328,Credit Card,2024,2,February,1328
d65b7221,2024-02-18 20:00:00,a5a354,Clothing,Laptop,4,153,612,Cash,2024,2,February,612
a689669c,2024-02-18 21:00:00,1dd7b1,Home Decor,T-Shirt,2,281,562,Credit Card,2024,2,February,562
8b85a4a7,2024-02-18 22:00:00,cf4974,Home Decor,Laptop,1,391,391,Credit Card,2024,2,February,391
373c6ddc,2024-02-18 23:00:00,e4b912,Books,Lipstick,2,136,272,Credit Card,2024,2,February,272
90f31a66,2024-02-19 00:00:00,2e2faa,Electronics,T-Shirt,3,384,1152,Debit Card,2024,2,February,1152
27c2714b,2024-02-19 01:00:00,126ba9,Books,Sofa,4,292,1168,UPI,2024,2,February,1168
63560ce9,2024-02-19 02:00:00,a29381,Books,T-Shirt,4,136,544,Credit Card,2024,2,February,544
0d5745d2,2024-02-19 03:00:00,b55e0e,Electronics,Sofa,3,420,1260,Debit Card,2024,2,February,1260
f741a43d,2024-02-19 04:00:00,54d483,Clothing,Lipstick,3,123,369,Credit Card,2024,2,February,369
038563af,2024-02-19 05:00:00,f4a7dd,Electronics,Novel,4,231,924,Debit Card,2024,2,February,924
d7c3d2bc,2024-02-19 06:00:00,da21ea,Electronics,Sofa,1,112,112,Cash,2024,2,February,112
f16142dc,2024-02-19 07:00:00,a7156f,Beauty,Lipstick,4,95,380,UPI,2024,2,February,380
b186f8ef,2024-02-19 08:00:00,98fb8a,Beauty,Sofa,4,90,360,Credit Card,2024,2,February,360
df624a60,2024-02-19 09:00:00,7e3148,Electronics,Novel,2,308,616,Cash,2024,2,February,616
99bb614a,2024-02-19 10:00:00,667c1a,Beauty,Sofa,1,14,14,Cash,2024,2,February,14
6dcb9f36,2024-02-19 11:00:00,3f29cb,Beauty,Lipstick,2,106,212,Debit Card,2024,2,February,212
47bd8011,2024-02-19 12:00:00,c6ddcf,Home Decor,T-Shirt,2,217,434,UPI,2024,2,February,434
388ca28e,2024-02-19 13:00:00,8cb9b9,Home Decor,Sofa,1,418,418,Credit Card,2024,2,February,418
4d030731,2024-02-19 14:00:00,c5c830,Clothing,Novel,4,396,1584,Credit Card,2024,2,February,1584
3a512601,2024-02-19 15:00:00,6d8a42,Home Decor,Lipstick,2,302,604,Cash,2024,2,February,604
baefdac6,2024-02-19 16:00:00,7df600,Home Decor,Novel,2,365,730,UPI,2024,2,February,730
30cc15fa,2024-02-19 17:00:00,69a013,Books,T-Shirt,2,466,932,Credit Card,2024,2,February,932
4f4ae130,2024-02-19 18:00:00,11027e,Home Decor,Novel,4,313,1252,Debit Card,2024,2,February,1252
aa7ddace,2024-02-19 19:00:00,605ac5,Beauty,Laptop,1,173,173,Cash,2024,2,February,173
307b7398,2024-02-19 20:00:00,a7ef21,Clothing,T-Shirt,3,356,1068,Debit Card,2024,2,February,1068
3ce5e720,2024-02-19 21:00:00,c0bbda,Electronics,Sofa,4,394,1576,Debit Card,2024,2,February,1576
c6b6cf4d,2024-02-19 22:00:00,1897b1,Beauty,T-Shirt,4,193,772,Cash,2024,2,February,772
8c53f4f1,2024-02-19 23:00:00,7c9826,Electronics,Laptop,3,125,375,UPI,2024,2,February,375
f94cc8e7,2024-02-20 00:00:00,6a2856,Home Decor,Laptop,1,322,322,Debit Card,2024,2,February,322
0008fb4f,2024-02-20 01:00:00,60ac75,Books,T-Shirt,3,459,1377,Credit Card,2024,2,February,1377
e81ce137,2024-02-20 02:00:00,fa3119,Clothing,Novel,3,432,1296,Cash,2024,2,February,1296
bfca0fea,2024-02-20 03:00:00,888bce,Home Decor,Lipstick,4,274,1096,Debit Card,2024,2,February,1096
fb265939,2024-02-20 04:00:00,1e2aca,Home Decor,T-Shirt,2,468,936,Cash,2024,2,February,936
ab86a9aa,2024-02-20 05:00:00,466388,Electronics,Sofa,4,123,492,Credit Card,2024,2,February,492
f20d95cd,2024-02-20 06:00:00,25853a,Electronics,Lipstick,3,255,765,UPI,2024,2,February,765
3b70b5de,2024-02-20 07:00:00,96a538,Clothing,Sofa,4,55,220,UPI,2024,2,February,220
fc26998b,2024-02-20 08:00:00,2c35b7,Beauty,Lipstick,3,207,621,Debit Card,2024,2,February,621
f7d6cab5,2024-02-20 09:00:00,09abde,Clothing,Sofa,3,189,567,Cash,2024,2,February,567
9e9b7ece,2024-02-20 10:00:00,903a0f,Beauty,Lipstick,1,161,161,Credit Card,2024,2,February,161
9f0c1acb,2024-02-20 11:00:00,973dac,Books,Laptop,4,387,1548,Debit Card,2024,2,February,1548
3e4397d2,2024-02-20 12:00:00,f415cd,Home Decor,Novel,3,41,123,Credit Card,2024,2,February,123
a12ad408,2024-02-20 13:00:00,257e66,Electronics,Lipstick,1,285,285,Cash,2024,2,February,285
549e60ea,2024-02-20 14:00:00,a6f09a,Electronics,Novel,1,483,483,UPI,2024,2,February,483
7cf45621,2024-02-20 15:00:00,ac8724,Beauty,Sofa,4,96,384,Cash,2024,2,February,384
5f9b31b8,2024-02-20 16:00:00,a55c33,Books,Sofa,3,479,1437,Credit Card,2024,2,February,1437
2b333852,2024-02-20 17:00:00,5cbaa7,Beauty,Lipstick,1,461,461,UPI,2024,2,February,461
7091c53a,2024-02-20 18:00:00,d1e22d,Electronics,T-Shirt,2,288,576,UPI,2024,2,February,576
c5c6c103,2024-02-20 19:00:00,0daf3e,Beauty,Sofa,3,327,981,Debit Card,2024,2,February,981
7a83a62f,2024-02-20 20:00:00,064398,Beauty,T-Shirt,4,14,56,Credit Card,2024,2,February,56
66e16c33,2024-02-20 21:00:00,c5dcf8,Electronics,Novel,4,269,1076,Debit Card,2024,2,February,1076
205ae2aa,2024-02-20 22:00:00,18e5e1,Home Decor,Laptop,4,292,1168,Credit Card,2024,2,February,1168
822a9298,2024-02-20 23:00:00,87142e,Home Decor,T-Shirt,2,16,32,UPI,2024,2,February,32
6cd75e7c,2024-02-21 00:00:00,381b4d,Home Decor,Lipstick,4,78,312,Cash,2024,2,February,312
7ef1eaef,2024-02-21 01:00:00,2b9564,Home Decor,T-Shirt,1,157,157,Debit Card,2024,2,February,157
be67aead,2024-02-21 02:00:00,169123,Electronics,Novel,1,418,418,UPI,2024,2,February,418
422b70b2,2024-02-21 03:00:00,464c90,Electronics,T-Shirt,1,200,200,Credit Card,2024,2,February,200
18adef9d,2024-02-21 04:00:00,0fb4bf,Beauty,Novel,4,343,1372,Credit Card,2024,2,February,1372
7c1b00c2,2024-02-21 05:00:00,946502,Clothing,Lipstick,2,48,96,Debit Card,2024,2,February,96
591b06a6,2024-02-21 06:00:00,b6a9cf,Home Decor,Lipstick,1,207,207,Debit Card,2024,2,February,207
b82a6641,2024-02-21 07:00:00,fea76e,Beauty,Laptop,4,118,472,Credit Card,2024,2,February,472
167b9af7,2024-02-21 08:00:00,a9b434,Home Decor,Sofa,3,186,558,Cash,2024,2,February,558
9f095129,2024-02-21 09:00:00,5964b7,Books,T-Shirt,4,344,1376,Cash,2024,2,February,1376
9f852ff9,2024-02-21 10:00:00,e3dbd3,Clothing,Laptop,2,458,916,Credit Card,2024,2,February,916
1b0ea6dd,2024-02-21 11:00:00,4cd602,Beauty,Sofa,3,33,99,Debit Card,2024,2,February,99
80a21326,2024-02-21 12:00:00,1f98e3,Clothing,Sofa,4,146,584,Cash,2024,2,February,584
43d7bbe7,2024-02-21 13:00:00,40e96a,Clothing,T-Shirt,4,331,1324,Debit Card,2024,2,February,1324
1d416617,2024-02-21 14:00:00,32c04b,Books,Laptop,1,271,271,Debit Card,2024,2,February,271
ff40c194,2024-02-21 15:00:00,6adf7d,Clothing,Lipstick,1,95,95,UPI,2024,2,February,95
e1964b67,2024-02-21 16:00:00,a42663,Home Decor,Laptop,1,230,230,Credit Card,2024,2,February,230
b84ff818,2024-02-21 17:00:00,9f5492,Books,Laptop,2,151,302,Cash,2024,2,February,302
8669bce5,2024-02-21 18:00:00,40e96a,Clothing,Lipstick,1,162,162,UPI,2024,2,February,162
d677dc2b,2024-02-21 19:00:00,99d9cc,Books,Laptop,3,34,102,UPI,2024,2,February,102
9c0d1371,2024-02-21 20:00:00,7064f8,Beauty,Novel,1,150,150,UPI,2024,2,February,150
3564e6fb,2024-02-21 21:00:00,2abf6e,Beauty,Sofa,2,22,44,UPI,2024,2,February,44
23c8204d,2024-02-21 22:00:00,7e8063,Electronics,Sofa,3,219,657,Cash,2024,2,February,657
5d867438,2024-02-21 23:00:00,1af473,Home Decor,Novel,1,212,212,Cash,2024,2,February,212
d18cf47f,2024-02-22 00:00:00,e93673,Beauty,Novel,2,343,686,Credit Card,2024,2,February,686
5c7264c8,2024-02-22 01:00:00,d8c1d4,Books,Lipstick,4,374,1496,Debit Card,2024,2,February,1496
34b4a000,2024-02-22 02:00:00,ff1ed3,Clothing,Laptop,1,435,435,Credit Card,2024,2,February,435
e2c53568,2024-02-22 03:00:00,93002d,Beauty,Lipstick,2,105,210,Credit Card,2024,2,February,210
1b4f30a7,2024-02-22 04:00:00,e540e0,Home Decor,Novel,2,82,164,Cash,2024,2,February,164
7c8cc40f,2024-02-22 05:00:00,8ad450,Books,Novel,4,455,1820,Debit Card,2024,2,February,1820
b5e1cb70,2024-02-22 06:00:00,02e54e,Clothing,Laptop,2,35,70,Credit Card,2024,2,February,70
e726d479,2024-02-22 07:00:00,e855c4,Books,Sofa,2,490,980,Credit Card,2024,2,February,980
02c23b58,2024-02-22 08:00:00,a93149,Beauty,T-Shirt,3,123,369,Cash,2024,2,February,369
2c7e02ed,2024-02-22 09:00:00,9e2389,Electronics,Laptop,1,149,149,UPI,2024,2,February,149
f9b23fb3,2024-02-22 10:00:00,5ce5f2,Books,T-Shirt,4,344,1376,UPI,2024,2,February,1376
d606e473,2024-02-22 11:00:00,b96fdb,Clothing,T-Shirt,1,442,442,Debit Card,2024,2,February,442
404f67f4,2024-02-22 12:00:00,537bd7,Beauty,Laptop,4,202,808,Debit Card,2024,2,February,808
eabace70,2024-02-22 13:00:00,eeed0d,Home Decor,Laptop,2,339,678,Cash,2024,2,February,678
e48f503a,2024-02-22 14:00:00,ed43c8,Electronics,Lipstick,3,22,66,Debit Card,2024,2,February,66
8e09c4e7,2024-02-22 15:00:00,0583d6,Electronics,Novel,1,57,57,Cash,2024,2,February,57
e18b73b6,2024-02-22 16:00:00,f0620d,Home Decor,Lipstick,1,436,436,Cash,2024,2,February,436
a7298dc8,2024-02-22 17:00:00,d60d66,Books,T-Shirt,1,393,393,Cash,2024,2,February,393
bb58bcd9,2024-02-22 18:00:00,2e40da,Books,Lipstick,4,120,480,Debit Card,2024,2,February,480
9cca27a7,2024-02-22 19:00:00,7f03a0,Electronics,Laptop,4,483,1932,Credit Card,2024,2,February,1932
d63806fe,2024-02-22 20:00:00,a6f09a,Electronics,Laptop,2,208,416,UPI,2024,2,February,416
f9f08a24,2024-02-22 21:00:00,a4c166,Beauty,Novel,2,285,570,Credit Card,2024,2,February,570
b705d001,2024-02-22 22:00:00,a9b434,Clothing,T-Shirt,2,28,56,UPI,2024,2,February,56
27439367,2024-02-22 23:00:00,cd1aeb,Electronics,Novel,4,173,692,Debit Card,2024,2,February,692
5364e868,2024-02-23 00:00:00,66ca62,Electronics,Novel,4,166,664,Debit Card,2024,2,February,664
26bdbdd5,2024-02-23 01:00:00,fea76e,Beauty,T-Shirt,2,453,906,Debit Card,2024,2,February,906
b430a4bc,2024-02-23 02:00:00,ff187f,Home Decor,T-Shirt,3,228,684,Debit Card,2024,2,February,684
3c6c64d5,2024-02-23 03:00:00,40987f,Electronics,Novel,3,409,1227,Credit Card,2024,2,February,1227
1e3e352a,2024-02-23 04:00:00,36a9a4,Books,Laptop,2,142,284,UPI,2024,2,February,284
bb93f4fb,2024-02-23 05:00:00,c87119,Clothing,Lipstick,3,436,1308,Credit Card,2024,2,February,1308
b29426ce,2024-02-23 06:00:00,466388,Electronics,Lipstick,4,438,1752,Cash,2024,2,February,1752
194bd559,2024-02-23 07:00:00,d36e00,Clothing,Novel,3,324,972,UPI,2024,2,February,972
0613244f,2024-02-23 08:00:00,3f7dec,Beauty,Novel,3,77,231,UPI,2024,2,February,231
a46c16be,2024-02-23 09:00:00,3977f6,Clothing,Sofa,4,376,1504,Cash,2024,2,February,1504
c3879ee9,2024-02-23 10:00:00,0a694c,Electronics,T-Shirt,1,152,152,Cash,2024,2,February,152
7f99d05c,2024-02-23 11:00:00,3418ea,Beauty,Lipstick,2,384,768,Cash,2024,2,February,768
234bfc52,2024-02-23 12:00:00,f7a4d1,Clothing,Sofa,1,100,100,Debit Card,2024,2,February,100
56b35118,2024-02-23 13:00:00,f53fbf,Clothing,Laptop,2,150,300,Debit Card,2024,2,February,300
40319c18,2024-02-23 14:00:00,ee00cf,Books,Lipstick,4,98,392,Debit Card,2024,2,February,392
9e37ce62,2024-02-23 15:00:00,d1bc18,Electronics,Sofa,2,496,992,Debit Card,2024,2,February,992
fe94e7d7,2024-02-23 16:00:00,689804,Electronics,Laptop,1,188,188,Cash,2024,2,February,188
d0a824f4,2024-02-23 17:00:00,e32768,Home Decor,Novel,2,58,116,Cash,2024,2,February,116
d0565bf3,2024-02-23 18:00:00,b77f0a,Electronics,Laptop,2,420,840,Cash,2024,2,February,840
802f2db4,2024-02-23 19:00:00,d000ed,Electronics,Laptop,4,425,1700,Cash,2024,2,February,1700
d81fed2d,2024-02-23 20:00:00,ffdb80,Books,Laptop,4,239,956,Debit Card,2024,2,February,956
6928fbaa,2024-02-23 21:00:00,1897b1,Books,T-Shirt,3,357,1071,Cash,2024,2,February,1071
2ed0878f,2024-02-23 22:00:00,bcec57,Clothing,Novel,4,207,828,Credit Card,2024,2,February,828
60e30ed8,2024-02-23 23:00:00,40987f,Clothing,Laptop,4,308,1232,Debit Card,2024,2,February,1232
b46a85d2,2024-02-24 00:00:00,1e566b,Books,Laptop,1,261,261,Cash,2024,2,February,261
34f04801,2024-02-24 01:00:00,79e648,Home Decor,T-Shirt,1,227,227,Credit Card,2024,2,February,227
d936fdd7,2024-02-24 02:00:00,9ba44c,Clothing,Novel,2,60,120,Cash,2024,2,February,120
3683448a,2024-02-24 03:00:00,ad4f17,Beauty,Novel,2,380,760,Cash,2024,2,February,760
750a2d49,2024-02-24 04:00:00,2216f1,Clothing,Novel,4,305,1220,UPI,2024,2,February,1220
f665382f,2024-02-24 05:00:00,ac54e7,Electronics,Sofa,4,45,180,Cash,2024,2,February,180
8e58e663,2024-02-24 06:00:00,9f5132,Clothing,T-Shirt,1,414,414,Cash,2024,2,February,414
a38a45ec,2024-02-24 07:00:00,485a36,Home Decor,Lipstick,2,219,438,Credit Card,2024,2,February,438
1b5f0f80,2024-02-24 08:00:00,180dac,Clothing,Novel,1,35,35,Debit Card,2024,2,February,35
320531e6,2024-02-24 09:00:00,184306,Beauty,T-Shirt,3,491,1473,UPI,2024,2,February,1473
2fa7e2da,2024-02-24 10:00:00,e26ec3,Clothing,T-Shirt,1,329,329,Debit Card,2024,2,February,329
26fb8cbc,2024-02-24 11:00:00,60d951,Beauty,Sofa,3,42,126,UPI,2024,2,February,126
81054bdb,2024-02-24 12:00:00,9df3ae,Home Decor,Lipstick,1,389,389,Debit Card,2024,2,February,389
dd142f8a,2024-02-24 13:00:00,3f29cb,Home Decor,Lipstick,2,462,924,UPI,2024,2,February,924
7bac0079,2024-02-24 14:00:00,bb2360,Beauty,Lipstick,3,373,1119,Credit Card,2024,2,February,1119
b09be5c8,2024-02-24 15:00:00,0fb4bf,Books,Laptop,2,368,736,Credit Card,2024,2,February,736
b948d617,2024-02-24 16:00:00,436ca6,Home Decor,T-Shirt,3,456,1368,Debit Card,2024,2,February,1368
0c799ccd,2024-02-24 17:00:00,d8c1d4,Electronics,Novel,2,88,176,Cash,2024,2,February,176
7ba5f7f7,2024-02-24 18:00:00,c223ce,Books,Laptop,4,110,440,Cash,2024,2,February,440
e2ca4b14,2024-02-24 19:00:00,7680b8,Books,Lipstick,3,473,1419,Credit Card,2024,2,February,1419
47c3ba6f,2024-02-24 20:00:00,cb4ba5,Books,Lipstick,4,362,1448,Cash,2024,2,February,1448
4aa69f2a,2024-02-24 21:00:00,1cd16d,Clothing,Novel,4,25,100,UPI,2024,2,February,100
946258da,2024-02-24 22:00:00,9a1148,Electronics,T-Shirt,1,499,499,UPI,2024,2,February,499
a95a89a1,2024-02-24 23:00:00,9b70eb,Books,Laptop,2,184,368,Cash,2024,2,February,368
a3a2e4e5,2024-02-25 00:00:00,95c81d,Clothing,Novel,2,50,100,UPI,2024,2,February,100
8e9ec06b,2024-02-25 01:00:00,b08fef,Home Decor,Novel,2,433,866,Credit Card,2024,2,February,866
aeb9d7f9,2024-02-25 02:00:00,0a16fe,Clothing,Sofa,2,346,692,Credit Card,2024,2,February,692
ff4627f7,2024-02-25 03:00:00,d83b36,Books,T-Shirt,2,98,196,Debit Card,2024,2,February,196
0b48df1e,2024-02-25 04:00:00,c8fecf,Home Decor,Sofa,4,386,1544,Credit Card,2024,2,February,1544
863c9aeb,2024-02-25 05:00:00,f12f7c,Beauty,Novel,4,447,1788,Credit Card,2024,2,February,1788
a5cba87c,2024-02-25 06:00:00,be03b6,Home Decor,Lipstick,2,449,898,Cash,2024,2,February,898
f813fad6,2024-02-25 07:00:00,184306,Clothing,Novel,1,115,115,Credit Card,2024,2,February,115
fd7fdb8f,2024-02-25 08:00:00,9b8cee,Clothing,Lipstick,3,190,570,UPI,2024,2,February,570
5fdef7a8,2024-02-25 09:00:00,09abde,Clothing,Laptop,3,247,741,Credit Card,2024,2,February,741
fe065108,2024-02-25 10:00:00,63a7f4,Books,T-Shirt,3,86,258,Credit Card,2024,2,February,258
cc2ce31b,2024-02-25 11:00:00,1933b9,Books,Lipstick,2,106,212,Credit Card,2024,2,February,212
476a6b49,2024-02-25 12:00:00,231443,Books,Novel,3,407,1221,UPI,2024,2,February,1221
b7bc143f,2024-02-25 13:00:00,6d8a42,Beauty,T-Shirt,2,165,330,UPI,2024,2,February,330
29cce78b,2024-02-25 14:00:00,2e7c73,Clothing,Sofa,2,62,124,Cash,2024,2,February,124
add4ca95,2024-02-25 15:00:00,1c1279,Books,Laptop,3,123,369,Cash,2024,2,February,369
bb7e6aa7,2024-02-25 16:00:00,184306,Electronics,Sofa,2,428,856,UPI,2024,2,February,856
f3adc995,2024-02-25 17:00:00,74031c,Electronics,Novel,3,43,129,Credit Card,2024,2,February,129
1568e6d2,2024-02-25 18:00:00,b719f1,Home Decor,Lipstick,2,199,398,Cash,2024,2,February,398
ac7f537b,2024-02-25 19:00:00,b6dfe6,Books,T-Shirt,4,71,284,Debit Card,2024,2,February,284
83cb19d8,2024-02-25 20:00:00,21bb3c,Electronics,Novel,1,247,247,UPI,2024,2,February,247
b118a891,2024-02-25 21:00:00,71536a,Clothing,Lipstick,2,201,402,Cash,2024,2,February,402
7776cd7b,2024-02-25 22:00:00,bceb75,Clothing,Lipstick,4,229,916,Credit Card,2024,2,February,916
1d875999,2024-02-25 23:00:00,99cce5,Clothing,Lipstick,1,338,338,Credit Card,2024,2,February,338
6033e04b,2024-02-26 00:00:00,f7dd1f,Books,T-Shirt,1,211,211,Debit Card,2024,2,February,211
d9c9ae78,2024-02-26 01:00:00,0fc9e3,Beauty,Novel,3,381,1143,UPI,2024,2,February,1143
c3e36119,2024-02-26 02:00:00,bae1dd,Beauty,Novel,2,280,560,Cash,2024,2,February,560
e22dc0ed,2024-02-26 03:00:00,f59c2a,Electronics,T-Shirt,1,495,495,Credit Card,2024,2,February,495
e7bfd01c,2024-02-26 04:00:00,f5d634,Electronics,T-Shirt,1,93,93,Debit Card,2024,2,February,93
5ac6e8a1,2024-02-26 05:00:00,1b2cd5,Beauty,Novel,1,301,301,Credit Card,2024,2,February,301
331e8f82,2024-02-26 06:00:00,61e522,Clothing,Laptop,2,51,102,Debit Card,2024,2,February,102
e2a1ad03,2024-02-26 07:00:00,83e133,Books,Novel,2,249,498,Credit Card,2024,2,February,498
ddd92dde,2024-02-26 08:00:00,c8fecf,Home Decor,Novel,2,38,76,Credit Card,2024,2,February,76
0d20a2bb,2024-02-26 09:00:00,dccb9e,Beauty,Laptop,1,450,450,Debit Card,2024,2,February,450
ab6c97b1,2024-02-26 10:00:00,0ae342,Electronics,Lipstick,4,190,760,Debit Card,2024,2,February,760
4709fee3,2024-02-26 11:00:00,3e96e7,Beauty,Sofa,3,441,1323,UPI,2024,2,February,1323
4b5291f6,2024-02-26 12:00:00,3e7683,Clothing,Sofa,1,161,161,Debit Card,2024,2,February,161
73481c98,2024-02-26 13:00:00,43bf8b,Clothing,Lipstick,4,459,1836,Credit Card,2024,2,February,1836
b7d76cd1,2024-02-26 14:00:00,3f4a3e,Books,Laptop,3,43,129,Cash,2024,2,February,129
5f452320,2024-02-26 15:00:00,61ef35,Beauty,Lipstick,4,14,56,Debit Card,2024,2,February,56
6bb35a97,2024-02-26 16:00:00,5a355b,Books,T-Shirt,1,274,274,UPI,2024,2,February,274
8ef387a6,2024-02-26 17:00:00,5cbaa7,Home Decor,Sofa,2,78,156,UPI,2024,2,February,156
1e5cc860,2024-02-26 18:00:00,4b51ec,Electronics,Lipstick,1,243,243,UPI,2024,2,February,243
a7c7ab58,2024-02-26 19:00:00,446290,Electronics,Sofa,2,179,358,Credit Card,2024,2,February,358
ca930d07,2024-02-26 20:00:00,3977f6,Beauty,T-Shirt,1,41,41,UPI,2024,2,February,41
e1c7cdcf,2024-02-26 21:00:00,b36a69,Books,Novel,2,485,970,Debit Card,2024,2,February,970
a687faa2,2024-02-26 22:00:00,1d15a4,Beauty,T-Shirt,4,284,1136,Cash,2024,2,February,1136
9bb54b59,2024-02-26 23:00:00,1ae409,Beauty,Laptop,1,306,306,UPI,2024,2,February,306
f4158630,2024-02-27 00:00:00,2aecc3,Beauty,T-Shirt,2,461,922,Debit Card,2024,2,February,922
122a4ba0,2024-02-27 01:00:00,50cd47,Home Decor,Laptop,1,169,169,Debit Card,2024,2,February,169
f755da49,2024-02-27 02:00:00,59fe4a,Beauty,Lipstick,4,499,1996,Debit Card,2024,2,February,1996
7cf42dc8,2024-02-27 03:00:00,e69c2c,Beauty,Lipstick,2,391,782,UPI,2024,2,February,782
c8c8c77b,2024-02-27 04:00:00,5a355b,Books,Laptop,2,429,858,UPI,2024,2,February,858
0d64a56b,2024-02-27 05:00:00,fa5b82,Beauty,Laptop,1,446,446,Debit Card,2024,2,February,446
89d2b04a,2024-02-27 06:00:00,1897b1,Home Decor,Laptop,3,359,1077,Cash,2024,2,February,1077
7aec507f,2024-02-27 07:00:00,d80b1d,Electronics,Sofa,4,382,1528,Cash,2024,2,February,1528
a90bd41f,2024-02-27 08:00:00,a12678,Home Decor,Sofa,2,381,762,Debit Card,2024,2,February,762
fb47598f,2024-02-27 09:00:00,df0824,Books,Lipstick,4,317,1268,Debit Card,2024,2,February,1268
bdbcc957,2024-02-27 10:00:00,a658a4,Beauty,T-Shirt,4,268,1072,Cash,2024,2,February,1072
2f77d5c7,2024-02-27 11:00:00,1bc128,Clothing,Novel,2,373,746,Cash,2024,2,February,746
f957d4b7,2024-02-27 12:00:00,de5c05,Home Decor,Lipstick,4,458,1832,UPI,2024,2,February,1832
e0c6ed52,2024-02-27 13:00:00,6b8fb7,Home Decor,Lipstick,2,400,800,UPI,2024,2,February,800
67084918,2024-02-27 14:00:00,a82434,Books,Novel,2,186,372,Debit Card,2024,2,February,372
62c8ad08,2024-02-27 15:00:00,ad4f17,Electronics,T-Shirt,3,52,156,UPI,2024,2,February,156
5963b3c5,2024-02-27 16:00:00,9f3c10,Electronics,Novel,1,57,57,Cash,2024,2,February,57
b6274c2b,2024-02-27 17:00:00,03adb4,Beauty,Lipstick,1,84,84,Debit Card,2024,2,February,84
eb5e40ef,2024-02-27 18:00:00,246cc6,Clothing,Lipstick,4,124,496,Debit Card,2024,2,February,496
f6cea9a1,2024-02-27 19:00:00,1e903c,Beauty,Laptop,4,227,908,Debit Card,2024,2,February,908
f34bf89f,2024-02-27 20:00:00,61e522,Books,Lipstick,3,499,1497,UPI,2024,2,February,1497
bc5a8186,2024-02-27 21:00:00,282154,Books,Novel,3,444,1332,Debit Card,2024,2,February,1332
b59c3e40,2024-02-27 22:00:00,11027e,Books,Sofa,4,281,1124,UPI,2024,2,February,1124
d82d6b6a,2024-02-27 23:00:00,4ef533,Clothing,Novel,3,420,1260,Cash,2024,2,February,1260
645c19c7,2024-02-28 00:00:00,51f9e6,Clothing,Lipstick,4,463,1852,Cash,2024,2,February,1852
f71fb90f,2024-02-28 01:00:00,7e3148,Beauty,Lipstick,1,353,353,Debit Card,2024,2,February,353
3c9c332e,2024-02-28 02:00:00,32699c,Books,Lipstick,2,42,84,UPI,2024,2,February,84
ac363048,2024-02-28 03:00:00,0ab6ce,Clothing,Lipstick,4,52,208,Credit Card,2024,2,February,208
26815d16,2024-02-28 04:00:00,e7a15f,Beauty,Lipstick,4,27,108,Credit Card,2024,2,February,108
48a9c516,2024-02-28 05:00:00,720ce3,Clothing,T-Shirt,2,307,614,Credit Card,2024,2,February,614
ed2e6412,2024-02-28 06:00:00,e50fd0,Home Decor,Novel,2,499,998,Credit Card,2024,2,February,998
8a5b930e,2024-02-28 07:00:00,1cd0c0,Books,Novel,1,195,195,Debit Card,2024,2,February,195
928fc6d6,2024-02-28 08:00:00,7888ee,Home Decor,T-Shirt,3,314,942,Debit Card,2024,2,February,942
224bd022,2024-02-28 09:00:00,1d5e7c,Clothing,Sofa,4,200,800,UPI,2024,2,February,800
a8a9e5a9,2024-02-28 10:00:00,512f82,Electronics,T-Shirt,3,122,366,Debit Card,2024,2,February,366
1c1c7bf8,2024-02-28 11:00:00,6776ac,Home Decor,T-Shirt,1,228,228,UPI,2024,2,February,228
93a2f44a,2024-02-28 12:00:00,1f98e3,Home Decor,Laptop,4,130,520,Cash,2024,2,February,520
930ba496,2024-02-28 13:00:00,6d82aa,Home Decor,Sofa,3,53,159,Cash,2024,2,February,159
e056991c,2024-02-28 14:00:00,26b6c9,Books,Lipstick,1,173,173,Cash,2024,2,February,173
839e77bf,2024-02-28 15:00:00,e098d4,Beauty,T-Shirt,3,27,81,UPI,2024,2,February,81
93e760f1,2024-02-28 16:00:00,37e5d4,Home Decor,Sofa,4,482,1928,UPI,2024,2,February,1928
a8d15681,2024-02-28 17:00:00,20f79d,Clothing,Sofa,2,66,132,UPI,2024,2,February,132
5e149d9f,2024-02-28 18:00:00,c0090b,Books,Novel,2,299,598,Cash,2024,2,February,598
6a393f4b,2024-02-28 19:00:00,2aecc3,Clothing,Laptop,1,279,279,UPI,2024,2,February,279
81b45463,2024-02-28 20:00:00,ac17d5,Books,Sofa,4,312,1248,UPI,2024,2,February,1248
2b464d11,2024-02-28 21:00:00,9d1b18,Electronics,T-Shirt,2,283,566,Cash,2024,2,February,566
f0f4667d,2024-02-28 22:00:00,d9e3eb,Home Decor,Novel,2,316,632,Cash,2024,2,February,632
d5c96019,2024-02-28 23:00:00,0daf3e,Beauty,Laptop,3,307,921,Debit Card,2024,2,February,921
74815a6c,2024-02-29 00:00:00,8e6541,Home Decor,T-Shirt,1,291,291,Cash,2024,2,February,291
27718861,2024-02-29 01:00:00,d60d66,Home Decor,T-Shirt,1,13,13,Debit Card,2024,2,February,13
a7f35325,2024-02-29 02:00:00,3d5794,Home Decor,Sofa,1,314,314,UPI,2024,2,February,314
d24be5ef,2024-02-29 03:00:00,26b6c9,Electronics,Lipstick,2,441,882,UPI,2024,2,February,882
ab545c06,2024-02-29 04:00:00,d538ec,Clothing,Novel,3,378,1134,Debit Card,2024,2,February,1134
5ed43b75,2024-02-29 05:00:00,cb773f,Home Decor,Sofa,1,177,177,Credit Card,2024,2,February,177
aadf60f6,2024-02-29 06:00:00,83cdef,Home Decor,Lipstick,1,229,229,Credit Card,2024,2,February,229
da1a6c27,2024-02-29 07:00:00,96c37e,Home Decor,T-Shirt,4,88,352,Debit Card,2024,2,February,352
799f809f,2024-02-29 08:00:00,a89122,Beauty,Lipstick,4,488,1952,Cash,2024,2,February,1952
9b2873da,2024-02-29 09:00:00,d9e3eb,Beauty,Laptop,2,64,128,UPI,2024,2,February,128
597cf20f,2024-02-29 10:00:00,d19cca,Beauty,Novel,2,57,114,UPI,2024,2,February,114
03a21ddd,2024-02-29 11:00:00,f7ce1f,Electronics,Lipstick,2,40,80,Debit Card,2024,2,February,80
81f0e4b0,2024-02-29 12:00:00,e50fd0,Electronics,Laptop,1,329,329,UPI,2024,2,February,329
8d524ca7,2024-02-29 13:00:00,f5d634,Books,Novel,3,153,459,Cash,2024,2,February,459
f9819f8a,2024-02-29 14:00:00,90d7c6,Beauty,Lipstick,2,210,420,Debit Card,2024,2,February,420
3f0ec9b2,2024-02-29 15:00:00,09abde,Home Decor,Novel,2,241,482,UPI,2024,2,February,482
43dd7323,2024-02-29 16:00:00,09f096,Home Decor,T-Shirt,3,355,1065,Credit Card,2024,2,February,1065
ee076f38,2024-02-29 17:00:00,df03df,Electronics,Laptop,3,129,387,Debit Card,2024,2,February,387
c7f28ca1,2024-02-29 18:00:00,17e1d4,Home Decor,Sofa,1,364,364,Cash,2024,2,February,364
d9387f41,2024-02-29 19:00:00,bb2360,Clothing,Laptop,1,117,117,Cash,2024,2,February,117
e45ac316,2024-02-29 20:00:00,97ddc5,Clothing,Novel,1,249,249,Cash,2024,2,February,249
6185f64e,2024-02-29 21:00:00,2aecc3,Home Decor,Sofa,2,489,978,Cash,2024,2,February,978
91cdba0a,2024-02-29 22:00:00,9ddbe1,Home Decor,Lipstick,1,457,457,Credit Card,2024,2,February,457
80859266,2024-02-29 23:00:00,bffec4,Home Decor,Lipstick,4,210,840,UPI,2024,2,February,840
932232b7,2024-03-01 00:00:00,567ab3,Electronics,Lipstick,3,368,1104,UPI,2024,3,March,1104
7a11ac69,2024-03-01 01:00:00,65f7e4,Beauty,Sofa,3,393,1179,Cash,2024,3,March,1179
3d846c65,2024-03-01 02:00:00,e540e0,Clothing,Sofa,1,25,25,Credit Card,2024,3,March,25
c7883b01,2024-03-01 03:00:00,d72dc0,Beauty,Sofa,3,53,159,Cash,2024,3,March,159
d41f034e,2024-03-01 04:00:00,57345f,Clothing,Lipstick,3,76,228,Cash,2024,3,March,228
d492b8bd,2024-03-01 05:00:00,5aa643,Clothing,Sofa,3,272,816,UPI,2024,3,March,816
d8956d5c,2024-03-01 06:00:00,1e8504,Books,T-Shirt,1,377,377,Debit Card,2024,3,March,377
7f01f56d,2024-03-01 07:00:00,bd36a2,Books,Sofa,1,469,469,Debit Card,2024,3,March,469
bfdc28db,2024-03-01 08:00:00,a883b9,Home Decor,Novel,1,43,43,Debit Card,2024,3,March,43
ec1bced6,2024-03-01 09:00:00,21bbf9,Electronics,Lipstick,1,405,405,Cash,2024,3,March,405
5ece906a,2024-03-01 10:00:00,e7a15f,Electronics,Lipstick,4,277,1108,Debit Card,2024,3,March,1108
df434da9,2024-03-01 11:00:00,ecfd8e,Clothing,Sofa,1,361,361,Debit Card,2024,3,March,361
38e73b9e,2024-03-01 12:00:00,a0f224,Books,Laptop,2,338,676,UPI,2024,3,March,676
e8dd4748,2024-03-01 13:00:00,bdb07f,Home Decor,Sofa,3,423,1269,Debit Card,2024,3,March,1269
4ecba600,2024-03-01 14:00:00,452506,Home Decor,Laptop,3,265,795,UPI,2024,3,March,795
3aea93f7,2024-03-01 15:00:00,aac587,Electronics,Novel,2,188,376,Credit Card,2024,3,March,376
3857cfad,2024-03-01 16:00:00,2a9411,Books,Laptop,2,181,362,Debit Card,2024,3,March,362
927b4ee3,2024-03-01 17:00:00,6d82aa,Books,Sofa,1,65,65,UPI,2024,3,March,65
b74cae45,2024-03-01 18:00:00,d4165a,Home Decor,Novel,1,286,286,UPI,2024,3,March,286
a7854b1b,2024-03-01 19:00:00,2c0034,Home Decor,Lipstick,3,266,798,Cash,2024,3,March,798
63bfaaec,2024-03-01 20:00:00,de5c05,Clothing,Lipstick,2,377,754,Cash,2024,3,March,754
6b2a7ea8,2024-03-01 21:00:00,dd9a01,Electronics,Lipstick,2,459,918,Cash,2024,3,March,918
b31950eb,2024-03-01 22:00:00,5ce5f2,Books,Novel,1,260,260,Cash,2024,3,March,260
296e7a70,2024-03-01 23:00:00,d36e00,Beauty,Sofa,3,14,42,UPI,2024,3,March,42
30b3d715,2024-03-02 00:00:00,7fa91b,Beauty,Laptop,2,338,676,Debit Card,2024,3,March,676
a78d430b,2024-03-02 01:00:00,658cee,Electronics,Lipstick,2,334,668,UPI,2024,3,March,668
56a272e9,2024-03-02 02:00:00,af8a35,Books,Laptop,2,350,700,Credit Card,2024,3,March,700
446f4091,2024-03-02 03:00:00,1be281,Beauty,Sofa,4,294,1176,Debit Card,2024,3,March,1176
2effd4dd,2024-03-02 04:00:00,169123,Clothing,Novel,4,414,1656,Cash,2024,3,March,1656
3cbead83,2024-03-02 05:00:00,0cfc2b,Clothing,Laptop,4,10,40,Debit Card,2024,3,March,40
5b358443,2024-03-02 06:00:00,4b3ab7,Electronics,Lipstick,4,45,180,Debit Card,2024,3,March,180
b156ece8,2024-03-02 07:00:00,5964b7,Clothing,Novel,3,78,234,Cash,2024,3,March,234
d915b583,2024-03-02 08:00:00,3e9b3c,Clothing,Novel,4,462,1848,UPI,2024,3,March,1848
60247b3b,2024-03-02 09:00:00,fb048f,Electronics,Laptop,2,237,474,UPI,2024,3,March,474
8b02512f,2024-03-02 10:00:00,d538ec,Books,Sofa,2,22,44,Debit Card,2024,3,March,44
70dfd9b2,2024-03-02 11:00:00,d9e3eb,Clothing,Sofa,2,64,128,Credit Card,2024,3,March,128
56d25e8b,2024-03-02 12:00:00,11e14c,Beauty,Sofa,3,483,1449,Debit Card,2024,3,March,1449
c4da5abe,2024-03-02 13:00:00,39e917,Electronics,Laptop,4,424,1696,Debit Card,2024,3,March,1696
41d90ff9,2024-03-02 14:00:00,a9b582,Clothing,T-Shirt,2,196,392,Debit Card,2024,3,March,392
1854adff,2024-03-02 15:00:00,85ae39,Books,Laptop,3,79,237,UPI,2024,3,March,237
61a53be0,2024-03-02 16:00:00,8cb9b9,Electronics,Laptop,4,13,52,Cash,2024,3,March,52
86949b54,2024-03-02 17:00:00,e3dbd3,Beauty,Laptop,2,357,714,Debit Card,2024,3,March,714
025fa4f1,2024-03-02 18:00:00,9d1b18,Clothing,Laptop,3,309,927,Cash,2024,3,March,927
7f7452af,2024-03-02 19:00:00,bbfab4,Home Decor,Sofa,4,189,756,Credit Card,2024,3,March,756
34635286,2024-03-02 20:00:00,ddf97f,Beauty,Novel,2,303,606,Debit Card,2024,3,March,606
5c03a21e,2024-03-02 21:00:00,a42663,Electronics,Novel,2,238,476,Credit Card,2024,3,March,476
2b1f404e,2024-03-02 22:00:00,630ccf,Home Decor,Novel,2,412,824,Debit Card,2024,3,March,824
a4f5b7ad,2024-03-02 23:00:00,74031c,Clothing,T-Shirt,4,99,396,Credit Card,2024,3,March,396
4d20db7c,2024-03-03 00:00:00,727709,Electronics,Novel,3,41,123,Credit Card,2024,3,March,123
fb18cec3,2024-03-03 01:00:00,9d7d39,Books,Sofa,3,88,264,UPI,2024,3,March,264
e11d262b,2024-03-03 02:00:00,43bf8b,Home Decor,Lipstick,1,450,450,UPI,2024,3,March,450
5bbf09c5,2024-03-03 03:00:00,e6bc5a,Clothing,Sofa,2,271,542,Credit Card,2024,3,March,542
337334e5,2024-03-03 04:00:00,843c81,Beauty,Novel,4,403,1612,UPI,2024,3,March,1612
ea74e2f8,2024-03-03 05:00:00,3f7dec,Electronics,T-Shirt,2,96,192,Credit Card,2024,3,March,192
2fd7c932,2024-03-03 06:00:00,499ab4,Electronics,Sofa,4,350,1400,UPI,2024,3,March,1400
11193ba9,2024-03-03 07:00:00,1e2aca,Home Decor,T-Shirt,3,124,372,Cash,2024,3,March,372
05513c6a,2024-03-03 08:00:00,689804,Electronics,T-Shirt,1,175,175,UPI,2024,3,March,175
0411aceb,2024-03-03 09:00:00,ef93a4,Books,Laptop,4,143,572,UPI,2024,3,March,572
b718a209,2024-03-03 10:00:00,afe135,Electronics,Laptop,4,107,428,Credit Card,2024,3,March,428
792466df,2024-03-03 11:00:00,499ab4,Beauty,Lipstick,3,428,1284,Cash,2024,3,March,1284
a229c541,2024-03-03 12:00:00,8b9634,Beauty,Novel,2,164,328,Credit Card,2024,3,March,328
5789865d,2024-03-03 13:00:00,d8c1d4,Electronics,Lipstick,3,155,465,Debit Card,2024,3,March,465
981d0a0b,2024-03-03 14:00:00,36e794,Electronics,Sofa,4,227,908,Cash,2024,3,March,908
1c04d410,2024-03-03 15:00:00,75428d,Clothing,Laptop,2,428,856,Cash,2024,3,March,856
5780ade9,2024-03-03 16:00:00,667c1a,Electronics,Laptop,4,377,1508,Cash,2024,3,March,1508
3a37979e,2024-03-03 17:00:00,6bdb4a,Electronics,T-Shirt,4,58,232,Debit Card,2024,3,March,232
1fc54c47,2024-03-03 18:00:00,f310a8,Electronics,Lipstick,2,314,628,Cash,2024,3,March,628
123c4cd5,2024-03-03 19:00:00,e32768,Clothing,T-Shirt,4,384,1536,Debit Card,2024,3,March,1536
e4d71692,2024-03-03 20:00:00,4b5844,Electronics,T-Shirt,3,135,405,Credit Card,2024,3,March,405
318473f2,2024-03-03 21:00:00,9a1148,Home Decor,Sofa,4,85,340,Cash,2024,3,March,340
9bdda20a,2024-03-03 22:00:00,5cbaa7,Home Decor,Novel,3,29,87,Credit Card,2024,3,March,87
f8f22c70,2024-03-03 23:00:00,08561f,Home Decor,Novel,3,320,960,UPI,2024,3,March,960
75e2c064,2024-03-04 00:00:00,a47564,Home Decor,Lipstick,3,361,1083,Credit Card,2024,3,March,1083
f6e9f038,2024-03-04 01:00:00,9d4cce,Home Decor,T-Shirt,2,358,716,Credit Card,2024,3,March,716
c42fe344,2024-03-04 02:00:00,37228a,Clothing,Lipstick,4,494,1976,UPI,2024,3,March,1976
cc2a9f41,2024-03-04 03:00:00,25853a,Electronics,Laptop,1,14,14,UPI,2024,3,March,14
1ebdf3c2,2024-03-04 04:00:00,10ce2b,Books,Sofa,3,466,1398,Credit Card,2024,3,March,1398
dc7e6f2f,2024-03-04 05:00:00,aac587,Books,Lipstick,2,281,562,Debit Card,2024,3,March,562
69d2aabf,2024-03-04 06:00:00,e093b6,Electronics,T-Shirt,1,449,449,Credit Card,2024,3,March,449
3c2cf3eb,2024-03-04 07:00:00,fa4271,Electronics,Laptop,3,234,702,Credit Card,2024,3,March,702
2dd298d2,2024-03-04 08:00:00,aabeea,Beauty,T-Shirt,1,318,318,Debit Card,2024,3,March,318
75e07883,2024-03-04 09:00:00,2a7cd7,Electronics,Novel,1,106,106,UPI,2024,3,March,106
36f09dde,2024-03-04 10:00:00,6b81a8,Clothing,Laptop,3,13,39,UPI,2024,3,March,39
25e9d375,2024-03-04 11:00:00,6a6079,Clothing,Novel,1,99,99,Credit Card,2024,3,March,99
1df5d4d0,2024-03-04 12:00:00,79562f,Home Decor,Novel,2,318,636,Credit Card,2024,3,March,636
c2d89fa7,2024-03-04 13:00:00,1718ff,Beauty,Novel,4,70,280,UPI,2024,3,March,280
0d1c90b3,2024-03-04 14:00:00,9758c0,Clothing,T-Shirt,2,168,336,Debit Card,2024,3,March,336
1b7d9159,2024-03-04 15:00:00,642d5e,Beauty,Lipstick,3,472,1416,Cash,2024,3,March,1416
8a18c02f,2024-03-04 16:00:00,cc9ba0,Books,Lipstick,1,78,78,UPI,2024,3,March,78
ca4a3dee,2024-03-04 17:00:00,83e133,Electronics,T-Shirt,3,62,186,Debit Card,2024,3,March,186
5bbc6fd4,2024-03-04 18:00:00,6474f7,Beauty,Sofa,4,220,880,Debit Card,2024,3,March,880
a4c2a8db,2024-03-04 19:00:00,a658a4,Clothing,Lipstick,4,297,1188,Credit Card,2024,3,March,1188
25e73ce8,2024-03-04 20:00:00,7f03a0,Home Decor,Laptop,1,15,15,Debit Card,2024,3,March,15
05c3a7e0,2024-03-04 21:00:00,8761d7,Electronics,Laptop,1,353,353,UPI,2024,3,March,353
fe98c5a0,2024-03-04 22:00:00,9e2389,Beauty,T-Shirt,1,211,211,Debit Card,2024,3,March,211
c995617d,2024-03-04 23:00:00,9c1061,Clothing,Sofa,4,478,1912,Cash,2024,3,March,1912
9bf6ffe2,2024-03-05 00:00:00,13e8e2,Electronics,Novel,4,212,848,Cash,2024,3,March,848
a82a7118,2024-03-05 01:00:00,092c22,Clothing,T-Shirt,4,188,752,UPI,2024,3,March,752
294fcab4,2024-03-05 02:00:00,2556f7,Home Decor,T-Shirt,3,276,828,Cash,2024,3,March,828
0b50f2e1,2024-03-05 03:00:00,a40a26,Home Decor,Sofa,3,58,174,Cash,2024,3,March,174
468adc8b,2024-03-05 04:00:00,985c9f,Books,Novel,4,157,628,Cash,2024,3,March,628
39905ce7,2024-03-05 05:00:00,e60281,Home Decor,Lipstick,1,144,144,Credit Card,2024,3,March,144
6a49d47a,2024-03-05 06:00:00,7e8063,Electronics,T-Shirt,4,179,716,Credit Card,2024,3,March,716
7cc81d52,2024-03-05 07:00:00,9de4c7,Home Decor,Lipstick,4,97,388,Cash,2024,3,March,388
948f6cc5,2024-03-05 08:00:00,200248,Books,T-Shirt,1,170,170,Cash,2024,3,March,170
b7c46663,2024-03-05 09:00:00,e0053e,Books,Laptop,2,186,372,Cash,2024,3,March,372
aec3df24,2024-03-05 10:00:00,36a9a4,Electronics,Sofa,1,136,136,Credit Card,2024,3,March,136
cd8cc9e9,2024-03-05 11:00:00,628f76,Clothing,Lipstick,4,473,1892,Credit Card,2024,3,March,1892
a49588dc,2024-03-05 12:00:00,7c817c,Home Decor,T-Shirt,1,478,478,UPI,2024,3,March,478
f2e1e30e,2024-03-05 13:00:00,6b81a8,Electronics,Lipstick,4,112,448,Debit Card,2024,3,March,448
604d3591,2024-03-05 14:00:00,50f690,Home Decor,T-Shirt,4,109,436,UPI,2024,3,March,436
381c489b,2024-03-05 15:00:00,e6bc5a,Clothing,T-Shirt,3,218,654,Debit Card,2024,3,March,654
ffb7b9a2,2024-03-05 16:00:00,16a09f,Books,Sofa,1,440,440,Cash,2024,3,March,440
ed2763e5,2024-03-05 17:00:00,9d1b18,Clothing,Novel,2,230,460,Cash,2024,3,March,460
8e2a8d5e,2024-03-05 18:00:00,bfadaf,Home Decor,Novel,1,156,156,UPI,2024,3,March,156
d64ccd3f,2024-03-05 19:00:00,dd1d33,Home Decor,Lipstick,2,496,992,UPI,2024,3,March,992
1f04d6a8,2024-03-05 20:00:00,7064f8,Home Decor,Novel,1,14,14,Debit Card,2024,3,March,14
00a660ef,2024-03-05 21:00:00,fc3922,Home Decor,Novel,1,255,255,Credit Card,2024,3,March,255
0eb0302f,2024-03-05 22:00:00,bdb07f,Electronics,T-Shirt,4,246,984,Debit Card,2024,3,March,984
799d1676,2024-03-05 23:00:00,1e566b,Beauty,Sofa,4,244,976,Debit Card,2024,3,March,976
64614ba8,2024-03-06 00:00:00,66acf0,Electronics,Sofa,1,223,223,Cash,2024,3,March,223
ce250585,2024-03-06 01:00:00,7df600,Home Decor,Sofa,3,175,525,Cash,2024,3,March,525
5c21fd8e,2024-03-06 02:00:00,73f0cc,Electronics,Sofa,3,257,771,Debit Card,2024,3,March,771
8a5be058,2024-03-06 03:00:00,b6dfe6,Clothing,T-Shirt,3,357,1071,Cash,2024,3,March,1071
6bdccea0,2024-03-06 04:00:00,2bb631,Beauty,Sofa,4,228,912,Cash,2024,3,March,912
66c8e97e,2024-03-06 05:00:00,d80b1d,Books,Laptop,1,457,457,Cash,2024,3,March,457
92426935,2024-03-06 06:00:00,fe4026,Electronics,Novel,4,20,80,Credit Card,2024,3,March,80
aa847f4e,2024-03-06 07:00:00,54fab6,Books,Sofa,4,273,1092,Credit Card,2024,3,March,1092
999baf0b,2024-03-06 08:00:00,50e071,Home Decor,Sofa,1,132,132,Cash,2024,3,March,132
a84acd95,2024-03-06 09:00:00,9bd39e,Home Decor,Novel,2,46,92,UPI,2024,3,March,92
fe6404b2,2024-03-06 10:00:00,27fcdf,Home Decor,Laptop,4,247,988,UPI,2024,3,March,988
96c0ce39,2024-03-06 11:00:00,532e11,Beauty,Novel,2,289,578,Debit Card,2024,3,March,578
a681f7ce,2024-03-06 12:00:00,4a8434,Electronics,T-Shirt,2,344,688,Cash,2024,3,March,688
8036c2ab,2024-03-06 13:00:00,a12678,Books,T-Shirt,3,67,201,UPI,2024,3,March,201
d658b603,2024-03-06 14:00:00,9353e8,Books,Laptop,1,445,445,Credit Card,2024,3,March,445
aa12842e,2024-03-06 15:00:00,e6e784,Beauty,T-Shirt,3,188,564,Credit Card,2024,3,March,564
85686e09,2024-03-06 16:00:00,11e14c,Home Decor,T-Shirt,2,392,784,Cash,2024,3,March,784
962d8c6f,2024-03-06 17:00:00,959b14,Clothing,Novel,2,113,226,Credit Card,2024,3,March,226
117048be,2024-03-06 18:00:00,a6b61d,Electronics,Novel,3,35,105,Debit Card,2024,3,March,105
91dfc2ad,2024-03-06 19:00:00,cd1aeb,Books,Novel,3,397,1191,Credit Card,2024,3,March,1191
dd18cd79,2024-03-06 20:00:00,ab7452,Home Decor,T-Shirt,1,283,283,Cash,2024,3,March,283
ec00dbba,2024-03-06 21:00:00,b25446,Books,Lipstick,3,362,1086,UPI,2024,3,March,1086
ce986080,2024-03-06 22:00:00,b78ecd,Beauty,Sofa,1,369,369,Debit Card,2024,3,March,369
bbf82217,2024-03-06 23:00:00,9bd39e,Clothing,T-Shirt,1,421,421,Debit Card,2024,3,March,421
f073efd7,2024-03-07 00:00:00,98fb8a,Home Decor,T-Shirt,3,354,1062,UPI,2024,3,March,1062
253aa0d1,2024-03-07 01:00:00,bd36a2,Electronics,Lipstick,2,301,602,Credit Card,2024,3,March,602
fbb7c9aa,2024-03-07 02:00:00,389383,Books,Sofa,4,276,1104,Debit Card,2024,3,March,1104
bb1e125e,2024-03-07 03:00:00,af8a35,Books,Novel,2,285,570,UPI,2024,3,March,570
f7c81f6d,2024-03-07 04:00:00,775de5,Clothing,Novel,4,197,788,Cash,2024,3,March,788
c143dcde,2024-03-07 05:00:00,6474f7,Home Decor,T-Shirt,3,219,657,UPI,2024,3,March,657
01332203,2024-03-07 06:00:00,1933b9,Home Decor,Lipstick,3,252,756,UPI,2024,3,March,756
27568815,2024-03-07 07:00:00,184306,Home Decor,Sofa,1,204,204,Cash,2024,3,March,204
7a9eb887,2024-03-07 08:00:00,f7dcee,Beauty,Laptop,3,330,990,Cash,2024,3,March,990
b3f60b1b,2024-03-07 09:00:00,5f7b2e,Electronics,Novel,1,343,343,Credit Card,2024,3,March,343
741b29df,2024-03-07 10:00:00,381cc6,Home Decor,Novel,4,395,1580,Cash,2024,3,March,1580
4cccad30,2024-03-07 11:00:00,a6b61d,Electronics,Lipstick,1,144,144,Cash,2024,3,March,144
b42e2914,2024-03-07 12:00:00,97707e,Beauty,Laptop,2,446,892,UPI,2024,3,March,892
80b47455,2024-03-07 13:00:00,d5fa58,Home Decor,Sofa,2,153,306,Cash,2024,3,March,306
ae815d79,2024-03-07 14:00:00,603fe0,Electronics,Sofa,1,406,406,Cash,2024,3,March,406
595deebf,2024-03-07 15:00:00,9e05c6,Clothing,Laptop,2,367,734,UPI,2024,3,March,734
409d7354,2024-03-07 16:00:00,a47564,Electronics,Sofa,3,251,753,UPI,2024,3,March,753
87b836a8,2024-03-07 17:00:00,de5c05,Books,Sofa,3,226,678,Debit Card,2024,3,March,678
d4657ad4,2024-03-07 18:00:00,322b62,Books,Lipstick,3,129,387,UPI,2024,3,March,387
ce8f6556,2024-03-07 19:00:00,11027e,Home Decor,T-Shirt,3,440,1320,Debit Card,2024,3,March,1320
b84e6b20,2024-03-07 20:00:00,c6bb91,Electronics,Lipstick,1,126,126,Credit Card,2024,3,March,126
0b7be815,2024-03-07 21:00:00,656752,Clothing,Sofa,2,173,346,Credit Card,2024,3,March,346
0aec6aa2,2024-03-07 22:00:00,c0f584,Clothing,Sofa,2,69,138,Cash,2024,3,March,138
f8885a5e,2024-03-07 23:00:00,636007,Books,Sofa,3,289,867,Credit Card,2024,3,March,867
6b8ebe97,2024-03-08 00:00:00,fbc727,Electronics,Sofa,3,370,1110,Credit Card,2024,3,March,1110
d439b9d7,2024-03-08 01:00:00,ee00cf,Clothing,T-Shirt,3,339,1017,Cash,2024,3,March,1017
965b9fb3,2024-03-08 02:00:00,940c3d,Home Decor,Laptop,2,67,134,Debit Card,2024,3,March,134
8ab5a38b,2024-03-08 03:00:00,db7bff,Clothing,Novel,3,276,828,Cash,2024,3,March,828
672ada47,2024-03-08 04:00:00,1e566b,Beauty,Sofa,3,151,453,Debit Card,2024,3,March,453
a061710d,2024-03-08 05:00:00,9d106b,Home Decor,T-Shirt,3,387,1161,UPI,2024,3,March,1161
608e0bf3,2024-03-08 06:00:00,7eef43,Home Decor,Laptop,4,44,176,UPI,2024,3,March,176
dca03f92,2024-03-08 07:00:00,6860f0,Beauty,Laptop,3,207,621,Debit Card,2024,3,March,621
ba11a31d,2024-03-08 08:00:00,76c8fb,Books,Sofa,2,481,962,Debit Card,2024,3,March,962
d7cd245d,2024-03-08 09:00:00,ecfd8e,Clothing,T-Shirt,3,490,1470,Debit Card,2024,3,March,1470
14975fbf,2024-03-08 10:00:00,ca68e4,Books,Lipstick,4,90,360,UPI,2024,3,March,360
ecaaa242,2024-03-08 11:00:00,9bd481,Clothing,Sofa,2,44,88,Debit Card,2024,3,March,88
6c26a0c3,2024-03-08 12:00:00,4e1657,Clothing,Sofa,3,288,864,Cash,2024,3,March,864
ae388723,2024-03-08 13:00:00,79e648,Electronics,Sofa,4,242,968,Credit Card,2024,3,March,968
41b43343,2024-03-08 14:00:00,08a16f,Clothing,T-Shirt,2,394,788,Debit Card,2024,3,March,788
e7888261,2024-03-08 15:00:00,cb2083,Beauty,T-Shirt,3,319,957,Credit Card,2024,3,March,957
b839adbb,2024-03-08 16:00:00,ce061d,Beauty,Sofa,1,286,286,Cash,2024,3,March,286
c4f4109a,2024-03-08 17:00:00,4b51ec,Home Decor,Sofa,2,270,540,UPI,2024,3,March,540
4383029d,2024-03-08 18:00:00,389383,Home Decor,T-Shirt,4,229,916,Debit Card,2024,3,March,916
3e3d89ee,2024-03-08 19:00:00,6a2856,Beauty,Sofa,3,80,240,UPI,2024,3,March,240
4cf8f94d,2024-03-08 20:00:00,26031c,Beauty,Lipstick,4,55,220,Debit Card,2024,3,March,220
dc05a282,2024-03-08 21:00:00,35af9d,Books,Sofa,3,23,69,UPI,2024,3,March,69
58c13c4d,2024-03-08 22:00:00,3b936d,Beauty,Laptop,1,259,259,UPI,2024,3,March,259
758f1d2e,2024-03-08 23:00:00,aea03b,Books,Sofa,3,201,603,UPI,2024,3,March,603
0455c097,2024-03-09 00:00:00,60d951,Electronics,T-Shirt,3,178,534,UPI,2024,3,March,534
8efc5ff3,2024-03-09 01:00:00,8af74d,Electronics,T-Shirt,3,78,234,Cash,2024,3,March,234
df9901f7,2024-03-09 02:00:00,cb773f,Beauty,Laptop,2,117,234,Credit Card,2024,3,March,234
5beb0662,2024-03-09 03:00:00,32c04b,Home Decor,Sofa,2,306,612,UPI,2024,3,March,612
879e4aa2,2024-03-09 04:00:00,32927d,Electronics,Laptop,2,164,328,UPI,2024,3,March,328
6d7480d4,2024-03-09 05:00:00,61e522,Home Decor,Novel,1,206,206,Debit Card,2024,3,March,206
bcd6fd69,2024-03-09 06:00:00,79e648,Clothing,Lipstick,2,383,766,UPI,2024,3,March,766
5f1e3d2e,2024-03-09 07:00:00,a0eb2a,Electronics,Lipstick,1,228,228,Cash,2024,3,March,228
2850c84d,2024-03-09 08:00:00,7c9790,Books,Lipstick,2,410,820,Credit Card,2024,3,March,820
ed5d55c1,2024-03-09 09:00:00,058198,Home Decor,Laptop,2,395,790,Credit Card,2024,3,March,790
3826c313,2024-03-09 10:00:00,2a6646,Books,Novel,4,153,612,UPI,2024,3,March,612
34e59f7f,2024-03-09 11:00:00,df5cf3,Home Decor,Laptop,4,66,264,Debit Card,2024,3,March,264
efee8d28,2024-03-09 12:00:00,92f42e,Home Decor,Novel,2,432,864,UPI,2024,3,March,864
0181c1b7,2024-03-09 13:00:00,9a1148,Electronics,Novel,4,52,208,Credit Card,2024,3,March,208
313e3549,2024-03-09 14:00:00,9ba44c,Books,Novel,2,210,420,Debit Card,2024,3,March,420
7fa45709,2024-03-09 15:00:00,658cee,Home Decor,Novel,4,82,328,Debit Card,2024,3,March,328
3572e33d,2024-03-09 16:00:00,63dc2a,Home Decor,Lipstick,4,499,1996,Debit Card,2024,3,March,1996
5a19456a,2024-03-09 17:00:00,585151,Clothing,Novel,2,60,120,Credit Card,2024,3,March,120
d6c44263,2024-03-09 18:00:00,3230b4,Clothing,Laptop,2,489,978,UPI,2024,3,March,978
56b4fb0c,2024-03-09 19:00:00,a40a26,Beauty,Sofa,2,422,844,Debit Card,2024,3,March,844
6a2d2e6d,2024-03-09 20:00:00,5538a3,Books,Sofa,1,286,286,Credit Card,2024,3,March,286
980d10ae,2024-03-09 21:00:00,c690cb,Books,T-Shirt,4,345,1380,Debit Card,2024,3,March,1380
97b61850,2024-03-09 22:00:00,cebc22,Electronics,T-Shirt,3,166,498,Cash,2024,3,March,498
0d4e1d32,2024-03-09 23:00:00,d40b64,Beauty,Laptop,4,126,504,Cash,2024,3,March,504
3af85868,2024-03-10 00:00:00,d07df3,Books,T-Shirt,3,380,1140,Cash,2024,3,March,1140
cf890d1d,2024-03-10 01:00:00,48d760,Home Decor,Sofa,2,426,852,Cash,2024,3,March,852
a9b7b4e5,2024-03-10 02:00:00,41b60a,Home Decor,Lipstick,4,331,1324,Debit Card,2024,3,March,1324
251377a3,2024-03-10 03:00:00,60d951,Books,Sofa,1,426,426,Debit Card,2024,3,March,426
8251791c,2024-03-10 04:00:00,ef941e,Beauty,Laptop,2,175,350,UPI,2024,3,March,350
17bfc669,2024-03-10 05:00:00,791f39,Clothing,Sofa,4,128,512,Credit Card,2024,3,March,512
bf666cdc,2024-03-10 06:00:00,9388bb,Beauty,Sofa,4,316,1264,UPI,2024,3,March,1264
9363075c,2024-03-10 07:00:00,0a694c,Electronics,Laptop,1,154,154,Debit Card,2024,3,March,154
b87920f6,2024-03-10 08:00:00,531de4,Electronics,Sofa,1,59,59,Debit Card,2024,3,March,59
9d01c4f2,2024-03-10 09:00:00,eb6746,Beauty,Novel,2,415,830,Debit Card,2024,3,March,830
54c376b0,2024-03-10 10:00:00,4fcc8a,Books,Novel,3,308,924,Debit Card,2024,3,March,924
49f1daee,2024-03-10 11:00:00,452346,Home Decor,T-Shirt,1,465,465,UPI,2024,3,March,465
1b6110ed,2024-03-10 12:00:00,d07df3,Home Decor,T-Shirt,3,180,540,Credit Card,2024,3,March,540
49fdaba1,2024-03-10 13:00:00,1efff5,Beauty,Novel,1,456,456,UPI,2024,3,March,456
d98104c8,2024-03-10 14:00:00,74e34e,Home Decor,Novel,4,466,1864,Debit Card,2024,3,March,1864
5cb81794,2024-03-10 15:00:00,4b3ab7,Electronics,Novel,1,269,269,UPI,2024,3,March,269
008c8b32,2024-03-10 16:00:00,4b3ab7,Home Decor,Novel,1,409,409,Credit Card,2024,3,March,409
7f0a8d3a,2024-03-10 17:00:00,55721d,Electronics,Sofa,1,481,481,UPI,2024,3,March,481
94ed0b85,2024-03-10 18:00:00,20c88e,Electronics,Novel,3,354,1062,Debit Card,2024,3,March,1062
eed7d96d,2024-03-10 19:00:00,fde82f,Clothing,Lipstick,4,477,1908,Debit Card,2024,3,March,1908
3d97acff,2024-03-10 20:00:00,d10352,Books,T-Shirt,3,495,1485,UPI,2024,3,March,1485
9f3cc8d1,2024-03-10 21:00:00,df03df,Electronics,Novel,2,302,604,Cash,2024,3,March,604
7a2e3ea1,2024-03-10 22:00:00,09aaef,Beauty,Sofa,2,50,100,Credit Card,2024,3,March,100
fe46915f,2024-03-10 23:00:00,8eb823,Books,T-Shirt,3,477,1431,Credit Card,2024,3,March,1431
2bc082a9,2024-03-11 00:00:00,1e2aca,Electronics,Lipstick,4,67,268,UPI,2024,3,March,268
2d6fc797,2024-03-11 01:00:00,ee92a5,Books,Sofa,4,469,1876,UPI,2024,3,March,1876
048f0ae1,2024-03-11 02:00:00,339a50,Home Decor,Lipstick,1,401,401,Debit Card,2024,3,March,401
b139f4d0,2024-03-11 03:00:00,a38696,Home Decor,Laptop,1,208,208,Debit Card,2024,3,March,208
ebf0ceff,2024-03-11 04:00:00,335482,Clothing,T-Shirt,2,47,94,Cash,2024,3,March,94
1e338136,2024-03-11 05:00:00,d673c7,Home Decor,Sofa,1,168,168,Credit Card,2024,3,March,168
01d4ac82,2024-03-11 06:00:00,ea5046,Clothing,Laptop,1,67,67,Credit Card,2024,3,March,67
5b147e2e,2024-03-11 07:00:00,9a67bd,Beauty,Sofa,4,306,1224,Cash,2024,3,March,1224
5cbeb492,2024-03-11 08:00:00,8cb9b9,Books,T-Shirt,2,232,464,UPI,2024,3,March,464
3302d057,2024-03-11 09:00:00,9bfc49,Clothing,T-Shirt,3,87,261,Credit Card,2024,3,March,261
4926015e,2024-03-11 10:00:00,a883b9,Home Decor,T-Shirt,3,297,891,Debit Card,2024,3,March,891
403648ef,2024-03-11 11:00:00,53afab,Beauty,T-Shirt,4,393,1572,Credit Card,2024,3,March,1572
7c7629ef,2024-03-11 12:00:00,7270dd,Electronics,Sofa,3,158,474,Debit Card,2024,3,March,474
dd45df2e,2024-03-11 13:00:00,a1ac40,Home Decor,Novel,4,401,1604,Cash,2024,3,March,1604
097331fb,2024-03-11 14:00:00,917c1b,Clothing,Novel,2,119,238,Cash,2024,3,March,238
25c36c95,2024-03-11 15:00:00,1beced,Beauty,Lipstick,3,270,810,Debit Card,2024,3,March,810
25923a86,2024-03-11 16:00:00,00b49a,Electronics,Novel,4,121,484,UPI,2024,3,March,484
f7854d90,2024-03-11 17:00:00,e50fd0,Home Decor,Laptop,3,95,285,Credit Card,2024,3,March,285
3e94bf16,2024-03-11 18:00:00,d3b955,Electronics,Sofa,2,317,634,Debit Card,2024,3,March,634
3073dfa2,2024-03-11 19:00:00,b92b74,Home Decor,Novel,1,24,24,Credit Card,2024,3,March,24
73b47ad5,2024-03-11 20:00:00,31a545,Books,Sofa,4,239,956,Credit Card,2024,3,March,956
d66fd5fd,2024-03-11 21:00:00,5e2217,Clothing,Laptop,4,210,840,UPI,2024,3,March,840
acdb4d99,2024-03-11 22:00:00,31f38a,Home Decor,Laptop,2,184,368,Credit Card,2024,3,March,368
0c2484c6,2024-03-11 23:00:00,1af473,Beauty,Laptop,3,202,606,Debit Card,2024,3,March,606
69568110,2024-03-12 00:00:00,0d28a1,Clothing,Novel,1,321,321,Cash,2024,3,March,321
b3e4c103,2024-03-12 01:00:00,5ac382,Clothing,Laptop,1,315,315,Credit Card,2024,3,March,315
c2be9cfc,2024-03-12 02:00:00,c5c830,Home Decor,Novel,2,471,942,Debit Card,2024,3,March,942
f6e31a17,2024-03-12 03:00:00,37f14f,Electronics,Laptop,2,270,540,Credit Card,2024,3,March,540
175a0a34,2024-03-12 04:00:00,a9a2b0,Home Decor,T-Shirt,2,232,464,Credit Card,2024,3,March,464
012027a8,2024-03-12 05:00:00,56a8d9,Home Decor,Lipstick,4,322,1288,Cash,2024,3,March,1288
49a9484a,2024-03-12 06:00:00,335482,Books,Novel,1,448,448,Cash,2024,3,March,448
a79765d1,2024-03-12 07:00:00,9f2660,Beauty,Laptop,3,368,1104,Debit Card,2024,3,March,1104
1aa1009d,2024-03-12 08:00:00,14d85a,Beauty,T-Shirt,2,437,874,UPI,2024,3,March,874
0e442cf6,2024-03-12 09:00:00,68cd22,Clothing,T-Shirt,4,316,1264,Debit Card,2024,3,March,1264
3a1f95f5,2024-03-12 10:00:00,622979,Home Decor,Sofa,4,158,632,Debit Card,2024,3,March,632
a9e1a456,2024-03-12 11:00:00,d3d467,Home Decor,Laptop,4,435,1740,Debit Card,2024,3,March,1740
30919810,2024-03-12 12:00:00,60c508,Clothing,Sofa,4,142,568,UPI,2024,3,March,568
e1824658,2024-03-12 13:00:00,b8e59b,Home Decor,Lipstick,4,21,84,Credit Card,2024,3,March,84
ae0d1a3a,2024-03-12 14:00:00,f7dcee,Home Decor,Sofa,1,351,351,Cash,2024,3,March,351
cc1c9ad1,2024-03-12 15:00:00,3977f6,Electronics,Sofa,4,94,376,Cash,2024,3,March,376
bd158644,2024-03-12 16:00:00,22f1a7,Beauty,Novel,4,261,1044,Cash,2024,3,March,1044
653a7a71,2024-03-12 17:00:00,ca68e4,Clothing,Sofa,2,191,382,Cash,2024,3,March,382
95ddcc31,2024-03-12 18:00:00,9388bb,Books,Sofa,1,191,191,Credit Card,2024,3,March,191
ecb18f06,2024-03-12 19:00:00,a43eea,Home Decor,Sofa,1,280,280,Debit Card,2024,3,March,280
a1cf81f5,2024-03-12 20:00:00,08d3e4,Beauty,Novel,1,403,403,Cash,2024,3,March,403
5e9b7a69,2024-03-12 21:00:00,7c6499,Clothing,T-Shirt,1,483,483,UPI,2024,3,March,483
0bb064b0,2024-03-12 22:00:00,66ca62,Home Decor,Laptop,2,468,936,Cash,2024,3,March,936
dc5b4ef2,2024-03-12 23:00:00,08d3e4,Electronics,Sofa,1,328,328,Cash,2024,3,March,328
c7a37810,2024-03-13 00:00:00,43949d,Beauty,Novel,4,459,1836,Credit Card,2024,3,March,1836
d2d6d5ab,2024-03-13 01:00:00,96ff57,Clothing,Novel,2,499,998,Credit Card,2024,3,March,998
5c83746f,2024-03-13 02:00:00,c5c830,Electronics,T-Shirt,2,386,772,Cash,2024,3,March,772
c3769ee2,2024-03-13 03:00:00,ef1539,Beauty,Lipstick,2,495,990,Credit Card,2024,3,March,990
eda44adb,2024-03-13 04:00:00,54579a,Clothing,Novel,3,362,1086,UPI,2024,3,March,1086
71ab8f0f,2024-03-13 05:00:00,580dca,Clothing,Sofa,4,401,1604,Credit Card,2024,3,March,1604
c0cf713d,2024-03-13 06:00:00,9b70eb,Beauty,Novel,1,494,494,Credit Card,2024,3,March,494
83b3b9cc,2024-03-13 07:00:00,ddf118,Beauty,T-Shirt,2,117,234,UPI,2024,3,March,234
65ba836a,2024-03-13 08:00:00,51f9e6,Beauty,T-Shirt,1,436,436,Cash,2024,3,March,436
d795b1f5,2024-03-13 09:00:00,36864d,Electronics,Sofa,2,390,780,UPI,2024,3,March,780
f08983b7,2024-03-13 10:00:00,62a73d,Home Decor,Sofa,1,250,250,Credit Card,2024,3,March,250
2bd6bd31,2024-03-13 11:00:00,e9ef6b,Home Decor,Laptop,4,419,1676,Credit Card,2024,3,March,1676
4dbd283d,2024-03-13 12:00:00,d538ec,Clothing,Laptop,1,318,318,Credit Card,2024,3,March,318
3f5b15b8,2024-03-13 13:00:00,df5cf3,Books,Sofa,2,131,262,UPI,2024,3,March,262
e6de2790,2024-03-13 14:00:00,3d3774,Clothing,Sofa,3,426,1278,UPI,2024,3,March,1278
48f9ddbf,2024-03-13 15:00:00,e26ec3,Clothing,T-Shirt,4,311,1244,Credit Card,2024,3,March,1244
70114ea3,2024-03-13 16:00:00,a6b61d,Beauty,Sofa,2,255,510,Credit Card,2024,3,March,510
cc5552ea,2024-03-13 17:00:00,e15d65,Electronics,Laptop,4,446,1784,Credit Card,2024,3,March,1784
8e85c986,2024-03-13 18:00:00,3b936d,Home Decor,Novel,2,292,584,Credit Card,2024,3,March,584
609b4f0a,2024-03-13 19:00:00,a453b1,Books,Lipstick,1,67,67,UPI,2024,3,March,67
b93dcba8,2024-03-13 20:00:00,e32768,Electronics,Sofa,3,353,1059,UPI,2024,3,March,1059
3fcfa589,2024-03-13 21:00:00,9e05c6,Beauty,Laptop,2,264,528,Credit Card,2024,3,March,528
25eadb80,2024-03-13 22:00:00,aac587,Home Decor,Sofa,1,144,144,UPI,2024,3,March,144
04844fbe,2024-03-13 23:00:00,66acf0,Beauty,Novel,1,113,113,UPI,2024,3,March,113
98f24587,2024-03-14 00:00:00,6a9c9e,Clothing,T-Shirt,2,134,268,Cash,2024,3,March,268
f25698fe,2024-03-14 01:00:00,e32768,Home Decor,Sofa,4,267,1068,UPI,2024,3,March,1068
7e9c48f2,2024-03-14 02:00:00,36864d,Beauty,Laptop,4,412,1648,UPI,2024,3,March,1648
909985cc,2024-03-14 03:00:00,80d1dc,Books,Sofa,2,194,388,Cash,2024,3,March,388
9ed1ca64,2024-03-14 04:00:00,0a0472,Clothing,Lipstick,3,468,1404,UPI,2024,3,March,1404
6a9a101c,2024-03-14 05:00:00,9353e8,Clothing,Novel,1,465,465,UPI,2024,3,March,465
01c8014b,2024-03-14 06:00:00,a89122,Books,Laptop,2,437,874,Cash,2024,3,March,874
65cc2123,2024-03-14 07:00:00,7f8f6e,Books,Novel,2,100,200,Credit Card,2024,3,March,200
30f21e48,2024-03-14 08:00:00,0f572d,Electronics,Lipstick,2,453,906,Credit Card,2024,3,March,906
6139b7f0,2024-03-14 09:00:00,791f39,Home Decor,T-Shirt,3,374,1122,Cash,2024,3,March,1122
22570001,2024-03-14 10:00:00,d129cd,Clothing,T-Shirt,1,165,165,Debit Card,2024,3,March,165
61fbced9,2024-03-14 11:00:00,74031c,Books,Sofa,4,355,1420,UPI,2024,3,March,1420
e17271a4,2024-03-14 12:00:00,b08fef,Books,Laptop,1,179,179,Cash,2024,3,March,179
30b67062,2024-03-14 13:00:00,7888ee,Electronics,Laptop,1,479,479,Credit Card,2024,3,March,479
e0ec9d3f,2024-03-14 14:00:00,a38696,Books,T-Shirt,3,274,822,Cash,2024,3,March,822
a12b96f5,2024-03-14 15:00:00,09aaef,Home Decor,Sofa,2,160,320,UPI,2024,3,March,320
a7cd27b1,2024-03-14 16:00:00,aac587,Clothing,Laptop,3,496,1488,Credit Card,2024,3,March,1488
3ef6255f,2024-03-14 17:00:00,8b9634,Clothing,Lipstick,1,482,482,Cash,2024,3,March,482
f737db33,2024-03-14 18:00:00,1513de,Clothing,Novel,4,128,512,Cash,2024,3,March,512
587b299a,2024-03-14 19:00:00,0a694c,Electronics,T-Shirt,3,57,171,UPI,2024,3,March,171
697b70d6,2024-03-14 20:00:00,d10352,Beauty,Lipstick,3,31,93,Debit Card,2024,3,March,93
edc32375,2024-03-14 21:00:00,985c9f,Books,Lipstick,1,271,271,Debit Card,2024,3,March,271
64a8baf9,2024-03-14 22:00:00,6341df,Electronics,Sofa,4,438,1752,Debit Card,2024,3,March,1752
b0e49f45,2024-03-14 23:00:00,7bc79f,Home Decor,Lipstick,4,452,1808,UPI,2024,3,March,1808
b22ccfea,2024-03-15 00:00:00,3301f1,Home Decor,Lipstick,2,368,736,Cash,2024,3,March,736
365a2caa,2024-03-15 01:00:00,d16086,Electronics,T-Shirt,2,490,980,Cash,2024,3,March,980
dc10067a,2024-03-15 02:00:00,894646,Electronics,Laptop,1,115,115,Credit Card,2024,3,March,115
2565376d,2024-03-15 03:00:00,73f0cc,Beauty,Lipstick,1,84,84,UPI,2024,3,March,84
fbb3b94a,2024-03-15 04:00:00,b92b74,Beauty,T-Shirt,4,86,344,Debit Card,2024,3,March,344
25a350f3,2024-03-15 05:00:00,c0b07d,Home Decor,T-Shirt,4,310,1240,Debit Card,2024,3,March,1240
940038d7,2024-03-15 06:00:00,4a8434,Home Decor,T-Shirt,2,63,126,Cash,2024,3,March,126
95cff454,2024-03-15 07:00:00,1de488,Electronics,Laptop,2,307,614,Cash,2024,3,March,614
358a3fb0,2024-03-15 08:00:00,8c767a,Beauty,T-Shirt,2,45,90,Credit Card,2024,3,March,90
e74f7616,2024-03-15 09:00:00,6d2563,Clothing,Lipstick,3,134,402,UPI,2024,3,March,402
59dfb56a,2024-03-15 10:00:00,11027e,Home Decor,Laptop,1,177,177,Cash,2024,3,March,177
dd08a535,2024-03-15 11:00:00,4b117d,Clothing,Novel,3,468,1404,UPI,2024,3,March,1404
f646519f,2024-03-15 12:00:00,e540e0,Beauty,Novel,4,360,1440,Debit Card,2024,3,March,1440
2a647ab5,2024-03-15 13:00:00,d8c1d4,Beauty,Novel,1,251,251,Cash,2024,3,March,251
791e2d4b,2024-03-15 14:00:00,26b6c9,Home Decor,T-Shirt,4,185,740,Debit Card,2024,3,March,740
52823571,2024-03-15 15:00:00,10ce2b,Books,Lipstick,1,380,380,Credit Card,2024,3,March,380
dcb3cbff,2024-03-15 16:00:00,afe135,Electronics,Laptop,2,80,160,UPI,2024,3,March,160
fbdfb201,2024-03-15 17:00:00,fde82f,Books,Laptop,1,235,235,UPI,2024,3,March,235
917a1af1,2024-03-15 18:00:00,f1d09c,Clothing,T-Shirt,2,49,98,Debit Card,2024,3,March,98
86b29406,2024-03-15 19:00:00,f0c87e,Home Decor,Laptop,3,50,150,Credit Card,2024,3,March,150
c89e7dd5,2024-03-15 20:00:00,064624,Beauty,Novel,2,294,588,Credit Card,2024,3,March,588
3fdf4e98,2024-03-15 21:00:00,08a79b,Home Decor,Laptop,4,113,452,Credit Card,2024,3,March,452
a7272ddd,2024-03-15 22:00:00,5652da,Beauty,Laptop,1,158,158,UPI,2024,3,March,158
d1d32a04,2024-03-15 23:00:00,499ab4,Clothing,Lipstick,2,180,360,Cash,2024,3,March,360
b277329c,2024-03-16 00:00:00,622979,Clothing,Sofa,4,206,824,Debit Card,2024,3,March,824
cab3e618,2024-03-16 01:00:00,d6f4c1,Electronics,Laptop,2,28,56,UPI,2024,3,March,56
988a6f38,2024-03-16 02:00:00,628f76,Beauty,Lipstick,4,392,1568,Debit Card,2024,3,March,1568
a47b2d80,2024-03-16 03:00:00,a77707,Beauty,Sofa,1,389,389,Debit Card,2024,3,March,389
c372591e,2024-03-16 04:00:00,fa3119,Electronics,T-Shirt,1,39,39,UPI,2024,3,March,39
14398733,2024-03-16 05:00:00,0a4dfb,Beauty,Sofa,3,309,927,UPI,2024,3,March,927
aac61d1a,2024-03-16 06:00:00,d5f2e3,Electronics,Lipstick,3,37,111,Cash,2024,3,March,111
eac8a1f8,2024-03-16 07:00:00,87142e,Electronics,Sofa,1,481,481,Credit Card,2024,3,March,481
f443dd08,2024-03-16 08:00:00,15ba0d,Books,Lipstick,4,93,372,Cash,2024,3,March,372
fdc3583f,2024-03-16 09:00:00,206687,Clothing,Sofa,2,387,774,UPI,2024,3,March,774
4776be44,2024-03-16 10:00:00,034e5a,Beauty,Laptop,3,93,279,Debit Card,2024,3,March,279
a4563698,2024-03-16 11:00:00,fa5b82,Home Decor,Sofa,2,114,228,Credit Card,2024,3,March,228
407a5f45,2024-03-16 12:00:00,4f01a0,Books,T-Shirt,4,339,1356,Cash,2024,3,March,1356
dfb960ad,2024-03-16 13:00:00,ad14a2,Beauty,T-Shirt,2,456,912,UPI,2024,3,March,912
bdafab37,2024-03-16 14:00:00,a82434,Home Decor,Novel,4,101,404,Debit Card,2024,3,March,404
c2de2558,2024-03-16 15:00:00,ac0060,Clothing,Sofa,3,256,768,Debit Card,2024,3,March,768
447d459a,2024-03-16 16:00:00,fe2f1d,Clothing,T-Shirt,4,380,1520,UPI,2024,3,March,1520
2f132e7a,2024-03-16 17:00:00,bd36a2,Books,Lipstick,4,341,1364,UPI,2024,3,March,1364
34712523,2024-03-16 18:00:00,a93bd0,Electronics,Laptop,3,269,807,Debit Card,2024,3,March,807
dc44e050,2024-03-16 19:00:00,e5662a,Beauty,T-Shirt,4,132,528,Debit Card,2024,3,March,528
58164913,2024-03-16 20:00:00,085a79,Electronics,Lipstick,1,431,431,Cash,2024,3,March,431
92a94da6,2024-03-16 21:00:00,bcec57,Home Decor,Laptop,3,278,834,UPI,2024,3,March,834
08925e2c,2024-03-16 22:00:00,989d13,Clothing,Lipstick,2,351,702,Debit Card,2024,3,March,702
9adf5687,2024-03-16 23:00:00,cef8e5,Electronics,Sofa,3,274,822,UPI,2024,3,March,822
2f27e724,2024-03-17 00:00:00,b9e5a6,Home Decor,Novel,1,19,19,Debit Card,2024,3,March,19
dc57fb46,2024-03-17 01:00:00,897d59,Clothing,Sofa,1,398,398,Credit Card,2024,3,March,398
f04895cb,2024-03-17 02:00:00,6b2c09,Home Decor,Sofa,1,373,373,Debit Card,2024,3,March,373
6f881fa5,2024-03-17 03:00:00,5b826e,Beauty,Laptop,2,100,200,UPI,2024,3,March,200
8c406893,2024-03-17 04:00:00,64ed02,Books,Laptop,4,234,936,UPI,2024,3,March,936
21603207,2024-03-17 05:00:00,e15a0f,Clothing,Sofa,1,255,255,Cash,2024,3,March,255
91ab1d5d,2024-03-17 06:00:00,68f3ee,Clothing,Laptop,4,395,1580,UPI,2024,3,March,1580
3d5f83fc,2024-03-17 07:00:00,613ae3,Home Decor,Novel,1,16,16,Cash,2024,3,March,16
0ffe3d54,2024-03-17 08:00:00,1cd16d,Beauty,Lipstick,1,164,164,Credit Card,2024,3,March,164
f79aab06,2024-03-17 09:00:00,3afbdc,Books,Laptop,3,207,621,Debit Card,2024,3,March,621
b3c40c9f,2024-03-17 10:00:00,40987f,Beauty,T-Shirt,1,73,73,UPI,2024,3,March,73
b4fea82b,2024-03-17 11:00:00,d3b955,Home Decor,T-Shirt,4,41,164,Debit Card,2024,3,March,164
606d6460,2024-03-17 12:00:00,6d2563,Books,Laptop,4,420,1680,Credit Card,2024,3,March,1680
95a131a6,2024-03-17 13:00:00,452506,Books,Laptop,3,293,879,Cash,2024,3,March,879
1c83b277,2024-03-17 14:00:00,00992f,Books,Sofa,3,182,546,Debit Card,2024,3,March,546
f8def876,2024-03-17 15:00:00,25853a,Beauty,T-Shirt,1,378,378,Debit Card,2024,3,March,378
49d7df2b,2024-03-17 16:00:00,4b3ab7,Electronics,Novel,1,96,96,Cash,2024,3,March,96
6b3976a4,2024-03-17 17:00:00,ac0060,Home Decor,Laptop,2,226,452,Credit Card,2024,3,March,452
e8c45623,2024-03-17 18:00:00,953d32,Electronics,T-Shirt,3,17,51,Debit Card,2024,3,March,51
f5578771,2024-03-17 19:00:00,50cd47,Electronics,Novel,2,305,610,Cash,2024,3,March,610
f2ba2776,2024-03-17 20:00:00,9c1061,Electronics,Lipstick,3,254,762,Debit Card,2024,3,March,762
6b866989,2024-03-17 21:00:00,b1815f,Beauty,Laptop,2,306,612,UPI,2024,3,March,612
e9250264,2024-03-17 22:00:00,5538a3,Clothing,Sofa,1,274,274,Debit Card,2024,3,March,274
8021e273,2024-03-17 23:00:00,351018,Beauty,T-Shirt,3,491,1473,Cash,2024,3,March,1473
8b0a5c1f,2024-03-18 00:00:00,485a36,Clothing,Novel,4,212,848,Debit Card,2024,3,March,848
bb38cc7c,2024-03-18 01:00:00,338ae2,Books,T-Shirt,2,381,762,Credit Card,2024,3,March,762
6c4b6c8d,2024-03-18 02:00:00,26b6c9,Books,Laptop,2,403,806,Cash,2024,3,March,806
521cb7a4,2024-03-18 03:00:00,1e2aca,Electronics,Novel,2,215,430,Debit Card,2024,3,March,430
abaa1891,2024-03-18 04:00:00,a0f224,Books,Sofa,2,82,164,Debit Card,2024,3,March,164
35f0ea8d,2024-03-18 05:00:00,a93149,Home Decor,Lipstick,1,66,66,UPI,2024,3,March,66
918eb0bc,2024-03-18 06:00:00,3f29cb,Clothing,Novel,2,216,432,Cash,2024,3,March,432
d151c8c4,2024-03-18 07:00:00,466388,Clothing,Lipstick,4,455,1820,Debit Card,2024,3,March,1820
7bd66e6b,2024-03-18 08:00:00,7bc79f,Clothing,Novel,4,456,1824,Credit Card,2024,3,March,1824
2b8f832f,2024-03-18 09:00:00,72b94a,Clothing,Lipstick,1,47,47,Debit Card,2024,3,March,47
0fc8b865,2024-03-18 10:00:00,90bf99,Beauty,Novel,2,499,998,UPI,2024,3,March,998
59ca8e44,2024-03-18 11:00:00,c6e3fc,Electronics,T-Shirt,1,454,454,UPI,2024,3,March,454
ad1a86e4,2024-03-18 12:00:00,87bf97,Books,Sofa,1,101,101,Cash,2024,3,March,101
525b06bb,2024-03-18 13:00:00,b719f1,Clothing,Novel,2,414,828,UPI,2024,3,March,828
1d354e63,2024-03-18 14:00:00,be03b6,Beauty,T-Shirt,2,34,68,UPI,2024,3,March,68
96fb6c82,2024-03-18 15:00:00,b70eaa,Electronics,T-Shirt,1,114,114,Cash,2024,3,March,114
fed88917,2024-03-18 16:00:00,656752,Electronics,T-Shirt,3,268,804,UPI,2024,3,March,804
c0279aa1,2024-03-18 17:00:00,e093b6,Clothing,Sofa,3,476,1428,Debit Card,2024,3,March,1428
0841ced6,2024-03-18 18:00:00,b5b7da,Beauty,T-Shirt,3,65,195,Cash,2024,3,March,195
147de3f3,2024-03-18 19:00:00,d35b1d,Books,Lipstick,2,497,994,Debit Card,2024,3,March,994
f40a3fde,2024-03-18 20:00:00,e948d6,Clothing,Lipstick,3,320,960,UPI,2024,3,March,960
fe45ef7e,2024-03-18 21:00:00,a883b9,Books,Novel,1,161,161,UPI,2024,3,March,161
0bc9e3cb,2024-03-18 22:00:00,49b796,Beauty,Laptop,1,456,456,Cash,2024,3,March,456
a416020c,2024-03-18 23:00:00,d6f4c1,Clothing,Lipstick,2,212,424,Debit Card,2024,3,March,424
ceae384c,2024-03-19 00:00:00,537bd7,Clothing,Sofa,4,223,892,Debit Card,2024,3,March,892
064d775d,2024-03-19 01:00:00,b70880,Electronics,Laptop,2,148,296,Debit Card,2024,3,March,296
ea55b529,2024-03-19 02:00:00,63001a,Books,Novel,4,283,1132,Cash,2024,3,March,1132
cd7b9f33,2024-03-19 03:00:00,b1a4f4,Books,Sofa,2,352,704,Debit Card,2024,3,March,704
1b682482,2024-03-19 04:00:00,18e34f,Books,Novel,2,64,128,Cash,2024,3,March,128
8dc27c3b,2024-03-19 05:00:00,0db9a5,Clothing,Lipstick,4,402,1608,UPI,2024,3,March,1608
1b0d4894,2024-03-19 06:00:00,9d1b18,Home Decor,Novel,4,35,140,Credit Card,2024,3,March,140
d74679e6,2024-03-19 07:00:00,a7156f,Electronics,Lipstick,3,343,1029,Cash,2024,3,March,1029
2fdb38fd,2024-03-19 08:00:00,97d0b6,Beauty,Sofa,3,432,1296,Cash,2024,3,March,1296
36dfd920,2024-03-19 09:00:00,335482,Electronics,Sofa,4,358,1432,UPI,2024,3,March,1432
4d106b95,2024-03-19 10:00:00,8c1f24,Clothing,Laptop,4,268,1072,Cash,2024,3,March,1072
11745bbb,2024-03-19 11:00:00,ef1b86,Home Decor,Laptop,2,194,388,UPI,2024,3,March,388
d3db7eb0,2024-03-19 12:00:00,51bee5,Home Decor,T-Shirt,1,463,463,Cash,2024,3,March,463
295af7ce,2024-03-19 13:00:00,4cc3df,Books,Sofa,4,97,388,Debit Card,2024,3,March,388
cd79e22c,2024-03-19 14:00:00,a82434,Books,Sofa,4,491,1964,UPI,2024,3,March,1964
5a0a96ba,2024-03-19 15:00:00,940c3d,Home Decor,T-Shirt,3,361,1083,UPI,2024,3,March,1083
70202b58,2024-03-19 16:00:00,78195c,Clothing,Lipstick,3,126,378,UPI,2024,3,March,378
ebe4c5fd,2024-03-19 17:00:00,9bd39e,Clothing,Laptop,2,252,504,Cash,2024,3,March,504
657e198a,2024-03-19 18:00:00,3850d4,Home Decor,Sofa,2,317,634,UPI,2024,3,March,634
5f1a3246,2024-03-19 19:00:00,87bf97,Books,Novel,1,393,393,Debit Card,2024,3,March,393
c6388972,2024-03-19 20:00:00,0289d3,Beauty,Lipstick,3,216,648,Credit Card,2024,3,March,648
8ad39ce8,2024-03-19 21:00:00,c5dcf8,Clothing,Novel,4,219,876,Debit Card,2024,3,March,876
da121267,2024-03-19 22:00:00,ad14a2,Clothing,Laptop,3,79,237,Credit Card,2024,3,March,237
9c29aa35,2024-03-19 23:00:00,c768fe,Home Decor,Sofa,1,17,17,Cash,2024,3,March,17
1350bf69,2024-03-20 00:00:00,28c9c9,Electronics,Novel,1,415,415,Credit Card,2024,3,March,415
e07a56e4,2024-03-20 01:00:00,b77f0a,Beauty,T-Shirt,2,295,590,Credit Card,2024,3,March,590
98a8c5ce,2024-03-20 02:00:00,c6bb91,Home Decor,Lipstick,1,15,15,Cash,2024,3,March,15
55f4c68a,2024-03-20 03:00:00,cc9ba0,Home Decor,T-Shirt,4,202,808,Credit Card,2024,3,March,808
0add6c3d,2024-03-20 04:00:00,f415cd,Beauty,Laptop,1,313,313,Credit Card,2024,3,March,313
0fd64ad7,2024-03-20 05:00:00,46bd28,Clothing,Sofa,1,362,362,Debit Card,2024,3,March,362
a6005252,2024-03-20 06:00:00,4ddebc,Clothing,Sofa,3,36,108,UPI,2024,3,March,108
8bfa2439,2024-03-20 07:00:00,1de488,Electronics,Lipstick,4,199,796,Debit Card,2024,3,March,796
2382bef3,2024-03-20 08:00:00,1e3c19,Home Decor,Sofa,4,323,1292,UPI,2024,3,March,1292
b82a0d94,2024-03-20 09:00:00,36a9a4,Home Decor,T-Shirt,3,376,1128,Cash,2024,3,March,1128
3e5e392b,2024-03-20 10:00:00,2556f7,Home Decor,Lipstick,3,365,1095,Credit Card,2024,3,March,1095
ce33a5a6,2024-03-20 11:00:00,6730ff,Home Decor,Laptop,3,137,411,UPI,2024,3,March,411
a673bddd,2024-03-20 12:00:00,dc303e,Home Decor,Lipstick,3,430,1290,Cash,2024,3,March,1290
cee65798,2024-03-20 13:00:00,6ca609,Electronics,T-Shirt,2,335,670,Credit Card,2024,3,March,670
43866c9d,2024-03-20 14:00:00,231443,Books,T-Shirt,2,489,978,Credit Card,2024,3,March,978
b5750592,2024-03-20 15:00:00,45811b,Books,Sofa,2,99,198,Debit Card,2024,3,March,198
a3ea21f0,2024-03-20 16:00:00,4b5844,Electronics,Lipstick,2,379,758,Cash,2024,3,March,758
84ef2eab,2024-03-20 17:00:00,e88f34,Books,T-Shirt,3,149,447,Cash,2024,3,March,447
7406c729,2024-03-20 18:00:00,8588e6,Books,Laptop,2,480,960,Debit Card,2024,3,March,960
797183d8,2024-03-20 19:00:00,37e5d4,Clothing,Novel,2,88,176,Credit Card,2024,3,March,176
5536560f,2024-03-20 20:00:00,7888ee,Home Decor,T-Shirt,2,319,638,Credit Card,2024,3,March,638
de4711d0,2024-03-20 21:00:00,a87c8d,Home Decor,T-Shirt,4,246,984,Credit Card,2024,3,March,984
0a1e169d,2024-03-20 22:00:00,1af473,Electronics,Laptop,4,205,820,Debit Card,2024,3,March,820
bf456324,2024-03-20 23:00:00,34d625,Clothing,Laptop,2,243,486,Debit Card,2024,3,March,486
22927bf6,2024-03-21 00:00:00,f7a4d1,Home Decor,Sofa,2,415,830,Credit Card,2024,3,March,830
f0e8a900,2024-03-21 01:00:00,7dea6c,Books,Laptop,4,253,1012,Debit Card,2024,3,March,1012
53b68cf5,2024-03-21 02:00:00,53afab,Electronics,Lipstick,2,321,642,UPI,2024,3,March,642
f8acb3e7,2024-03-21 03:00:00,c2c497,Home Decor,Novel,4,362,1448,UPI,2024,3,March,1448
666333cd,2024-03-21 04:00:00,a47564,Electronics,Lipstick,1,129,129,Cash,2024,3,March,129
b8b5e6eb,2024-03-21 05:00:00,aabeea,Electronics,Lipstick,2,469,938,Credit Card,2024,3,March,938
3dffb981,2024-03-21 06:00:00,a69236,Electronics,Novel,4,488,1952,UPI,2024,3,March,1952
5aab2064,2024-03-21 07:00:00,eb6746,Books,Laptop,1,230,230,Credit Card,2024,3,March,230
f4112778,2024-03-21 08:00:00,684ae2,Home Decor,Novel,4,203,812,UPI,2024,3,March,812
be562cc5,2024-03-21 09:00:00,0daf3e,Beauty,Laptop,2,316,632,Credit Card,2024,3,March,632
08648e76,2024-03-21 10:00:00,1216f3,Electronics,Laptop,2,17,34,UPI,2024,3,March,34
61dc1faf,2024-03-21 11:00:00,c5df74,Clothing,Novel,3,456,1368,Cash,2024,3,March,1368
5a0940b3,2024-03-21 12:00:00,3418ea,Home Decor,Novel,1,196,196,UPI,2024,3,March,196
2a624c7d,2024-03-21 13:00:00,6bdb4a,Books,Laptop,1,179,179,Cash,2024,3,March,179
9d0ed5f6,2024-03-21 14:00:00,68bb34,Books,Novel,4,373,1492,Debit Card,2024,3,March,1492
015ece44,2024-03-21 15:00:00,4a8fd8,Clothing,Lipstick,3,50,150,UPI,2024,3,March,150
7157c4b2,2024-03-21 16:00:00,3afbdc,Home Decor,Laptop,4,280,1120,Credit Card,2024,3,March,1120
ad527611,2024-03-21 17:00:00,092c22,Home Decor,Sofa,4,48,192,Debit Card,2024,3,March,192
790c201f,2024-03-21 18:00:00,09d42f,Beauty,Novel,1,375,375,Credit Card,2024,3,March,375
c7040333,2024-03-21 19:00:00,3fe6f2,Books,Sofa,4,65,260,Debit Card,2024,3,March,260
750ee904,2024-03-21 20:00:00,2c35b7,Clothing,Lipstick,1,129,129,UPI,2024,3,March,129
e03b2fb4,2024-03-21 21:00:00,6e6bc3,Clothing,Novel,2,35,70,Debit Card,2024,3,March,70
838a5b06,2024-03-21 22:00:00,064a47,Home Decor,Novel,1,268,268,UPI,2024,3,March,268
4c9c6064,2024-03-21 23:00:00,deabb3,Beauty,Lipstick,1,448,448,Cash,2024,3,March,448
4aec3db9,2024-03-22 00:00:00,6bdb4a,Home Decor,Sofa,1,113,113,Debit Card,2024,3,March,113
7fc1221f,2024-03-22 01:00:00,0daf3e,Electronics,Sofa,3,369,1107,Debit Card,2024,3,March,1107
d47177b7,2024-03-22 02:00:00,83722d,Clothing,Sofa,1,405,405,Debit Card,2024,3,March,405
685fc485,2024-03-22 03:00:00,15ba0d,Electronics,Novel,2,171,342,Cash,2024,3,March,342
7222be35,2024-03-22 04:00:00,87142e,Beauty,Lipstick,2,235,470,Debit Card,2024,3,March,470
50d91c14,2024-03-22 05:00:00,9c1e73,Beauty,Laptop,2,232,464,Credit Card,2024,3,March,464
0e8aeffc,2024-03-22 06:00:00,9c1061,Clothing,Novel,4,469,1876,Debit Card,2024,3,March,1876
db6df974,2024-03-22 07:00:00,ca68e4,Beauty,Novel,1,176,176,UPI,2024,3,March,176
c59f8fe8,2024-03-22 08:00:00,de5c05,Electronics,Sofa,1,457,457,Debit Card,2024,3,March,457
2b05875b,2024-03-22 09:00:00,eb54c2,Beauty,Lipstick,1,439,439,Cash,2024,3,March,439
4ee49c03,2024-03-22 10:00:00,a93bd0,Books,Sofa,4,263,1052,Cash,2024,3,March,1052
36be7376,2024-03-22 11:00:00,dccb9e,Beauty,Lipstick,3,342,1026,Cash,2024,3,March,1026
a9e9e4ef,2024-03-22 12:00:00,8c767a,Beauty,Sofa,4,40,160,UPI,2024,3,March,160
ca71a091,2024-03-22 13:00:00,0583d6,Clothing,Novel,4,100,400,Cash,2024,3,March,400
694917e5,2024-03-22 14:00:00,d3d467,Clothing,Novel,4,147,588,Debit Card,2024,3,March,588
ebc29098,2024-03-22 15:00:00,7ee0ca,Books,T-Shirt,2,354,708,UPI,2024,3,March,708
0ba653ad,2024-03-22 16:00:00,0583d6,Beauty,T-Shirt,1,390,390,Credit Card,2024,3,March,390
b4894626,2024-03-22 17:00:00,e6e784,Home Decor,Novel,3,382,1146,Cash,2024,3,March,1146
caa1ba67,2024-03-22 18:00:00,6a6079,Beauty,Laptop,2,454,908,Cash,2024,3,March,908
afa76204,2024-03-22 19:00:00,e1b97f,Books,T-Shirt,2,248,496,UPI,2024,3,March,496
4051da93,2024-03-22 20:00:00,0583d6,Electronics,Novel,4,499,1996,Debit Card,2024,3,March,1996
3dc85712,2024-03-22 21:00:00,531de4,Clothing,Laptop,2,138,276,Cash,2024,3,March,276
f93a8e9e,2024-03-22 22:00:00,41bc7a,Beauty,Laptop,3,44,132,Cash,2024,3,March,132
565ea369,2024-03-22 23:00:00,914cae,Clothing,Lipstick,4,351,1404,UPI,2024,3,March,1404
37a0ba34,2024-03-23 00:00:00,c5df74,Beauty,Novel,2,315,630,Cash,2024,3,March,630
6a52a06e,2024-03-23 01:00:00,fbc727,Beauty,Lipstick,4,203,812,Debit Card,2024,3,March,812
49da82a1,2024-03-23 02:00:00,8963d3,Clothing,T-Shirt,1,228,228,Credit Card,2024,3,March,228
c86dc0cd,2024-03-23 03:00:00,11027e,Electronics,Laptop,1,13,13,UPI,2024,3,March,13
21340c37,2024-03-23 04:00:00,a883b9,Beauty,T-Shirt,3,313,939,Debit Card,2024,3,March,939
7a9f8d6c,2024-03-23 05:00:00,5ad076,Home Decor,T-Shirt,2,260,520,UPI,2024,3,March,520
d82f82ea,2024-03-23 06:00:00,59fe4a,Books,Laptop,3,183,549,Credit Card,2024,3,March,549
cd18ea16,2024-03-23 07:00:00,2e7c73,Beauty,Laptop,3,161,483,Credit Card,2024,3,March,483
661054ff,2024-03-23 08:00:00,e6e784,Beauty,Lipstick,2,133,266,Credit Card,2024,3,March,266
ac02a425,2024-03-23 09:00:00,e69c2c,Beauty,Sofa,3,159,477,UPI,2024,3,March,477
561c1b4f,2024-03-23 10:00:00,e0cc69,Beauty,Lipstick,1,284,284,Cash,2024,3,March,284
ad4d9763,2024-03-23 11:00:00,1e2aca,Beauty,Sofa,2,33,66,UPI,2024,3,March,66
73ddc928,2024-03-23 12:00:00,ac8724,Home Decor,Novel,1,442,442,Debit Card,2024,3,March,442
90204a32,2024-03-23 13:00:00,9c1e73,Clothing,Sofa,4,444,1776,Credit Card,2024,3,March,1776
95834686,2024-03-23 14:00:00,d82c21,Books,Lipstick,2,276,552,Cash,2024,3,March,552
1cfae17c,2024-03-23 15:00:00,8e01c2,Books,Sofa,1,330,330,Credit Card,2024,3,March,330
d51702fc,2024-03-23 16:00:00,cb4ba5,Clothing,T-Shirt,1,498,498,Debit Card,2024,3,March,498
71208654,2024-03-23 17:00:00,9b08b4,Electronics,Novel,1,408,408,Cash,2024,3,March,408
04294d5e,2024-03-23 18:00:00,27fcdf,Electronics,Laptop,2,118,236,Credit Card,2024,3,March,236
a68eaad5,2024-03-23 19:00:00,f7dd1f,Books,Lipstick,4,340,1360,Cash,2024,3,March,1360
c530b172,2024-03-23 20:00:00,7064f8,Home Decor,Lipstick,2,437,874,Debit Card,2024,3,March,874
b7ef8fd5,2024-03-23 21:00:00,3e9b3c,Home Decor,Laptop,2,488,976,Cash,2024,3,March,976
94f67a77,2024-03-23 22:00:00,c5dfd5,Books,T-Shirt,1,230,230,Cash,2024,3,March,230
7d6b9766,2024-03-23 23:00:00,a769ab,Beauty,Laptop,4,251,1004,Credit Card,2024,3,March,1004
4c94e685,2024-03-24 00:00:00,aea03b,Electronics,Laptop,2,292,584,Credit Card,2024,3,March,584
5a14796a,2024-03-24 01:00:00,2540a6,Clothing,Laptop,4,398,1592,Cash,2024,3,March,1592
2e2729ec,2024-03-24 02:00:00,a77707,Electronics,Laptop,2,339,678,UPI,2024,3,March,678
e4b35b49,2024-03-24 03:00:00,0ab6ce,Home Decor,Novel,2,295,590,Cash,2024,3,March,590
6a7ee3b1,2024-03-24 04:00:00,09c52b,Clothing,Novel,1,431,431,UPI,2024,3,March,431
4f13b5d6,2024-03-24 05:00:00,13da0f,Electronics,Lipstick,2,397,794,UPI,2024,3,March,794
18606ca0,2024-03-24 06:00:00,13e8e2,Home Decor,Sofa,4,89,356,Debit Card,2024,3,March,356
8a1e7b94,2024-03-24 07:00:00,dc88ae,Beauty,Sofa,4,253,1012,Debit Card,2024,3,March,1012
222b96d1,2024-03-24 08:00:00,e6a700,Home Decor,Laptop,1,416,416,UPI,2024,3,March,416
c6e8172e,2024-03-24 09:00:00,bea91a,Electronics,Novel,1,53,53,Cash,2024,3,March,53
cde8628a,2024-03-24 10:00:00,452506,Beauty,Novel,2,362,724,Cash,2024,3,March,724
00d99c32,2024-03-24 11:00:00,4b5844,Clothing,Novel,1,212,212,Credit Card,2024,3,March,212
75aca67b,2024-03-24 12:00:00,c984e3,Books,Laptop,4,398,1592,Debit Card,2024,3,March,1592
6554b280,2024-03-24 13:00:00,bf128f,Books,T-Shirt,3,116,348,Debit Card,2024,3,March,348
f937ebd9,2024-03-24 14:00:00,aea03b,Beauty,Novel,3,154,462,UPI,2024,3,March,462
f0b042cb,2024-03-24 15:00:00,2e7c73,Books,Lipstick,2,462,924,Debit Card,2024,3,March,924
9801a195,2024-03-24 16:00:00,6b2c09,Electronics,T-Shirt,2,377,754,Credit Card,2024,3,March,754
2c0275fd,2024-03-24 17:00:00,baac2b,Home Decor,Lipstick,4,384,1536,Cash,2024,3,March,1536
1c200c1e,2024-03-24 18:00:00,e30430,Electronics,Sofa,4,318,1272,Credit Card,2024,3,March,1272
e16a11ed,2024-03-24 19:00:00,f93065,Electronics,Laptop,3,163,489,Debit Card,2024,3,March,489
025d285d,2024-03-24 20:00:00,a55c33,Electronics,Lipstick,3,60,180,Debit Card,2024,3,March,180
15d46f66,2024-03-24 21:00:00,197942,Home Decor,Sofa,3,33,99,Cash,2024,3,March,99
7f7be0a8,2024-03-24 22:00:00,3d3774,Books,Novel,3,349,1047,Credit Card,2024,3,March,1047
2b3c7105,2024-03-24 23:00:00,c0b07d,Clothing,Sofa,4,76,304,Cash,2024,3,March,304
11c35c9b,2024-03-25 00:00:00,780364,Beauty,Novel,4,17,68,Cash,2024,3,March,68
4abeb8cf,2024-03-25 01:00:00,b96fdb,Clothing,Lipstick,3,451,1353,Credit Card,2024,3,March,1353
720c2b87,2024-03-25 02:00:00,1c6a85,Books,Laptop,3,496,1488,Cash,2024,3,March,1488
cb047832,2024-03-25 03:00:00,8ccac6,Electronics,Sofa,3,379,1137,Cash,2024,3,March,1137
e635d30c,2024-03-25 04:00:00,e093b6,Beauty,Laptop,3,432,1296,Debit Card,2024,3,March,1296
0c94451a,2024-03-25 05:00:00,deabb3,Clothing,T-Shirt,2,146,292,Cash,2024,3,March,292
cd772867,2024-03-25 06:00:00,61ef35,Home Decor,Novel,2,147,294,Credit Card,2024,3,March,294
50870e73,2024-03-25 07:00:00,d82c21,Books,Sofa,3,488,1464,Debit Card,2024,3,March,1464
b583d82b,2024-03-25 08:00:00,67e362,Books,Sofa,4,269,1076,Credit Card,2024,3,March,1076
2a27319d,2024-03-25 09:00:00,decbdb,Clothing,Sofa,4,462,1848,UPI,2024,3,March,1848
5c47dbff,2024-03-25 10:00:00,cb773f,Electronics,Sofa,1,314,314,UPI,2024,3,March,314
48696793,2024-03-25 11:00:00,7680b8,Electronics,Lipstick,1,396,396,Credit Card,2024,3,March,396
7d19941e,2024-03-25 12:00:00,7bc79f,Home Decor,Laptop,2,412,824,Cash,2024,3,March,824
6a9e1773,2024-03-25 13:00:00,9f2660,Books,Lipstick,2,381,762,Debit Card,2024,3,March,762
63550ac5,2024-03-25 14:00:00,360f57,Books,Laptop,1,14,14,UPI,2024,3,March,14
42d7b12a,2024-03-25 15:00:00,720ce3,Clothing,Laptop,4,293,1172,Debit Card,2024,3,March,1172
b01ba963,2024-03-25 16:00:00,6d2563,Home Decor,Sofa,2,265,530,Credit Card,2024,3,March,530
9504b97b,2024-03-25 17:00:00,1029b3,Electronics,Novel,1,437,437,Credit Card,2024,3,March,437
57640fdc,2024-03-25 18:00:00,900d8c,Home Decor,T-Shirt,4,216,864,Cash,2024,3,March,864
8eb3cf4b,2024-03-25 19:00:00,16a09f,Home Decor,Novel,4,420,1680,Credit Card,2024,3,March,1680
d88b062a,2024-03-25 20:00:00,485e3b,Books,Lipstick,3,216,648,Debit Card,2024,3,March,648
0847e0c8,2024-03-25 21:00:00,184306,Books,Novel,3,183,549,Debit Card,2024,3,March,549
2734e165,2024-03-25 22:00:00,1bc128,Clothing,Lipstick,3,99,297,UPI,2024,3,March,297
f3d99f5d,2024-03-25 23:00:00,e098d4,Beauty,Lipstick,4,156,624,Cash,2024,3,March,624
7aa27d7e,2024-03-26 00:00:00,827a0b,Books,Novel,2,245,490,Credit Card,2024,3,March,490
c0c58441,2024-03-26 01:00:00,3f84b9,Clothing,Lipstick,4,220,880,Credit Card,2024,3,March,880
18aafc01,2024-03-26 02:00:00,ee92a5,Beauty,Laptop,3,333,999,Debit Card,2024,3,March,999
ab92a3ab,2024-03-26 03:00:00,7dea6c,Books,Sofa,3,15,45,Credit Card,2024,3,March,45
9e17244e,2024-03-26 04:00:00,5f7b2e,Home Decor,Novel,2,19,38,UPI,2024,3,March,38
2026ef8e,2024-03-26 05:00:00,83722d,Clothing,Lipstick,1,88,88,Cash,2024,3,March,88
21a2f940,2024-03-26 06:00:00,bfadaf,Beauty,Laptop,4,41,164,Credit Card,2024,3,March,164
fee33ef3,2024-03-26 07:00:00,541935,Clothing,T-Shirt,2,425,850,Cash,2024,3,March,850
239dfede,2024-03-26 08:00:00,085a79,Books,Novel,1,327,327,UPI,2024,3,March,327
fda53d6f,2024-03-26 09:00:00,686e35,Home Decor,Lipstick,1,183,183,Credit Card,2024,3,March,183
5dbaa26c,2024-03-26 10:00:00,34d625,Clothing,Sofa,1,440,440,UPI,2024,3,March,440
1058b7ec,2024-03-26 11:00:00,6b2c09,Beauty,T-Shirt,2,461,922,UPI,2024,3,March,922
ac0e3cb1,2024-03-26 12:00:00,bceb75,Home Decor,Lipstick,1,179,179,Debit Card,2024,3,March,179
7b1cfc8b,2024-03-26 13:00:00,7a76dc,Books,Novel,3,122,366,UPI,2024,3,March,366
a365e081,2024-03-26 14:00:00,35c723,Electronics,Laptop,4,93,372,Cash,2024,3,March,372
883a07f4,2024-03-26 15:00:00,6b2c09,Books,Laptop,3,89,267,UPI,2024,3,March,267
290d4b32,2024-03-26 16:00:00,959052,Books,Lipstick,1,485,485,Cash,2024,3,March,485
9ba27512,2024-03-26 17:00:00,888bce,Home Decor,Sofa,4,373,1492,Cash,2024,3,March,1492
48f9f089,2024-03-26 18:00:00,2abf6e,Home Decor,Novel,1,254,254,Cash,2024,3,March,254
ed7ece26,2024-03-26 19:00:00,9370f2,Beauty,Sofa,2,404,808,Debit Card,2024,3,March,808
fbb636bc,2024-03-26 20:00:00,dcb83b,Clothing,Laptop,3,375,1125,Credit Card,2024,3,March,1125
24708a49,2024-03-26 21:00:00,bae1dd,Electronics,T-Shirt,4,52,208,Credit Card,2024,3,March,208
eea06ea4,2024-03-26 22:00:00,70edb6,Clothing,Sofa,1,353,353,UPI,2024,3,March,353
fb5eb3d3,2024-03-26 23:00:00,973dac,Clothing,Lipstick,4,32,128,Cash,2024,3,March,128
c6265d01,2024-03-27 00:00:00,c690cb,Books,Lipstick,3,119,357,Cash,2024,3,March,357
77935447,2024-03-27 01:00:00,b3a29e,Electronics,Lipstick,2,418,836,UPI,2024,3,March,836
8225dc7a,2024-03-27 02:00:00,ff2f04,Beauty,Laptop,4,329,1316,Debit Card,2024,3,March,1316
647693d6,2024-03-27 03:00:00,959052,Electronics,Novel,1,249,249,UPI,2024,3,March,249
14d7dc28,2024-03-27 04:00:00,5d31de,Home Decor,T-Shirt,4,416,1664,Credit Card,2024,3,March,1664
d0d7c4bc,2024-03-27 05:00:00,d70515,Electronics,Sofa,1,442,442,UPI,2024,3,March,442
2a2329d7,2024-03-27 06:00:00,d9e3eb,Home Decor,Novel,3,45,135,UPI,2024,3,March,135
0b591108,2024-03-27 07:00:00,f5a254,Books,Sofa,1,453,453,Debit Card,2024,3,March,453
430b19f5,2024-03-27 08:00:00,0ab6ce,Clothing,T-Shirt,2,140,280,Debit Card,2024,3,March,280
1f58c2cc,2024-03-27 09:00:00,bf6461,Clothing,T-Shirt,4,18,72,Cash,2024,3,March,72
953b1191,2024-03-27 10:00:00,9ea783,Beauty,Laptop,1,297,297,Debit Card,2024,3,March,297
af3b3e75,2024-03-27 11:00:00,24a01f,Beauty,Lipstick,3,405,1215,Debit Card,2024,3,March,1215
2b78ffa3,2024-03-27 12:00:00,fe2f1d,Home Decor,Lipstick,3,31,93,Credit Card,2024,3,March,93
170a7359,2024-03-27 13:00:00,1029b3,Electronics,Sofa,1,143,143,UPI,2024,3,March,143
cb4f79bc,2024-03-27 14:00:00,32927d,Home Decor,T-Shirt,2,19,38,UPI,2024,3,March,38
58d60371,2024-03-27 15:00:00,d72dc0,Beauty,Laptop,3,56,168,Debit Card,2024,3,March,168
425311da,2024-03-27 16:00:00,8215fb,Clothing,Lipstick,1,214,214,Cash,2024,3,March,214
46d16df2,2024-03-27 17:00:00,4a8434,Beauty,T-Shirt,2,170,340,Debit Card,2024,3,March,340
1c63cd97,2024-03-27 18:00:00,46bd28,Books,Lipstick,4,451,1804,Debit Card,2024,3,March,1804
31e9eb91,2024-03-27 19:00:00,169123,Books,Sofa,4,85,340,Debit Card,2024,3,March,340
756d2b35,2024-03-27 20:00:00,2b8bd1,Beauty,Lipstick,3,110,330,Debit Card,2024,3,March,330
3b1786b1,2024-03-27 21:00:00,83cdef,Home Decor,T-Shirt,2,267,534,Credit Card,2024,3,March,534
5fefddf5,2024-03-27 22:00:00,0583d6,Books,Laptop,2,471,942,Debit Card,2024,3,March,942
70c708a1,2024-03-27 23:00:00,c5940a,Beauty,Lipstick,4,346,1384,UPI,2024,3,March,1384
97e07d96,2024-03-28 00:00:00,ef5a17,Home Decor,Sofa,2,391,782,Debit Card,2024,3,March,782
af218bfc,2024-03-28 01:00:00,b92b74,Clothing,T-Shirt,1,240,240,Cash,2024,3,March,240
c2c8b8a4,2024-03-28 02:00:00,7064f8,Clothing,Laptop,3,383,1149,Debit Card,2024,3,March,1149
4745f259,2024-03-28 03:00:00,d8c1d4,Clothing,Novel,2,310,620,Debit Card,2024,3,March,620
d1af48ef,2024-03-28 04:00:00,5652da,Home Decor,Novel,1,490,490,Debit Card,2024,3,March,490
ba8c1caf,2024-03-28 05:00:00,e3dbd3,Home Decor,Sofa,4,306,1224,UPI,2024,3,March,1224
73ce9ba1,2024-03-28 06:00:00,888bce,Books,Lipstick,1,157,157,Credit Card,2024,3,March,157
ee8504e3,2024-03-28 07:00:00,a0f224,Beauty,T-Shirt,3,486,1458,UPI,2024,3,March,1458
4feaaf79,2024-03-28 08:00:00,ddf97f,Clothing,Laptop,1,156,156,Debit Card,2024,3,March,156
d0514432,2024-03-28 09:00:00,d14e0c,Beauty,T-Shirt,1,22,22,Credit Card,2024,3,March,22
91871e7e,2024-03-28 10:00:00,5b826e,Home Decor,T-Shirt,1,273,273,Credit Card,2024,3,March,273
3bfb5289,2024-03-28 11:00:00,74031c,Books,Sofa,2,78,156,Cash,2024,3,March,156
f705b5d8,2024-03-28 12:00:00,85ae39,Electronics,T-Shirt,3,10,30,Credit Card,2024,3,March,30
1ae4f895,2024-03-28 13:00:00,fa4271,Beauty,Sofa,1,191,191,UPI,2024,3,March,191
5929df84,2024-03-28 14:00:00,c6ddcf,Electronics,Novel,3,336,1008,Cash,2024,3,March,1008
dd848dad,2024-03-28 15:00:00,658cee,Clothing,Novel,2,295,590,Debit Card,2024,3,March,590
fac910ca,2024-03-28 16:00:00,31a237,Clothing,Lipstick,3,51,153,Cash,2024,3,March,153
ce0da679,2024-03-28 17:00:00,c55e03,Books,Lipstick,3,123,369,Credit Card,2024,3,March,369
61fc676d,2024-03-28 18:00:00,37228a,Books,Sofa,3,121,363,Debit Card,2024,3,March,363
01061a0e,2024-03-28 19:00:00,3f4a3e,Electronics,Sofa,1,451,451,UPI,2024,3,March,451
26927814,2024-03-28 20:00:00,37f14f,Clothing,Sofa,4,491,1964,UPI,2024,3,March,1964
1280d0be,2024-03-28 21:00:00,4a8434,Beauty,Lipstick,1,455,455,Credit Card,2024,3,March,455
c1d67b9c,2024-03-28 22:00:00,d538ec,Clothing,Novel,3,296,888,Credit Card,2024,3,March,888
36f19c60,2024-03-28 23:00:00,fdbb3f,Clothing,Sofa,4,409,1636,UPI,2024,3,March,1636
cd4dd8f7,2024-03-29 00:00:00,34d625,Clothing,Novel,2,117,234,Cash,2024,3,March,234
a300d9ff,2024-03-29 01:00:00,87bf97,Home Decor,T-Shirt,4,274,1096,Debit Card,2024,3,March,1096
87b867dd,2024-03-29 02:00:00,add371,Home Decor,Novel,1,467,467,UPI,2024,3,March,467
32884196,2024-03-29 03:00:00,464392,Clothing,Sofa,2,384,768,Cash,2024,3,March,768
e6eaff92,2024-03-29 04:00:00,973dac,Clothing,T-Shirt,3,32,96,Debit Card,2024,3,March,96
8967a1ee,2024-03-29 05:00:00,10ce2b,Home Decor,T-Shirt,4,314,1256,Cash,2024,3,March,1256
59341e3d,2024-03-29 06:00:00,6d2563,Beauty,T-Shirt,2,271,542,Cash,2024,3,March,542
f31ce608,2024-03-29 07:00:00,2bb631,Home Decor,Novel,4,292,1168,Debit Card,2024,3,March,1168
303be814,2024-03-29 08:00:00,381cc6,Clothing,T-Shirt,3,186,558,Cash,2024,3,March,558
ea3eb37a,2024-03-29 09:00:00,a55c33,Beauty,Lipstick,3,123,369,UPI,2024,3,March,369
6ba860fc,2024-03-29 10:00:00,00b49a,Home Decor,Novel,1,193,193,UPI,2024,3,March,193
c2428adf,2024-03-29 11:00:00,a453b1,Clothing,Laptop,3,223,669,UPI,2024,3,March,669
b923d6f7,2024-03-29 12:00:00,7fb211,Electronics,Novel,3,471,1413,Credit Card,2024,3,March,1413
cea6af8b,2024-03-29 13:00:00,36a9a4,Electronics,Sofa,4,465,1860,Cash,2024,3,March,1860
5256c7bd,2024-03-29 14:00:00,1e2aca,Electronics,Sofa,4,406,1624,Credit Card,2024,3,March,1624
e07c4814,2024-03-29 15:00:00,45811b,Books,T-Shirt,3,465,1395,UPI,2024,3,March,1395
9e1cb687,2024-03-29 16:00:00,4b3ab7,Clothing,Laptop,4,330,1320,Cash,2024,3,March,1320
81cae939,2024-03-29 17:00:00,65f7e4,Clothing,Sofa,2,208,416,Cash,2024,3,March,416
90488d84,2024-03-29 18:00:00,3f7dec,Electronics,Lipstick,2,184,368,Cash,2024,3,March,368
845bde33,2024-03-29 19:00:00,bf7f78,Books,Sofa,3,49,147,UPI,2024,3,March,147
4c5a3a9f,2024-03-29 20:00:00,97ddc5,Electronics,T-Shirt,1,125,125,Debit Card,2024,3,March,125
7b5e0be3,2024-03-29 21:00:00,8f8b02,Home Decor,Novel,1,208,208,Credit Card,2024,3,March,208
87f63311,2024-03-29 22:00:00,9aefbc,Home Decor,Sofa,1,199,199,Credit Card,2024,3,March,199
1a17f42a,2024-03-29 23:00:00,5c8e36,Home Decor,Novel,4,50,200,UPI,2024,3,March,200
f8633abc,2024-03-30 00:00:00,4b3ab7,Clothing,Novel,3,246,738,Debit Card,2024,3,March,738
d46111aa,2024-03-30 01:00:00,cb13dc,Home Decor,Novel,1,340,340,Cash,2024,3,March,340
02d27b28,2024-03-30 02:00:00,e5e89c,Clothing,Novel,4,474,1896,Cash,2024,3,March,1896
e731fa51,2024-03-30 03:00:00,647657,Clothing,Laptop,3,483,1449,Credit Card,2024,3,March,1449
a0d85941,2024-03-30 04:00:00,c768fe,Books,Novel,3,404,1212,UPI,2024,3,March,1212
f32e691e,2024-03-30 05:00:00,bfadaf,Books,Novel,2,270,540,Debit Card,2024,3,March,540
36b9c600,2024-03-30 06:00:00,57345f,Books,Lipstick,4,380,1520,UPI,2024,3,March,1520
d69a8a8c,2024-03-30 07:00:00,2c0f09,Clothing,T-Shirt,2,474,948,Cash,2024,3,March,948
df27939d,2024-03-30 08:00:00,d36e00,Books,Novel,3,90,270,Credit Card,2024,3,March,270
a6cc702d,2024-03-30 09:00:00,3cc777,Clothing,Lipstick,3,409,1227,Credit Card,2024,3,March,1227
52220ca1,2024-03-30 10:00:00,525387,Home Decor,Sofa,3,402,1206,Cash,2024,3,March,1206
2b6ad711,2024-03-30 11:00:00,ac0060,Clothing,Novel,4,186,744,Cash,2024,3,March,744
52ef5c7a,2024-03-30 12:00:00,c80e99,Home Decor,Lipstick,1,440,440,Cash,2024,3,March,440
5d7e4ccc,2024-03-30 13:00:00,18e34f,Electronics,Sofa,3,23,69,Credit Card,2024,3,March,69
16884ae9,2024-03-30 14:00:00,9b50e1,Beauty,T-Shirt,2,270,540,Cash,2024,3,March,540
05e6cf91,2024-03-30 15:00:00,f0620d,Electronics,Lipstick,3,35,105,Debit Card,2024,3,March,105
6f7c4547,2024-03-30 16:00:00,7c6499,Beauty,Lipstick,2,33,66,Cash,2024,3,March,66
98e2780b,2024-03-30 17:00:00,2540a6,Home Decor,Laptop,1,448,448,Debit Card,2024,3,March,448
e9d9efc1,2024-03-30 18:00:00,689804,Clothing,Novel,3,67,201,UPI,2024,3,March,201
731e93d3,2024-03-30 19:00:00,158a7f,Beauty,Sofa,1,193,193,Credit Card,2024,3,March,193
afe16cd7,2024-03-30 20:00:00,1efff5,Home Decor,Lipstick,2,49,98,Debit Card,2024,3,March,98
368f5211,2024-03-30 21:00:00,b1815f,Electronics,Lipstick,3,74,222,Debit Card,2024,3,March,222
ed5ad7e9,2024-03-30 22:00:00,575c46,Clothing,Lipstick,4,284,1136,UPI,2024,3,March,1136
92397d0d,2024-03-30 23:00:00,e948d6,Books,T-Shirt,3,354,1062,UPI,2024,3,March,1062
76b9476e,2024-03-31 00:00:00,41b11c,Clothing,Laptop,4,372,1488,UPI,2024,3,March,1488
3d8ff572,2024-03-31 01:00:00,f91db7,Electronics,Lipstick,1,461,461,Credit Card,2024,3,March,461
8a210779,2024-03-31 02:00:00,6f4024,Electronics,Lipstick,4,115,460,Credit Card,2024,3,March,460
d4e87435,2024-03-31 03:00:00,63a7f4,Books,Sofa,2,365,730,Debit Card,2024,3,March,730
890c51f9,2024-03-31 04:00:00,91d9c7,Clothing,Laptop,2,181,362,Debit Card,2024,3,March,362
ce5e24dc,2024-03-31 05:00:00,1b2cd5,Clothing,Lipstick,3,154,462,Debit Card,2024,3,March,462
1e07fb33,2024-03-31 06:00:00,1db120,Electronics,Laptop,3,397,1191,Cash,2024,3,March,1191
53b7e8b9,2024-03-31 07:00:00,99d9cc,Home Decor,T-Shirt,1,147,147,Cash,2024,3,March,147
382a649d,2024-03-31 08:00:00,64dda7,Home Decor,Lipstick,4,244,976,Credit Card,2024,3,March,976
f54cc95e,2024-03-31 09:00:00,e5662a,Clothing,Lipstick,4,387,1548,Debit Card,2024,3,March,1548
641a81df,2024-03-31 10:00:00,68bb34,Electronics,Laptop,1,179,179,Debit Card,2024,3,March,179
b8cf6c94,2024-03-31 11:00:00,57bb4e,Clothing,T-Shirt,4,343,1372,Credit Card,2024,3,March,1372
dafd84fb,2024-03-31 12:00:00,f59c2a,Books,Laptop,3,416,1248,Credit Card,2024,3,March,1248
dc4f7a06,2024-03-31 13:00:00,1af473,Books,Sofa,3,439,1317,UPI,2024,3,March,1317
e0229f75,2024-03-31 14:00:00,973dac,Electronics,Laptop,1,25,25,Debit Card,2024,3,March,25
f637585a,2024-03-31 15:00:00,e5662a,Books,Lipstick,4,308,1232,Cash,2024,3,March,1232
0830db8d,2024-03-31 16:00:00,b25446,Clothing,Lipstick,3,218,654,Debit Card,2024,3,March,654
f291c253,2024-03-31 17:00:00,344e6a,Electronics,Laptop,2,488,976,UPI,2024,3,March,976
18a8aa09,2024-03-31 18:00:00,4557e1,Clothing,Sofa,2,116,232,UPI,2024,3,March,232
ae3928af,2024-03-31 19:00:00,5f5fb5,Home Decor,Lipstick,3,149,447,UPI,2024,3,March,447
160b4eff,2024-03-31 20:00:00,0e7f83,Clothing,Lipstick,1,421,421,UPI,2024,3,March,421
c940fb93,2024-03-31 21:00:00,3d5794,Electronics,T-Shirt,4,58,232,Cash,2024,3,March,232
cdc569d3,2024-03-31 22:00:00,7fe81c,Home Decor,Novel,3,342,1026,Credit Card,2024,3,March,1026
38078b92,2024-03-31 23:00:00,8c81e9,Home Decor,Lipstick,3,77,231,UPI,2024,3,March,231
99e4bcab,2024-04-01 00:00:00,642d5e,Home Decor,Sofa,1,341,341,UPI,2024,4,April,341
58254ba0,2024-04-01 01:00:00,9bd481,Clothing,Lipstick,3,153,459,UPI,2024,4,April,459
52150e37,2024-04-01 02:00:00,5d31de,Clothing,Novel,3,49,147,Debit Card,2024,4,April,147
ce333c1e,2024-04-01 03:00:00,d82c21,Beauty,T-Shirt,2,91,182,UPI,2024,4,April,182
a0a571ec,2024-04-01 04:00:00,ef941e,Clothing,Laptop,1,428,428,Credit Card,2024,4,April,428
7fae9832,2024-04-01 05:00:00,bffec4,Clothing,Sofa,3,382,1146,Debit Card,2024,4,April,1146
a0363940,2024-04-01 06:00:00,4a2f5b,Books,Novel,1,42,42,Cash,2024,4,April,42
8040cfff,2024-04-01 07:00:00,70edb6,Beauty,Lipstick,2,478,956,Cash,2024,4,April,956
396a050c,2024-04-01 08:00:00,59df81,Clothing,Laptop,2,371,742,UPI,2024,4,April,742
bdd4cadd,2024-04-01 09:00:00,11fb51,Books,Laptop,1,204,204,UPI,2024,4,April,204
74b2206b,2024-04-01 10:00:00,ef5a17,Home Decor,Sofa,2,423,846,Debit Card,2024,4,April,846
be373bb1,2024-04-01 11:00:00,847711,Beauty,Sofa,1,85,85,Credit Card,2024,4,April,85
8d738bca,2024-04-01 12:00:00,642d5e,Home Decor,T-Shirt,4,51,204,Debit Card,2024,4,April,204
a87b74e1,2024-04-01 13:00:00,585dcb,Clothing,Sofa,2,485,970,UPI,2024,4,April,970
58d750e4,2024-04-01 14:00:00,0fb4bf,Electronics,Sofa,2,344,688,Debit Card,2024,4,April,688
22cadd37,2024-04-01 15:00:00,67f933,Electronics,Lipstick,4,226,904,Cash,2024,4,April,904
d01981de,2024-04-01 16:00:00,98fb8a,Books,Sofa,4,29,116,Credit Card,2024,4,April,116
49bd296f,2024-04-01 17:00:00,8f8b02,Books,Laptop,1,190,190,Debit Card,2024,4,April,190
b8af5bd6,2024-04-01 18:00:00,a47564,Books,Novel,4,113,452,Credit Card,2024,4,April,452
23ab5fa8,2024-04-01 19:00:00,5ad076,Electronics,Novel,3,217,651,Debit Card,2024,4,April,651
c6a9796b,2024-04-01 20:00:00,91d9c7,Books,Novel,4,475,1900,UPI,2024,4,April,1900
b94ea5b2,2024-04-01 21:00:00,4cd602,Home Decor,Novel,3,132,396,Credit Card,2024,4,April,396
5b34739f,2024-04-01 22:00:00,232afc,Books,Novel,3,273,819,UPI,2024,4,April,819
d192f292,2024-04-01 23:00:00,31f38a,Home Decor,Lipstick,2,230,460,UPI,2024,4,April,460
be3c93eb,2024-04-02 00:00:00,550b13,Books,Laptop,2,481,962,Credit Card,2024,4,April,962
bec603c0,2024-04-02 01:00:00,436ca6,Clothing,Novel,1,50,50,Credit Card,2024,4,April,50
8ed7804f,2024-04-02 02:00:00,8936ea,Electronics,Lipstick,4,95,380,UPI,2024,4,April,380
181e0e19,2024-04-02 03:00:00,335482,Clothing,Laptop,4,87,348,Credit Card,2024,4,April,348
ffcc58b7,2024-04-02 04:00:00,9ef8fa,Beauty,Sofa,2,419,838,Credit Card,2024,4,April,838
752cfd0e,2024-04-02 05:00:00,0fb4bf,Beauty,Laptop,2,148,296,Debit Card,2024,4,April,296
c0c9b7ce,2024-04-02 06:00:00,0d28a1,Beauty,Laptop,4,305,1220,UPI,2024,4,April,1220
a5e79d88,2024-04-02 07:00:00,b48490,Beauty,Lipstick,2,146,292,Credit Card,2024,4,April,292
ce1285bd,2024-04-02 08:00:00,a55c33,Beauty,Novel,1,435,435,Credit Card,2024,4,April,435
3eee4fe2,2024-04-02 09:00:00,58d0d4,Home Decor,T-Shirt,2,383,766,Credit Card,2024,4,April,766
60313785,2024-04-02 10:00:00,4ef533,Beauty,Novel,1,134,134,UPI,2024,4,April,134
ebb5395d,2024-04-02 11:00:00,f12f7c,Electronics,Novel,3,97,291,Cash,2024,4,April,291
b56dffec,2024-04-02 12:00:00,897d59,Beauty,Sofa,1,242,242,Credit Card,2024,4,April,242
04dae6f6,2024-04-02 13:00:00,7270dd,Books,Lipstick,1,454,454,UPI,2024,4,April,454
ffff86d6,2024-04-02 14:00:00,9f3c10,Beauty,Laptop,2,83,166,Credit Card,2024,4,April,166
ee2015d2,2024-04-02 15:00:00,e940d4,Electronics,Lipstick,2,179,358,Debit Card,2024,4,April,358
ffc5bab7,2024-04-02 16:00:00,db7bff,Electronics,T-Shirt,4,206,824,Credit Card,2024,4,April,824
104fac4d,2024-04-02 17:00:00,66acf0,Books,Novel,4,165,660,UPI,2024,4,April,660
317c3854,2024-04-02 18:00:00,3418ea,Books,Lipstick,4,397,1588,Debit Card,2024,4,April,1588
b41922f4,2024-04-02 19:00:00,0fc9e3,Beauty,T-Shirt,1,389,389,Credit Card,2024,4,April,389
918e55cc,2024-04-02 20:00:00,720ce3,Electronics,Sofa,2,18,36,Debit Card,2024,4,April,36
1ab162e5,2024-04-02 21:00:00,dc88ae,Clothing,T-Shirt,2,133,266,Credit Card,2024,4,April,266
966e56dc,2024-04-02 22:00:00,87bf97,Clothing,Lipstick,3,342,1026,Debit Card,2024,4,April,1026
71a4b133,2024-04-02 23:00:00,7ee0ca,Beauty,Lipstick,4,225,900,Credit Card,2024,4,April,900
7d95fc7e,2024-04-03 00:00:00,2cc2a9,Electronics,Laptop,4,295,1180,Credit Card,2024,4,April,1180
367d9fe7,2024-04-03 01:00:00,9ba44c,Electronics,Laptop,4,376,1504,UPI,2024,4,April,1504
7ef85d22,2024-04-03 02:00:00,b55e0e,Beauty,Laptop,4,492,1968,Cash,2024,4,April,1968
d2618b2f,2024-04-03 03:00:00,0cc277,Books,Lipstick,4,198,792,UPI,2024,4,April,792
6a14538a,2024-04-03 04:00:00,13e8e2,Electronics,Novel,1,51,51,UPI,2024,4,April,51
8d7f72e0,2024-04-03 05:00:00,135dd1,Home Decor,Novel,3,429,1287,Cash,2024,4,April,1287
68aa9c40,2024-04-03 06:00:00,827a0b,Home Decor,Novel,3,161,483,UPI,2024,4,April,483
aa247346,2024-04-03 07:00:00,d82c21,Beauty,Sofa,2,252,504,Debit Card,2024,4,April,504
49142c5e,2024-04-03 08:00:00,a9b434,Books,Lipstick,1,148,148,Credit Card,2024,4,April,148
c889d3e2,2024-04-03 09:00:00,9de4c7,Books,T-Shirt,1,271,271,Credit Card,2024,4,April,271
a5ebb049,2024-04-03 10:00:00,297c4b,Electronics,Novel,2,488,976,UPI,2024,4,April,976
609dd80b,2024-04-03 11:00:00,f7a4d1,Home Decor,T-Shirt,3,203,609,Cash,2024,4,April,609
1d28b031,2024-04-03 12:00:00,54579a,Beauty,Laptop,2,413,826,Credit Card,2024,4,April,826
4fbb1d5c,2024-04-03 13:00:00,c6bb91,Clothing,T-Shirt,2,364,728,UPI,2024,4,April,728
15825c0c,2024-04-03 14:00:00,eb6746,Books,Lipstick,3,288,864,Credit Card,2024,4,April,864
47808d5f,2024-04-03 15:00:00,69dd1d,Clothing,Novel,4,479,1916,Credit Card,2024,4,April,1916
1afe6ed4,2024-04-03 16:00:00,c6bb91,Books,Laptop,4,345,1380,UPI,2024,4,April,1380
6cfa3472,2024-04-03 17:00:00,1be281,Electronics,Novel,3,214,642,Cash,2024,4,April,642
d3320349,2024-04-03 18:00:00,f3f135,Clothing,Lipstick,4,471,1884,Cash,2024,4,April,1884
199a125f,2024-04-03 19:00:00,3301f1,Books,Lipstick,3,461,1383,UPI,2024,4,April,1383
81b179f7,2024-04-03 20:00:00,4f01a0,Home Decor,T-Shirt,3,462,1386,Credit Card,2024,4,April,1386
d96f9931,2024-04-03 21:00:00,689804,Books,Lipstick,2,287,574,Debit Card,2024,4,April,574
97df2e4f,2024-04-03 22:00:00,1718ff,Electronics,Sofa,4,177,708,Credit Card,2024,4,April,708
04f3d67c,2024-04-03 23:00:00,322b62,Books,Sofa,2,105,210,Cash,2024,4,April,210
d19543b8,2024-04-04 00:00:00,27fcdf,Home Decor,T-Shirt,3,245,735,Debit Card,2024,4,April,735
b3973533,2024-04-04 01:00:00,d14e0c,Clothing,Laptop,1,402,402,Debit Card,2024,4,April,402
d08f313c,2024-04-04 02:00:00,f7ce1f,Books,Novel,1,277,277,Credit Card,2024,4,April,277
962fb13b,2024-04-04 03:00:00,f7dd1f,Electronics,Sofa,3,423,1269,Cash,2024,4,April,1269
edb5ebee,2024-04-04 04:00:00,006294,Clothing,Novel,4,64,256,UPI,2024,4,April,256
a01e2f0c,2024-04-04 05:00:00,51d319,Clothing,Laptop,4,103,412,UPI,2024,4,April,412
53cc35af,2024-04-04 06:00:00,c8fecf,Clothing,Laptop,1,263,263,Credit Card,2024,4,April,263
d613c185,2024-04-04 07:00:00,a5f9cf,Beauty,Sofa,4,116,464,Cash,2024,4,April,464
2b7a78f7,2024-04-04 08:00:00,96a538,Clothing,Laptop,4,285,1140,UPI,2024,4,April,1140
e02df49d,2024-04-04 09:00:00,b3a29e,Books,Lipstick,3,394,1182,Debit Card,2024,4,April,1182
1f2bec95,2024-04-04 10:00:00,57345f,Books,Laptop,4,15,60,Cash,2024,4,April,60
38b2e842,2024-04-04 11:00:00,10c2a7,Clothing,Lipstick,2,333,666,Debit Card,2024,4,April,666
35ed63cc,2024-04-04 12:00:00,9d7d39,Electronics,Novel,2,464,928,Cash,2024,4,April,928
f0ea2651,2024-04-04 13:00:00,dccb9e,Clothing,Laptop,4,331,1324,Cash,2024,4,April,1324
c542e575,2024-04-04 14:00:00,684ae2,Clothing,Novel,1,128,128,Cash,2024,4,April,128
1f3190fd,2024-04-04 15:00:00,22adfd,Beauty,Laptop,4,133,532,UPI,2024,4,April,532
8f3d81e6,2024-04-04 16:00:00,1718ff,Home Decor,Lipstick,1,11,11,Cash,2024,4,April,11
b1da08a3,2024-04-04 17:00:00,f3a502,Beauty,Laptop,1,349,349,Cash,2024,4,April,349
2440903b,2024-04-04 18:00:00,9353e8,Beauty,Laptop,3,72,216,Debit Card,2024,4,April,216
a0a158c6,2024-04-04 19:00:00,c87119,Home Decor,Sofa,1,428,428,Cash,2024,4,April,428
70c3ac34,2024-04-04 20:00:00,8ecd26,Books,Novel,1,278,278,Cash,2024,4,April,278
7047b30f,2024-04-04 21:00:00,fea76e,Books,Laptop,1,351,351,Debit Card,2024,4,April,351
8b33bebe,2024-04-04 22:00:00,7f03a0,Clothing,Sofa,3,318,954,UPI,2024,4,April,954
75bf0c2b,2024-04-04 23:00:00,ad14a2,Beauty,Lipstick,4,62,248,Debit Card,2024,4,April,248
07871b85,2024-04-05 00:00:00,7270dd,Books,Lipstick,3,202,606,Debit Card,2024,4,April,606
c1ddcb63,2024-04-05 01:00:00,db7bff,Books,Sofa,4,210,840,Credit Card,2024,4,April,840
3ed3c2d5,2024-04-05 02:00:00,75d8b9,Clothing,Lipstick,3,401,1203,Debit Card,2024,4,April,1203
20c20e52,2024-04-05 03:00:00,0f572d,Beauty,T-Shirt,3,433,1299,Credit Card,2024,4,April,1299
a76fc080,2024-04-05 04:00:00,2a7cd7,Books,T-Shirt,2,268,536,Cash,2024,4,April,536
2b575808,2024-04-05 05:00:00,67cf85,Books,Sofa,4,120,480,Debit Card,2024,4,April,480
20d481c2,2024-04-05 06:00:00,f96d13,Clothing,Novel,1,472,472,Cash,2024,4,April,472
15492814,2024-04-05 07:00:00,6a2856,Home Decor,Laptop,2,430,860,UPI,2024,4,April,860
1fe8b8e4,2024-04-05 08:00:00,13e8e2,Clothing,T-Shirt,3,470,1410,UPI,2024,4,April,1410
5d982bff,2024-04-05 09:00:00,1b5abd,Books,Novel,3,45,135,UPI,2024,4,April,135
b9726237,2024-04-05 10:00:00,1e3c19,Clothing,Lipstick,3,346,1038,Credit Card,2024,4,April,1038
44e69833,2024-04-05 11:00:00,6b81a8,Electronics,Laptop,4,80,320,UPI,2024,4,April,320
a6d7dba0,2024-04-05 12:00:00,567ab3,Beauty,Novel,4,362,1448,Debit Card,2024,4,April,1448
08d10f5d,2024-04-05 13:00:00,d28ef1,Books,Novel,1,217,217,Debit Card,2024,4,April,217
94751240,2024-04-05 14:00:00,452346,Home Decor,Sofa,1,416,416,Debit Card,2024,4,April,416
d12baf8a,2024-04-05 15:00:00,f4a7dd,Electronics,Lipstick,2,151,302,UPI,2024,4,April,302
cf403199,2024-04-05 16:00:00,2573ba,Home Decor,Novel,4,105,420,Debit Card,2024,4,April,420
119b3d26,2024-04-05 17:00:00,a3633d,Books,Novel,3,175,525,UPI,2024,4,April,525
c6862fa9,2024-04-05 18:00:00,60a719,Electronics,Sofa,2,77,154,Debit Card,2024,4,April,154
5cb6c8be,2024-04-05 19:00:00,1ef710,Books,T-Shirt,3,430,1290,Debit Card,2024,4,April,1290
cc718571,2024-04-05 20:00:00,eb83ec,Home Decor,Lipstick,3,478,1434,Cash,2024,4,April,1434
c701265d,2024-04-05 21:00:00,231443,Books,Lipstick,1,128,128,Cash,2024,4,April,128
4e15bd42,2024-04-05 22:00:00,db7a6a,Books,T-Shirt,2,343,686,Debit Card,2024,4,April,686
40c4c9b8,2024-04-05 23:00:00,fea76e,Electronics,Lipstick,4,217,868,UPI,2024,4,April,868
08be68d3,2024-04-06 00:00:00,6d82aa,Clothing,Laptop,4,443,1772,Cash,2024,4,April,1772
61530a58,2024-04-06 01:00:00,9de4c7,Home Decor,T-Shirt,4,126,504,Cash,2024,4,April,504
d6f7d774,2024-04-06 02:00:00,903a0f,Books,Laptop,4,290,1160,Debit Card,2024,4,April,1160
c181d0f0,2024-04-06 03:00:00,1efff5,Home Decor,Laptop,3,307,921,Cash,2024,4,April,921
63111fe2,2024-04-06 04:00:00,3e7677,Clothing,Sofa,1,330,330,Cash,2024,4,April,330
e750b1e3,2024-04-06 05:00:00,959052,Books,Novel,2,93,186,Credit Card,2024,4,April,186
cf85164e,2024-04-06 06:00:00,cdaebd,Beauty,Lipstick,4,70,280,Credit Card,2024,4,April,280
c996fbaa,2024-04-06 07:00:00,d16086,Home Decor,Lipstick,3,219,657,Credit Card,2024,4,April,657
e29b6a31,2024-04-06 08:00:00,cd1aeb,Clothing,T-Shirt,4,477,1908,UPI,2024,4,April,1908
e30355ee,2024-04-06 09:00:00,a93bd0,Books,Novel,1,172,172,Credit Card,2024,4,April,172
0a2a51af,2024-04-06 10:00:00,9df3ae,Beauty,Lipstick,4,445,1780,Credit Card,2024,4,April,1780
2a90031e,2024-04-06 11:00:00,1ef710,Electronics,Lipstick,4,146,584,Credit Card,2024,4,April,584
adfb61a7,2024-04-06 12:00:00,8ecd26,Electronics,Novel,2,271,542,Credit Card,2024,4,April,542
cf6e3b14,2024-04-06 13:00:00,0a694c,Home Decor,Laptop,3,279,837,Credit Card,2024,4,April,837
2629dc84,2024-04-06 14:00:00,b48490,Clothing,Laptop,4,350,1400,Cash,2024,4,April,1400
90cf419d,2024-04-06 15:00:00,6776ac,Electronics,Laptop,3,99,297,UPI,2024,4,April,297
3f25405e,2024-04-06 16:00:00,21bb3c,Electronics,Novel,4,484,1936,Cash,2024,4,April,1936
95a6725c,2024-04-06 17:00:00,31a237,Books,T-Shirt,4,135,540,Cash,2024,4,April,540
b7619b08,2024-04-06 18:00:00,3b936d,Beauty,Lipstick,3,219,657,Credit Card,2024,4,April,657
c798556b,2024-04-06 19:00:00,628f76,Books,T-Shirt,2,72,144,Credit Card,2024,4,April,144
81b38fa7,2024-04-06 20:00:00,d26049,Books,Novel,4,347,1388,Credit Card,2024,4,April,1388
be1d2423,2024-04-06 21:00:00,c5940a,Clothing,Laptop,4,488,1952,UPI,2024,4,April,1952
19663f97,2024-04-06 22:00:00,ca7942,Beauty,Sofa,3,485,1455,Debit Card,2024,4,April,1455
d58f7ec9,2024-04-06 23:00:00,ee00cf,Home Decor,Laptop,2,13,26,Cash,2024,4,April,26
e3ee0c4a,2024-04-07 00:00:00,39788c,Home Decor,Sofa,1,235,235,Credit Card,2024,4,April,235
2b29fe00,2024-04-07 01:00:00,cdfbac,Electronics,Sofa,4,324,1296,Cash,2024,4,April,1296
5afc774e,2024-04-07 02:00:00,9ef8fa,Books,Novel,4,147,588,UPI,2024,4,April,588
8af05983,2024-04-07 03:00:00,76c8fb,Beauty,T-Shirt,3,160,480,Cash,2024,4,April,480
a5b6f08f,2024-04-07 04:00:00,a4c166,Home Decor,Lipstick,2,346,692,UPI,2024,4,April,692
8ea0f10c,2024-04-07 05:00:00,d8b630,Books,Sofa,3,33,99,Cash,2024,4,April,99
c4eda995,2024-04-07 06:00:00,9d1b18,Books,Lipstick,1,149,149,UPI,2024,4,April,149
c65df9c3,2024-04-07 07:00:00,20f79d,Books,Lipstick,2,61,122,Credit Card,2024,4,April,122
40b60cf9,2024-04-07 08:00:00,71536a,Clothing,Sofa,1,401,401,Debit Card,2024,4,April,401
2dcfed2f,2024-04-07 09:00:00,d17cfd,Books,Sofa,1,38,38,Credit Card,2024,4,April,38
31080a8a,2024-04-07 10:00:00,b21113,Electronics,Novel,4,136,544,UPI,2024,4,April,544
392976d2,2024-04-07 11:00:00,a6b61d,Electronics,Sofa,3,244,732,UPI,2024,4,April,732
5bcbb8fa,2024-04-07 12:00:00,2cc2a9,Electronics,T-Shirt,3,495,1485,Cash,2024,4,April,1485
e32ccd10,2024-04-07 13:00:00,62990d,Electronics,Laptop,4,276,1104,UPI,2024,4,April,1104
0a352d60,2024-04-07 14:00:00,058198,Electronics,Novel,4,418,1672,Cash,2024,4,April,1672
a3a80f85,2024-04-07 15:00:00,d35b1d,Beauty,Sofa,2,102,204,UPI,2024,4,April,204
587efb67,2024-04-07 16:00:00,89b95c,Books,Laptop,2,461,922,Debit Card,2024,4,April,922
dbad69f0,2024-04-07 17:00:00,0583d6,Home Decor,T-Shirt,3,257,771,Cash,2024,4,April,771
0aa0cdc8,2024-04-07 18:00:00,d19cca,Books,T-Shirt,1,55,55,Cash,2024,4,April,55
2f2543d2,2024-04-07 19:00:00,6776ac,Electronics,T-Shirt,1,398,398,UPI,2024,4,April,398
839391f8,2024-04-07 20:00:00,11027e,Clothing,Laptop,1,90,90,Cash,2024,4,April,90
b02b13a2,2024-04-07 21:00:00,580dca,Books,Sofa,1,99,99,Debit Card,2024,4,April,99
2741cb7c,2024-04-07 22:00:00,1cb934,Beauty,Lipstick,4,215,860,UPI,2024,4,April,860
404f7165,2024-04-07 23:00:00,ca7942,Books,Sofa,3,63,189,Credit Card,2024,4,April,189
ec7b90d9,2024-04-08 00:00:00,ef93a4,Clothing,Lipstick,2,286,572,Cash,2024,4,April,572
b2ebcd77,2024-04-08 01:00:00,ac0060,Clothing,Lipstick,1,382,382,UPI,2024,4,April,382
c9715b97,2024-04-08 02:00:00,75428d,Clothing,Laptop,1,76,76,Credit Card,2024,4,April,76
3d8f24a5,2024-04-08 03:00:00,9ea783,Electronics,T-Shirt,4,100,400,Debit Card,2024,4,April,400
62cb43c8,2024-04-08 04:00:00,d70515,Electronics,T-Shirt,3,48,144,UPI,2024,4,April,144
56d58ba3,2024-04-08 05:00:00,485e3b,Beauty,T-Shirt,3,145,435,Cash,2024,4,April,435
b7edadce,2024-04-08 06:00:00,e1b97f,Clothing,Laptop,3,41,123,Debit Card,2024,4,April,123
2ceef654,2024-04-08 07:00:00,36e794,Home Decor,Lipstick,1,27,27,Credit Card,2024,4,April,27
691b7688,2024-04-08 08:00:00,10ce2b,Electronics,Lipstick,3,334,1002,Cash,2024,4,April,1002
728b1c0b,2024-04-08 09:00:00,49faaf,Beauty,Sofa,3,242,726,Cash,2024,4,April,726
e669b9b6,2024-04-08 10:00:00,64dda7,Books,Lipstick,2,157,314,UPI,2024,4,April,314
d23dac78,2024-04-08 11:00:00,d8f0a4,Books,Sofa,2,440,880,Debit Card,2024,4,April,880
6031cf43,2024-04-08 12:00:00,4fcc8a,Electronics,Novel,1,64,64,Debit Card,2024,4,April,64
eb75c609,2024-04-08 13:00:00,14d85a,Beauty,Laptop,2,36,72,Debit Card,2024,4,April,72
e8153ac5,2024-04-08 14:00:00,628f76,Home Decor,Lipstick,1,51,51,Credit Card,2024,4,April,51
86bc90a8,2024-04-08 15:00:00,446290,Electronics,Laptop,1,394,394,Credit Card,2024,4,April,394
91286798,2024-04-08 16:00:00,41bc7a,Beauty,Sofa,2,196,392,Cash,2024,4,April,392
088d8dd8,2024-04-08 17:00:00,d3b955,Home Decor,Sofa,1,302,302,Credit Card,2024,4,April,302
7e52a1e5,2024-04-08 18:00:00,9b8cee,Books,Novel,4,415,1660,Cash,2024,4,April,1660
882c85bf,2024-04-08 19:00:00,9ea783,Beauty,T-Shirt,1,333,333,Cash,2024,4,April,333
f153223b,2024-04-08 20:00:00,647657,Books,Sofa,3,291,873,Credit Card,2024,4,April,873
f438412c,2024-04-08 21:00:00,b48490,Books,Laptop,1,65,65,Debit Card,2024,4,April,65
32aafd4f,2024-04-08 22:00:00,10ce2b,Electronics,Sofa,1,418,418,Credit Card,2024,4,April,418
41177211,2024-04-08 23:00:00,39e917,Beauty,Laptop,2,314,628,UPI,2024,4,April,628
3a2efc16,2024-04-09 00:00:00,e2d32e,Home Decor,T-Shirt,2,329,658,Cash,2024,4,April,658
237e93b9,2024-04-09 01:00:00,bea91a,Home Decor,Lipstick,3,286,858,UPI,2024,4,April,858
57935f34,2024-04-09 02:00:00,006294,Home Decor,Sofa,4,329,1316,UPI,2024,4,April,1316
9d0fb8e0,2024-04-09 03:00:00,40987f,Beauty,Laptop,4,11,44,Cash,2024,4,April,44
b417b982,2024-04-09 04:00:00,e948d6,Books,Lipstick,4,164,656,Debit Card,2024,4,April,656
72dba9e1,2024-04-09 05:00:00,d8b630,Clothing,Novel,1,403,403,Credit Card,2024,4,April,403
350cc352,2024-04-09 06:00:00,cb1b4b,Electronics,Novel,4,61,244,Cash,2024,4,April,244
0519b8b3,2024-04-09 07:00:00,b5b7da,Electronics,Novel,3,451,1353,Credit Card,2024,4,April,1353
e898eafd,2024-04-09 08:00:00,a82434,Home Decor,Laptop,4,493,1972,Debit Card,2024,4,April,1972
c0e041c8,2024-04-09 09:00:00,fa3119,Books,T-Shirt,2,478,956,Debit Card,2024,4,April,956
8a023a27,2024-04-09 10:00:00,5802d9,Home Decor,Laptop,2,158,316,Credit Card,2024,4,April,316
af0ed1de,2024-04-09 11:00:00,065958,Books,Lipstick,2,221,442,Cash,2024,4,April,442
4ec3129b,2024-04-09 12:00:00,8af74d,Beauty,T-Shirt,1,469,469,UPI,2024,4,April,469
69becdc1,2024-04-09 13:00:00,3fe6f2,Beauty,T-Shirt,3,219,657,Credit Card,2024,4,April,657
47ef76aa,2024-04-09 14:00:00,73d905,Books,Laptop,4,114,456,Debit Card,2024,4,April,456
460fa0dd,2024-04-09 15:00:00,1ae409,Books,Novel,1,102,102,UPI,2024,4,April,102
1b2753dc,2024-04-09 16:00:00,6ce74b,Beauty,T-Shirt,2,113,226,UPI,2024,4,April,226
cbf51442,2024-04-09 17:00:00,ca7942,Electronics,T-Shirt,2,40,80,Debit Card,2024,4,April,80
a9f81894,2024-04-09 18:00:00,2540a6,Clothing,Sofa,1,189,189,UPI,2024,4,April,189
f4cdf6ce,2024-04-09 19:00:00,48ca82,Beauty,Laptop,4,267,1068,Cash,2024,4,April,1068
69492875,2024-04-09 20:00:00,464392,Home Decor,Lipstick,3,301,903,UPI,2024,4,April,903
aece4549,2024-04-09 21:00:00,1e8504,Beauty,Lipstick,3,102,306,Credit Card,2024,4,April,306
01b52d9f,2024-04-09 22:00:00,2a7cd7,Books,Lipstick,2,313,626,Cash,2024,4,April,626
5fdfbf0f,2024-04-09 23:00:00,9f5132,Books,Novel,3,469,1407,UPI,2024,4,April,1407
db61baf5,2024-04-10 00:00:00,328221,Electronics,Novel,2,83,166,Debit Card,2024,4,April,166
75745033,2024-04-10 01:00:00,464c90,Clothing,Novel,2,406,812,Cash,2024,4,April,812
59619b28,2024-04-10 02:00:00,70c078,Beauty,Lipstick,3,116,348,Debit Card,2024,4,April,348
fb357639,2024-04-10 03:00:00,a769ab,Clothing,Novel,4,74,296,Debit Card,2024,4,April,296
21ff9112,2024-04-10 04:00:00,686e35,Books,Sofa,3,362,1086,Debit Card,2024,4,April,1086
96c513f3,2024-04-10 05:00:00,39e917,Electronics,T-Shirt,1,77,77,Cash,2024,4,April,77
4b01b34d,2024-04-10 06:00:00,bf128f,Clothing,Laptop,4,67,268,Debit Card,2024,4,April,268
63244b0d,2024-04-10 07:00:00,3e1b48,Books,Laptop,1,473,473,UPI,2024,4,April,473
5e20fced,2024-04-10 08:00:00,1e903c,Electronics,T-Shirt,4,420,1680,Debit Card,2024,4,April,1680
c5c3f10b,2024-04-10 09:00:00,064624,Books,Laptop,4,202,808,Cash,2024,4,April,808
c2693692,2024-04-10 10:00:00,51f9e6,Beauty,Sofa,4,163,652,Credit Card,2024,4,April,652
0205e265,2024-04-10 11:00:00,66acf0,Electronics,Novel,2,70,140,UPI,2024,4,April,140
66da7a52,2024-04-10 12:00:00,3125a6,Clothing,T-Shirt,3,426,1278,UPI,2024,4,April,1278
ea83f60b,2024-04-10 13:00:00,0fb4bf,Electronics,Sofa,4,363,1452,Cash,2024,4,April,1452
78d9e478,2024-04-10 14:00:00,5f7b2e,Clothing,Laptop,2,412,824,Debit Card,2024,4,April,824
f5572588,2024-04-10 15:00:00,092c22,Electronics,T-Shirt,4,442,1768,Cash,2024,4,April,1768
6b41ff72,2024-04-10 16:00:00,fd1cfb,Electronics,Novel,1,233,233,UPI,2024,4,April,233
4dd3ae2d,2024-04-10 17:00:00,9f5492,Beauty,Laptop,3,168,504,Cash,2024,4,April,504
259470cd,2024-04-10 18:00:00,605ac5,Books,Sofa,1,239,239,UPI,2024,4,April,239
be1786e5,2024-04-10 19:00:00,8b77b6,Beauty,Lipstick,3,198,594,UPI,2024,4,April,594
d221d65e,2024-04-10 20:00:00,2e6228,Electronics,Lipstick,4,313,1252,Cash,2024,4,April,1252
4f8b6e44,2024-04-10 21:00:00,fe2f1d,Electronics,Novel,4,260,1040,Cash,2024,4,April,1040
b60cefaa,2024-04-10 22:00:00,d19cca,Clothing,Laptop,4,387,1548,Cash,2024,4,April,1548
0d8e6309,2024-04-10 23:00:00,4b117d,Clothing,Lipstick,1,385,385,UPI,2024,4,April,385
df61d63c,2024-04-11 00:00:00,4e8d63,Books,T-Shirt,1,451,451,Credit Card,2024,4,April,451
aa953bd5,2024-04-11 01:00:00,f92445,Electronics,Laptop,2,492,984,Cash,2024,4,April,984
f96ddf05,2024-04-11 02:00:00,00c7a0,Beauty,Laptop,4,335,1340,UPI,2024,4,April,1340
3054957e,2024-04-11 03:00:00,389383,Home Decor,Laptop,4,300,1200,Credit Card,2024,4,April,1200
864ad0a9,2024-04-11 04:00:00,7e5624,Beauty,T-Shirt,3,332,996,Debit Card,2024,4,April,996
67ef388d,2024-04-11 05:00:00,af8a35,Electronics,Laptop,2,76,152,Debit Card,2024,4,April,152
3a6f4d80,2024-04-11 06:00:00,1efff5,Electronics,Laptop,3,358,1074,UPI,2024,4,April,1074
c0b294e7,2024-04-11 07:00:00,a47bab,Books,Novel,4,118,472,Debit Card,2024,4,April,472
570aa4a9,2024-04-11 08:00:00,deabb3,Beauty,Sofa,2,402,804,UPI,2024,4,April,804
319be8da,2024-04-11 09:00:00,00c7a0,Beauty,Sofa,4,33,132,UPI,2024,4,April,132
e3067fa7,2024-04-11 10:00:00,d94e1a,Books,Novel,2,186,372,Cash,2024,4,April,372
babef63d,2024-04-11 11:00:00,56b912,Beauty,Novel,4,148,592,Credit Card,2024,4,April,592
abad932d,2024-04-11 12:00:00,13dcc8,Clothing,T-Shirt,4,287,1148,Credit Card,2024,4,April,1148
b8ab69e3,2024-04-11 13:00:00,a2a17c,Clothing,Sofa,1,167,167,Debit Card,2024,4,April,167
6511e5d5,2024-04-11 14:00:00,26c89a,Beauty,Laptop,3,15,45,Cash,2024,4,April,45
a3b9d697,2024-04-11 15:00:00,065958,Books,Sofa,3,287,861,Credit Card,2024,4,April,861
810fb04d,2024-04-11 16:00:00,550b13,Home Decor,T-Shirt,3,353,1059,UPI,2024,4,April,1059
f9cd8782,2024-04-11 17:00:00,2a7cd7,Home Decor,Laptop,4,394,1576,Cash,2024,4,April,1576
5893e74d,2024-04-11 18:00:00,7064f8,Electronics,T-Shirt,1,271,271,Credit Card,2024,4,April,271
338883d7,2024-04-11 19:00:00,c0b07d,Clothing,Novel,1,313,313,Cash,2024,4,April,313
af558553,2024-04-11 20:00:00,6e6bc3,Electronics,Sofa,3,450,1350,UPI,2024,4,April,1350
0087c207,2024-04-11 21:00:00,62a73d,Home Decor,Lipstick,4,370,1480,Debit Card,2024,4,April,1480
e68c30cd,2024-04-11 22:00:00,1be281,Electronics,Novel,2,498,996,Cash,2024,4,April,996
208fe4c2,2024-04-11 23:00:00,a7156f,Beauty,Novel,2,251,502,Debit Card,2024,4,April,502
19aaf95e,2024-04-12 00:00:00,a12651,Home Decor,Sofa,4,446,1784,UPI,2024,4,April,1784
2c998e28,2024-04-12 01:00:00,20f79d,Clothing,Lipstick,1,398,398,Cash,2024,4,April,398
20639c01,2024-04-12 02:00:00,e32768,Beauty,Lipstick,3,376,1128,Debit Card,2024,4,April,1128
efd630e7,2024-04-12 03:00:00,e5e89c,Home Decor,Lipstick,2,32,64,Cash,2024,4,April,64
10069074,2024-04-12 04:00:00,991cf9,Beauty,Novel,3,82,246,Credit Card,2024,4,April,246
41a95228,2024-04-12 05:00:00,6d82aa,Beauty,Novel,1,207,207,Debit Card,2024,4,April,207
96d213c4,2024-04-12 06:00:00,ea5046,Electronics,Sofa,1,123,123,Debit Card,2024,4,April,123
bba138ac,2024-04-12 07:00:00,b0f232,Books,Lipstick,1,52,52,UPI,2024,4,April,52
24e8b1a4,2024-04-12 08:00:00,d17cfd,Home Decor,Sofa,4,213,852,UPI,2024,4,April,852
09293c36,2024-04-12 09:00:00,14d85a,Beauty,Laptop,1,240,240,Cash,2024,4,April,240
1eab7a2e,2024-04-12 10:00:00,15ba0d,Clothing,Sofa,4,444,1776,UPI,2024,4,April,1776
21cfcc97,2024-04-12 11:00:00,4f01a0,Clothing,T-Shirt,1,171,171,UPI,2024,4,April,171
1e3f1062,2024-04-12 12:00:00,452346,Home Decor,Lipstick,3,190,570,UPI,2024,4,April,570
3e375627,2024-04-12 13:00:00,158a7f,Beauty,Sofa,3,454,1362,UPI,2024,4,April,1362
0f37f9c9,2024-04-12 14:00:00,ca7942,Beauty,Lipstick,1,68,68,UPI,2024,4,April,68
f850c2f1,2024-04-12 15:00:00,45811b,Home Decor,T-Shirt,4,361,1444,Debit Card,2024,4,April,1444
32c39a42,2024-04-12 16:00:00,dc88ae,Books,Laptop,1,399,399,Debit Card,2024,4,April,399
313b83c8,2024-04-12 17:00:00,181bb0,Books,Sofa,3,411,1233,UPI,2024,4,April,1233
d1673714,2024-04-12 18:00:00,6a2856,Books,Sofa,1,115,115,Cash,2024,4,April,115
e1e8cec3,2024-04-12 19:00:00,f0a89d,Home Decor,T-Shirt,3,219,657,Debit Card,2024,4,April,657
112904b5,2024-04-12 20:00:00,d10352,Books,T-Shirt,3,33,99,UPI,2024,4,April,99
d7c98e2b,2024-04-12 21:00:00,5f5fb5,Home Decor,Laptop,3,189,567,Cash,2024,4,April,567
c0e237d4,2024-04-12 22:00:00,4b5844,Beauty,Lipstick,4,362,1448,Credit Card,2024,4,April,1448
11480a71,2024-04-12 23:00:00,fa6447,Books,T-Shirt,1,305,305,Debit Card,2024,4,April,305
c9912b52,2024-04-13 00:00:00,122a5c,Electronics,Laptop,3,20,60,UPI,2024,4,April,60
d2555cd1,2024-04-13 01:00:00,9d4cce,Beauty,Sofa,2,196,392,Credit Card,2024,4,April,392
a6301254,2024-04-13 02:00:00,bd36a2,Books,Sofa,4,358,1432,Debit Card,2024,4,April,1432
765fc291,2024-04-13 03:00:00,647657,Clothing,Novel,4,187,748,Debit Card,2024,4,April,748
9d4b2619,2024-04-13 04:00:00,3c6a35,Books,T-Shirt,1,456,456,Cash,2024,4,April,456
cbcd7045,2024-04-13 05:00:00,f4a7dd,Beauty,Sofa,4,395,1580,Debit Card,2024,4,April,1580
0e32a1e8,2024-04-13 06:00:00,4b3ab7,Electronics,Lipstick,4,232,928,Cash,2024,4,April,928
0c71ec55,2024-04-13 07:00:00,ba6084,Books,Laptop,2,293,586,Credit Card,2024,4,April,586
302dfcd4,2024-04-13 08:00:00,452506,Electronics,Lipstick,4,200,800,Credit Card,2024,4,April,800
56aaafe7,2024-04-13 09:00:00,8e6541,Home Decor,T-Shirt,4,178,712,Credit Card,2024,4,April,712
30c44352,2024-04-13 10:00:00,59fe4a,Electronics,Laptop,3,471,1413,Credit Card,2024,4,April,1413
4cad6e17,2024-04-13 11:00:00,6f742e,Home Decor,Lipstick,4,68,272,UPI,2024,4,April,272
985f3ac2,2024-04-13 12:00:00,51d319,Books,Lipstick,2,28,56,Cash,2024,4,April,56
06fe12a2,2024-04-13 13:00:00,6d2563,Home Decor,Novel,3,99,297,Cash,2024,4,April,297
ea641f28,2024-04-13 14:00:00,532e11,Home Decor,Lipstick,4,269,1076,Debit Card,2024,4,April,1076
928f921f,2024-04-13 15:00:00,46bd28,Home Decor,Sofa,4,378,1512,Credit Card,2024,4,April,1512
320f8159,2024-04-13 16:00:00,13dcc8,Electronics,Sofa,4,186,744,UPI,2024,4,April,744
cd6e15ff,2024-04-13 17:00:00,e93673,Books,Laptop,3,392,1176,Debit Card,2024,4,April,1176
52fcb326,2024-04-13 18:00:00,001faa,Electronics,Laptop,3,100,300,UPI,2024,4,April,300
a1220a67,2024-04-13 19:00:00,2a7cd7,Home Decor,Sofa,2,349,698,Cash,2024,4,April,698
ac62e0fc,2024-04-13 20:00:00,afe135,Books,Novel,1,14,14,Credit Card,2024,4,April,14
6efbc1ac,2024-04-13 21:00:00,6f4024,Books,Laptop,4,477,1908,Cash,2024,4,April,1908
f9a2cbc5,2024-04-13 22:00:00,37c8ce,Beauty,Laptop,3,481,1443,UPI,2024,4,April,1443
c72c5b68,2024-04-13 23:00:00,e7a15f,Beauty,Novel,1,341,341,Credit Card,2024,4,April,341
3f35f5e3,2024-04-14 00:00:00,689804,Electronics,Sofa,1,108,108,Debit Card,2024,4,April,108
a9b29a34,2024-04-14 01:00:00,e1b97f,Clothing,Novel,2,194,388,Credit Card,2024,4,April,388
4688a984,2024-04-14 02:00:00,1d7a65,Beauty,Lipstick,1,56,56,Debit Card,2024,4,April,56
a5e486d3,2024-04-14 03:00:00,c5df74,Beauty,Laptop,4,445,1780,Credit Card,2024,4,April,1780
3b3ba4da,2024-02-06 12:28:30,98c017,Electronics,Novel,5,73,365,Debit Card,2024,2,February,365
e4b11b8d,2024-04-11 13:46:02,98c017,Beauty,T-Shirt,4,258,1032,Cash,2024,4,April,1032
843274f8,2024-01-15 19:27:47,98c017,Clothing,Sofa,5,485,2425,Cash,2024,1,January,2425
0026745b,2024-02-21 23:48:32,ea5024,Clothing,Laptop,3,452,1356,Debit Card,2024,2,February,1356
ec6397db,2024-04-03 17:06:37,ea5024,Clothing,Sofa,4,399,1596,Debit Card,2024,4,April,1596
377df485,2024-02-24 00:07:45,8739c9,Beauty,Lipstick,3,124,372,UPI,2024,2,February,372
5d3cd8ef,2024-03-09 20:07:55,8739c9,Beauty,T-Shirt,4,246,984,Debit Card,2024,3,March,984
82ee52f1,2024-03-21 20:49:10,8739c9,Books,T-Shirt,3,372,1116,UPI,2024,3,March,1116
b9d3639c,2024-02-07 20:43:58,2f397f,Home Decor,Laptop,1,91,91,UPI,2024,2,February,91
085c659e,2024-03-14 16:32:15,2f397f,Books,Novel,4,79,316,Debit Card,2024,3,March,316
4215a948,2024-01-08 01:41:07,2f397f,Electronics,Sofa,5,397,1985,Debit Card,2024,1,January,1985
ce62627e,2024-02-20 21:34:53,e21595,Clothing,Lipstick,4,53,212,Debit Card,2024,2,February,212
121c1059,2024-03-26 17:35:37,e21595,Beauty,T-Shirt,4,61,244,Debit Card,2024,3,March,244
c030fb5e,2024-01-26 02:43:50,e21595,Books,Novel,1,88,88,UPI,2024,1,January,88
28132cbe,2024-02-06 17:04:50,e11cbc,Electronics,Novel,1,379,379,Debit Card,2024,2,February,379
6672962c,2024-01-14 22:08:41,e11cbc,Electronics,T-Shirt,4,334,1336,UPI,2024,1,January,1336
5253ee27,2024-01-12 01:58:07,bafce5,Beauty,Novel,2,288,576,Debit Card,2024,1,January,576
32e82be3,2024-04-05 04:38:39,bafce5,Books,Sofa,1,61,61,Cash,2024,4,April,61
a44d1948,2024-02-13 12:11:57,a4de02,Beauty,Sofa,3,421,1263,Debit Card,2024,2,February,1263
7c372e17,2024-03-19 09:57:51,a4de02,Clothing,T-Shirt,3,234,702,Credit Card,2024,3,March,702
d649cfa6,2024-04-07 18:57:24,a4de02,Books,Lipstick,1,139,139,Cash,2024,4,April,139
498a1f6f,2024-03-14 01:31:07,f85bc2,Clothing,Lipstick,3,237,711,Credit Card,2024,3,March,711
90ab1d6d,2024-02-11 22:45:40,f85bc2,Home Decor,T-Shirt,3,301,903,UPI,2024,2,February,903
f21ad94c,2024-04-01 00:32:14,631a95,Beauty,Lipstick,1,381,381,Credit Card,2024,4,April,381
526c09a4,2024-01-26 16:06:37,631a95,Clothing,Sofa,2,314,628,Cash,2024,1,January,628
354e1990,2024-02-06 20:07:32,110ef6,Beauty,Sofa,1,176,176,Credit Card,2024,2,February,176
0dff0b8b,2024-03-26 18:01:48,110ef6,Electronics,Laptop,3,325,975,Debit Card,2024,3,March,975
9378034e,2024-03-29 01:25:54,b6893f,Clothing,Sofa,2,441,882,Cash,2024,3,March,882
4db306a2,2024-02-01 05:50:32,b6893f,Beauty,Sofa,1,447,447,Credit Card,2024,2,February,447
851605f9,2024-03-29 23:42:20,acd031,Home Decor,Sofa,3,153,459,Debit Card,2024,3,March,459
f54faf0d,2024-01-10 02:12:45,acd031,Electronics,Sofa,4,77,308,Credit Card,2024,1,January,308
c6f92b8c,2024-04-11 23:25:24,acd031,Beauty,Novel,4,268,1072,Debit Card,2024,4,April,1072
d9ac9d63,2024-04-05 02:27:41,cf5388,Electronics,Sofa,2,460,920,Cash,2024,4,April,920
8bfbd474,2024-01-17 21:08:17,cf5388,Electronics,T-Shirt,1,84,84,Cash,2024,1,January,84
d49b44e8,2024-01-02 03:47:03,cf5388,Clothing,Sofa,2,109,218,Debit Card,2024,1,January,218
8788600a,2024-01-02 13:58:15,3c694f,Electronics,Novel,4,157,628,Debit Card,2024,1,January,628
71fa7ec4,2024-03-05 13:21:55,3c694f,Home Decor,Lipstick,3,401,1203,UPI,2024,3,March,1203
65e3ebf7,2024-02-06 12:21:30,995c47,Books,Novel,3,363,1089,Debit Card,2024,2,February,1089
c24829db,2024-01-18 23:48:45,995c47,Electronics,Novel,4,337,1348,Credit Card,2024,1,January,1348
a317ab0e,2024-01-04 01:42:27,995c47,Home Decor,Novel,3,420,1260,UPI,2024,1,January,1260
4719363c,2024-03-06 07:14:30,5fa418,Books,Novel,3,361,1083,Cash,2024,3,March,1083
fc01e3b0,2024-03-07 22:48:24,5fa418,Electronics,Laptop,4,164,656,Cash,2024,3,March,656
76aeb9c6,2024-04-02 11:34:03,5fa418,Electronics,T-Shirt,5,228,1140,UPI,2024,4,April,1140
cffbb34b,2024-01-19 05:07:57,3dd337,Books,Novel,4,359,1436,Cash,2024,1,January,1436
54c186e2,2024-01-31 04:47:28,3dd337,Home Decor,Lipstick,1,78,78,UPI,2024,1,January,78
157819d2,2024-04-03 23:55:56,3dd337,Beauty,Novel,3,375,1125,Cash,2024,4,April,1125
2755f288,2024-02-08 23:36:22,0f1d91,Books,Novel,2,122,244,Credit Card,2024,2,February,244
2e2bc639,2024-03-19 16:29:54,0f1d91,Electronics,Novel,1,397,397,Cash,2024,3,March,397
499adc3d,2024-02-26 13:01:12,e5c3ec,Beauty,Novel,4,203,812,Credit Card,2024,2,February,812
94c6a8bd,2024-03-04 10:56:38,e5c3ec,Books,Lipstick,2,319,638,UPI,2024,3,March,638
bdeb1b5c,2024-01-05 03:20:56,63ba0e,Clothing,Novel,1,259,259,Credit Card,2024,1,January,259
f62335d8,2024-04-13 18:54:35,63ba0e,Clothing,T-Shirt,3,346,1038,UPI,2024,4,April,1038
b8365934,2024-04-06 02:25:06,63ba0e,Beauty,Sofa,5,165,825,UPI,2024,4,April,825
424e6fe3,2024-01-15 19:45:18,02164a,Beauty,Lipstick,4,406,1624,UPI,2024,1,January,1624
a1171c9b,2024-02-16 17:30:36,02164a,Electronics,Sofa,4,169,676,Debit Card,2024,2,February,676
a8645952,2024-04-09 13:34:23,02164a,Clothing,Sofa,2,75,150,Debit Card,2024,4,April,150
ab68c11f,2024-01-31 04:35:05,2ef2e9,Beauty,Novel,2,500,1000,Debit Card,2024,1,January,1000
120b9f9b,2024-01-10 21:11:36,2ef2e9,Beauty,T-Shirt,1,421,421,Cash,2024,1,January,421
d649e3af,2024-03-26 07:15:08,2ef2e9,Beauty,Sofa,4,372,1488,Debit Card,2024,3,March,1488
4a893259,2024-03-22 23:24:18,887443,Electronics,Novel,1,252,252,Debit Card,2024,3,March,252
baa61733,2024-01-19 12:06:44,887443,Books,Novel,1,272,272,Debit Card,2024,1,January,272
56146fed,2024-03-10 01:57:07,4b0d6a,Beauty,Lipstick,1,487,487,Debit Card,2024,3,March,487
b1fa1ef9,2024-03-21 01:55:44,4b0d6a,Clothing,Lipstick,5,125,625,UPI,2024,3,March,625
73c2cc39,2024-01-04 00:45:57,4b0d6a,Books,Laptop,1,260,260,Credit Card,2024,1,January,260
fc752c15,2024-03-16 10:46:53,00eab1,Clothing,Laptop,2,250,500,UPI,2024,3,March,500
d450f6c4,2024-02-25 12:27:25,00eab1,Home Decor,Sofa,5,264,1320,Credit Card,2024,2,February,1320
8003b465,2024-01-31 12:00:58,00eab1,Electronics,T-Shirt,1,69,69,UPI,2024,1,January,69
c2eb8397,2024-02-14 04:07:40,48a7b4,Clothing,Lipstick,4,121,484,Credit Card,2024,2,February,484
1f106080,2024-04-07 13:09:42,48a7b4,Beauty,Lipstick,2,321,642,Credit Card,2024,4,April,642
982c518e,2024-01-17 21:20:35,48a7b4,Books,Novel,4,188,752,Cash,2024,1,January,752
45c9cb7a,2024-01-07 18:05:28,9bcca4,Clothing,Sofa,4,196,784,Debit Card,2024,1,January,784
8987b4fc,2024-03-31 11:22:12,9bcca4,Electronics,Novel,5,377,1885,Credit Card,2024,3,March,1885
d2498065,2024-01-30 18:50:25,34c489,Clothing,T-Shirt,2,133,266,Debit Card,2024,1,January,266
8da53498,2024-03-13 10:41:48,34c489,Beauty,Sofa,2,238,476,Cash,2024,3,March,476
68e075c6,2024-01-17 20:25:11,da598a,Clothing,Sofa,3,151,453,Debit Card,2024,1,January,453
8a6a3037,2024-02-22 05:00:39,da598a,Electronics,Lipstick,1,295,295,Debit Card,2024,2,February,295
26c20fd6,2024-01-13 08:09:09,da598a,Books,Laptop,4,151,604,Debit Card,2024,1,January,604
285a5303,2024-04-10 02:04:21,fe00ab,Electronics,T-Shirt,5,393,1965,UPI,2024,4,April,1965
0b440614,2024-02-26 14:44:27,fe00ab,Clothing,Novel,3,487,1461,Cash,2024,2,February,1461
f77a8497,2024-03-30 21:01:03,cd76b8,Electronics,Laptop,2,355,710,Credit Card,2024,3,March,710
100086a7,2024-03-07 13:53:38,cd76b8,Clothing,Sofa,4,465,1860,Debit Card,2024,3,March,1860
ff1b3e23,2024-03-14 22:38:30,cd76b8,Beauty,Novel,2,401,802,UPI,2024,3,March,802
7cf659c8,2024-01-18 07:38:32,057d26,Beauty,Laptop,3,297,891,UPI,2024,1,January,891
6f322ab0,2024-03-08 12:13:46,057d26,Electronics,T-Shirt,4,62,248,Cash,2024,3,March,248
9c2f0452,2024-01-14 17:48:00,057d26,Clothing,T-Shirt,5,127,635,Debit Card,2024,1,January,635
c6f29a76,2024-02-26 00:30:06,66db05,Electronics,Novel,4,275,1100,UPI,2024,2,February,1100
26c02a91,2024-03-15 16:31:48,66db05,Beauty,Lipstick,1,166,166,Cash,2024,3,March,166
7081dffa,2024-04-02 23:18:20,7512bb,Clothing,Lipstick,5,472,2360,Debit Card,2024,4,April,2360
a842f2f1,2024-02-20 09:59:37,7512bb,Beauty,Novel,3,406,1218,Credit Card,2024,2,February,1218
4ac025c2,2024-02-19 03:17:53,d1646b,Home Decor,T-Shirt,3,177,531,Debit Card,2024,2,February,531
19e99af0,2024-03-22 23:13:56,d1646b,Clothing,Sofa,2,176,352,Credit Card,2024,3,March,352
f156b152,2024-03-02 20:29:05,d1646b,Home Decor,Novel,3,70,210,Credit Card,2024,3,March,210
063c9432,2024-01-22 07:51:50,01e50d,Electronics,T-Shirt,2,439,878,Cash,2024,1,January,878
5828346b,2024-02-27 08:26:53,01e50d,Home Decor,Sofa,2,89,178,Cash,2024,2,February,178
55cdfa90,2024-03-29 04:56:58,01e50d,Beauty,T-Shirt,4,69,276,Cash,2024,3,March,276
4610a9a5,2024-01-15 23:15:28,74127e,Beauty,Laptop,2,491,982,Debit Card,2024,1,January,982
8661b945,2024-01-10 15:18:27,74127e,Books,Sofa,4,140,560,UPI,2024,1,January,560
c01d45b6,2024-04-05 16:10:16,f51987,Books,T-Shirt,5,175,875,Cash,2024,4,April,875
fcea1956,2024-03-07 20:54:41,f51987,Beauty,Novel,3,321,963,UPI,2024,3,March,963
19fb1dd8,2024-02-05 12:00:17,f51987,Electronics,Lipstick,1,486,486,Credit Card,2024,2,February,486
552740a0,2024-04-12 21:04:04,c57065,Home Decor,Laptop,1,298,298,Cash,2024,4,April,298
8fcfd3b8,2024-03-05 10:34:04,c57065,Beauty,T-Shirt,4,64,256,UPI,2024,3,March,256
abd8be72,2024-03-26 03:55:18,c57065,Clothing,Sofa,2,109,218,Cash,2024,3,March,218
9e360fa5,2024-03-26 23:55:06,8aab90,Electronics,Laptop,2,299,598,Cash,2024,3,March,598
f34cb6aa,2024-02-22 14:43:09,8aab90,Home Decor,T-Shirt,5,408,2040,Credit Card,2024,2,February,2040
409c9ee9,2024-01-19 20:15:08,667393,Clothing,Sofa,5,428,2140,Cash,2024,1,January,2140
5c17f299,2024-01-24 16:24:06,667393,Electronics,Lipstick,4,151,604,Credit Card,2024,1,January,604
ffaaf52a,2024-03-06 02:39:47,81183e,Books,Laptop,1,269,269,UPI,2024,3,March,269
2f435570,2024-01-23 04:53:16,81183e,Books,Sofa,3,78,234,Credit Card,2024,1,January,234
10f69ace,2024-04-05 09:43:18,f378a4,Books,Lipstick,5,348,1740,UPI,2024,4,April,1740
cb8d7825,2024-02-11 14:24:55,f378a4,Electronics,Sofa,2,253,506,UPI,2024,2,February,506
3c864066,2024-02-04 21:37:59,8f4bf4,Books,Laptop,3,256,768,UPI,2024,2,February,768
f9eaa726,2024-01-07 18:43:45,8f4bf4,Electronics,Novel,2,264,528,Debit Card,2024,1,January,528
2311769f,2024-04-12 06:17:06,8f4bf4,Books,Laptop,3,401,1203,Cash,2024,4,April,1203
7abb3f59,2024-03-16 01:55:24,08107d,Books,Novel,5,284,1420,Debit Card,2024,3,March,1420
2d4f72ca,2024-03-29 10:12:40,08107d,Home Decor,Laptop,4,406,1624,Cash,2024,3,March,1624
2d0495ae,2024-04-13 12:13:38,005735,Home Decor,Laptop,5,269,1345,Cash,2024,4,April,1345
bcc27097,2024-01-01 19:16:25,005735,Beauty,Lipstick,3,191,573,UPI,2024,1,January,573
2d4c9234,2024-03-11 15:06:41,e5faed,Electronics,Laptop,4,250,1000,UPI,2024,3,March,1000
5b941ff0,2024-01-11 13:06:30,e5faed,Electronics,T-Shirt,2,478,956,Debit Card,2024,1,January,956
d08c8cbf,2024-03-05 01:42:37,e5faed,Electronics,Laptop,3,442,1326,Debit Card,2024,3,March,1326
ab4e39af,2024-03-26 02:29:03,1280be,Electronics,Lipstick,4,78,312,Debit Card,2024,3,March,312
37fe4646,2024-03-18 03:26:35,1280be,Beauty,Laptop,5,314,1570,Debit Card,2024,3,March,1570
cda78232,2024-03-05 12:53:34,2190c2,Clothing,Laptop,4,206,824,Debit Card,2024,3,March,824
4b4e12a6,2024-01-27 05:08:23,2190c2,Electronics,Laptop,3,357,1071,Credit Card,2024,1,January,1071
52fdb9cf,2024-04-09 01:38:41,f977b5,Beauty,Novel,5,209,1045,Credit Card,2024,4,April,1045
45034ff8,2024-01-06 05:21:07,f977b5,Electronics,Laptop,2,265,530,Debit Card,2024,1,January,530
617a33af,2024-03-20 18:35:41,f977b5,Books,T-Shirt,2,326,652,UPI,2024,3,March,652
2200dda6,2024-04-06 13:25:30,84b0db,Books,Novel,5,301,1505,UPI,2024,4,April,1505
c6887c4c,2024-03-08 11:00:38,84b0db,Books,Sofa,5,287,1435,UPI,2024,3,March,1435
10693dff,2024-01-12 16:26:23,84b0db,Books,Novel,2,335,670,Credit Card,2024,1,January,670
ea03bc9e,2024-01-04 03:35:11,22d979,Clothing,Novel,1,81,81,Debit Card,2024,1,January,81
988c380b,2024-03-19 02:24:37,22d979,Home Decor,Novel,5,54,270,Cash,2024,3,March,270
0d56a966,2024-01-24 13:51:00,6cd596,Books,Laptop,1,100,100,Cash,2024,1,January,100
9d8cbdae,2024-01-17 11:20:49,6cd596,Clothing,T-Shirt,5,215,1075,Cash,2024,1,January,1075
6144605a,2024-01-12 23:07:47,52320c,Books,Lipstick,2,424,848,UPI,2024,1,January,848
14085d79,2024-03-04 21:05:26,52320c,Home Decor,T-Shirt,3,451,1353,Debit Card,2024,3,March,1353
4c741377,2024-03-10 04:50:49,5f286e,Books,Lipstick,5,258,1290,Credit Card,2024,3,March,1290
6db0b7f4,2024-02-12 07:09:12,5f286e,Clothing,T-Shirt,2,356,712,Debit Card,2024,2,February,712
5af7136b,2024-03-15 03:58:29,5f286e,Clothing,Novel,4,477,1908,Credit Card,2024,3,March,1908
ea4380b0,2024-01-31 19:33:21,8a6e45,Books,Laptop,4,256,1024,Debit Card,2024,1,January,1024
8cdbfa51,2024-03-25 01:14:31,8a6e45,Electronics,T-Shirt,1,99,99,Cash,2024,3,March,99
8540d601,2024-02-08 16:11:26,9121d5,Books,Novel,1,236,236,Debit Card,2024,2,February,236
640717ca,2024-01-07 19:29:01,9121d5,Electronics,Sofa,4,390,1560,Debit Card,2024,1,January,1560
2fb282ab,2024-01-14 05:47:30,917bf9,Home Decor,Lipstick,1,396,396,Cash,2024,1,January,396
2a6c9f2a,2024-03-29 12:52:52,917bf9,Home Decor,Sofa,2,73,146,Cash,2024,3,March,146
2bd44278,2024-02-26 16:36:24,ddbad0,Home Decor,Laptop,4,386,1544,Debit Card,2024,2,February,1544
72c1a5b1,2024-03-15 19:00:05,ddbad0,Beauty,Laptop,2,225,450,Cash,2024,3,March,450
26696093,2024-02-17 18:59:09,ddbad0,Home Decor,Lipstick,1,358,358,UPI,2024,2,February,358
a60b367d,2024-02-03 18:43:30,2e30b5,Clothing,Lipstick,4,110,440,Debit Card,2024,2,February,440
8b0672ae,2024-03-18 15:31:32,2e30b5,Beauty,Lipstick,4,326,1304,Debit Card,2024,3,March,1304
507ebac5,2024-02-01 23:49:58,2e30b5,Home Decor,Sofa,5,316,1580,UPI,2024,2,February,1580
0a942eea,2024-01-27 08:10:49,61d485,Clothing,Novel,2,224,448,Credit Card,2024,1,January,448
74811dd3,2024-03-24 09:56:38,61d485,Home Decor,Lipstick,1,424,424,UPI,2024,3,March,424
cc5a4e09,2024-01-28 03:27:09,243f7a,Electronics,Novel,1,460,460,UPI,2024,1,January,460
efc50466,2024-03-26 16:14:33,243f7a,Home Decor,Lipstick,3,230,690,Cash,2024,3,March,690
b0ef9b8f,2024-03-12 05:27:58,243f7a,Home Decor,Sofa,5,224,1120,Cash,2024,3,March,1120
814d96b2,2024-01-23 12:06:39,760701,Books,Laptop,1,207,207,Cash,2024,1,January,207
6ff12329,2024-01-31 12:31:36,760701,Electronics,Sofa,5,447,2235,Debit Card,2024,1,January,2235
46764120,2024-01-14 15:23:02,760701,Beauty,Laptop,1,183,183,Credit Card,2024,1,January,183
0335482d,2024-02-09 14:43:44,0fe502,Books,Lipstick,4,489,1956,Debit Card,2024,2,February,1956
43f6c8b6,2024-01-28 18:29:31,0fe502,Home Decor,T-Shirt,4,63,252,UPI,2024,1,January,252
59bac301,2024-01-01 15:37:51,0fe502,Home Decor,Lipstick,5,432,2160,Credit Card,2024,1,January,2160
f7576e1a,2024-04-11 07:57:02,87150e,Electronics,T-Shirt,5,272,1360,Cash,2024,4,April,1360
584a86a8,2024-02-14 17:43:40,87150e,Electronics,Lipstick,2,199,398,UPI,2024,2,February,398
e3984e4b,2024-03-26 16:26:35,87150e,Books,Sofa,1,213,213,Credit Card,2024,3,March,213
ea898cfc,2024-03-26 11:17:08,ff2606,Home Decor,Laptop,2,487,974,Cash,2024,3,March,974
30a37806,2024-01-03 01:48:56,ff2606,Books,Lipstick,5,438,2190,Debit Card,2024,1,January,2190
66a5ff20,2024-02-22 18:22:17,ff2606,Beauty,Novel,1,336,336,UPI,2024,2,February,336
a7c85c23,2024-01-10 19:09:16,dbc688,Clothing,Sofa,3,164,492,Credit Card,2024,1,January,492
47c6954c,2024-03-26 12:49:17,dbc688,Beauty,T-Shirt,1,247,247,Credit Card,2024,3,March,247
e8f6f90c,2024-03-17 09:12:45,dbc688,Home Decor,Lipstick,5,359,1795,Cash,2024,3,March,1795
370403bb,2024-01-24 13:38:53,eb72c0,Beauty,Laptop,2,363,726,UPI,2024,1,January,726
a5e53436,2024-01-31 10:55:44,eb72c0,Beauty,Sofa,2,396,792,Credit Card,2024,1,January,792
2be367ab,2024-04-06 05:18:18,eb72c0,Beauty,T-Shirt,3,339,1017,Credit Card,2024,4,April,1017
6bd27a19,2024-01-07 22:31:22,38bb13,Home Decor,Lipstick,3,335,1005,Cash,2024,1,January,1005
0191d776,2024-04-08 08:05:22,38bb13,Beauty,Novel,4,292,1168,Cash,2024,4,April,1168
ccaf82ec,2024-02-16 19:01:48,51b2ac,Beauty,Novel,4,351,1404,UPI,2024,2,February,1404
39975960,2024-03-10 17:03:21,51b2ac,Beauty,Novel,3,67,201,UPI,2024,3,March,201
55bf3af3,2024-02-03 05:13:39,51b2ac,Electronics,Novel,3,374,1122,UPI,2024,2,February,1122
0ef7d9e4,2024-01-11 09:15:09,605d62,Electronics,Laptop,3,243,729,Credit Card,2024,1,January,729
64a9efa0,2024-02-25 03:03:19,605d62,Home Decor,T-Shirt,4,126,504,UPI,2024,2,February,504
52039b44,2024-03-27 19:26:48,605d62,Electronics,Novel,1,299,299,Cash,2024,3,March,299
1fdf4188,2024-01-28 23:59:29,47c718,Electronics,T-Shirt,2,268,536,UPI,2024,1,January,536
3e7ddc5b,2024-01-11 18:38:34,47c718,Clothing,Lipstick,5,147,735,Credit Card,2024,1,January,735
db76cf96,2024-02-18 11:06:31,47c718,Electronics,T-Shirt,3,158,474,Credit Card,2024,2,February,474
b9607a4b,2024-03-31 05:22:00,74d3d7,Books,Laptop,1,279,279,Debit Card,2024,3,March,279
4a843302,2024-01-17 11:52:05,74d3d7,Home Decor,T-Shirt,1,133,133,Cash,2024,1,January,133
ca7a99fd,2024-03-24 11:22:17,74d3d7,Home Decor,T-Shirt,5,403,2015,Cash,2024,3,March,2015
d3b1de35,2024-04-05 19:04:17,54d4d0,Clothing,Laptop,5,472,2360,Credit Card,2024,4,April,2360
c132780c,2024-02-24 08:34:51,54d4d0,Beauty,Sofa,3,235,705,Cash,2024,2,February,705
b0c5143d,2024-02-05 13:19:54,54d4d0,Clothing,Laptop,4,272,1088,Cash,2024,2,February,1088
b9c978f7,2024-01-02 22:58:57,6d51c9,Clothing,T-Shirt,5,156,780,Cash,2024,1,January,780
92eba96c,2024-03-22 10:41:54,6d51c9,Clothing,T-Shirt,4,404,1616,Cash,2024,3,March,1616
6ceb74a0,2024-02-11 10:29:56,76b638,Electronics,T-Shirt,3,292,876,Debit Card,2024,2,February,876
aa061bff,2024-03-15 01:42:18,76b638,Electronics,Lipstick,3,458,1374,UPI,2024,3,March,1374
eda96fa4,2024-01-18 02:28:04,76b638,Electronics,Laptop,1,260,260,Credit Card,2024,1,January,260
57068398,2024-02-03 22:34:44,e0d8ef,Electronics,Novel,2,156,312,UPI,2024,2,February,312
5d95a0d6,2024-04-04 15:03:20,e0d8ef,Electronics,T-Shirt,5,231,1155,Credit Card,2024,4,April,1155
0e7302ea,2024-02-17 23:15:47,e0d8ef,Beauty,Novel,1,203,203,Debit Card,2024,2,February,203
9df927c6,2024-04-02 15:39:52,69e501,Electronics,Novel,2,206,412,Debit Card,2024,4,April,412
37845c95,2024-03-23 00:56:08,69e501,Books,Lipstick,4,379,1516,Debit Card,2024,3,March,1516
085bb6f4,2024-02-16 12:39:55,69e501,Clothing,T-Shirt,5,193,965,UPI,2024,2,February,965
30e9cd02,2024-03-21 05:31:31,8c9b40,Electronics,Sofa,4,389,1556,Credit Card,2024,3,March,1556
54613054,2024-01-27 13:17:32,8c9b40,Electronics,Novel,3,388,1164,Cash,2024,1,January,1164
